sig_date,ts_code,block_reason,wait_days,release_date,ind_return,ind_time_to_breakeven,natural_exit_before_release
2020-03-16,600030.SH,BLOCKED_K,21.0,2020-04-15,1.2152522266729695,19.0,1.0
2020-03-17,000063.SZ,BLOCKED_K,20.0,2020-04-15,3.2396956676295363,4.0,0.0
2020-03-17,002475.SZ,BLOCKED_K,20.0,2020-04-15,14.92275528149982,2.0,0.0
2020-03-17,000858.SZ,BLOCKED_K,20.0,2020-04-15,,,
2020-03-18,000063.SZ,BLOCKED_K,19.0,2020-04-15,,,
2020-03-18,600519.SH,BLOCKED_K,19.0,2020-04-15,39.54846152311298,0.0,0.0
2020-03-18,000002.SZ,BLOCKED_K,19.0,2020-04-15,4.681297620587952,4.0,0.0
2020-03-18,000858.SZ,BLOCKED_K,19.0,2020-04-15,,,
2020-03-19,600519.SH,BLOCKED_K,18.0,2020-04-15,,,
2020-03-19,000858.SZ,BLOCKED_K,18.0,2020-04-15,,,
2020-03-19,000651.SZ,BLOCKED_K,18.0,2020-04-15,,,
2020-03-19,600036.SH,BLOCKED_K,18.0,2020-04-15,,,
2020-03-26,002506.SZ,BLOCKED_K,13.0,2020-04-15,,,
2020-06-15,600703.SH,BLOCKED_K,3.0,2020-06-18,15.534542524394752,1.0,0.0
2020-09-09,300059.SZ,BLOCKED_K,17.0,2020-10-12,4.052671012057143,6.0,1.0
2020-09-10,300059.SZ,BLOCKED_K,16.0,2020-10-12,,,
2020-09-10,000063.SZ,BLOCKED_K,16.0,2020-10-12,,,
2020-09-16,000661.SZ,BLOCKED_K,12.0,2020-10-12,,,
2020-09-17,600276.SH,BLOCKED_K,11.0,2020-10-12,7.964121567403469,0.0,1.0
2020-09-28,000651.SZ,BLOCKED_K,4.0,2020-10-12,7.18749636223901,2.0,0.0
2020-09-30,600036.SH,BLOCKED_K,2.0,2020-10-12,8.189846606772502,1.0,0.0
2020-10-23,000661.SZ,BLOCKED_K,3.0,2020-10-28,,,
2020-10-26,600030.SH,BLOCKED_K,2.0,2020-10-28,5.218510332201447,1.0,0.0
2020-11-16,002475.SZ,BLOCKED_K,17.0,2020-12-09,4.922943424348968,0.0,0.0
2020-11-16,002241.SZ,BLOCKED_K,17.0,2020-12-09,2.7641560070263713,0.0,0.0
2020-11-17,002475.SZ,BLOCKED_K,16.0,2020-12-09,,,
2020-12-16,688981.SH,BLOCKED_K,3.0,2020-12-21,16.521188858697652,0.0,0.0
2021-01-29,002241.SZ,BLOCKED_K,14.0,2021-02-25,-2.3809753380773024,0.0,0.0
2021-02-03,600009.SH,BLOCKED_K,11.0,2021-02-25,-1.1354409255495683,0.0,0.0
2021-02-22,300059.SZ,BLOCKED_K,3.0,2021-02-25,-9.75617275607125,,0.0
2021-02-22,000333.SZ,BLOCKED_K,3.0,2021-02-25,1.124921971714471,0.0,0.0
2021-02-24,002594.SZ,BLOCKED_K,1.0,2021-02-25,16.160298578230066,,0.0
2021-02-25,002594.SZ,BLOCKED_K,33.0,2021-04-14,,,
2021-02-26,002594.SZ,BLOCKED_K,32.0,2021-04-14,,,
2021-03-01,600030.SH,BLOCKED_K,31.0,2021-04-14,-1.7719464410848904,,1.0
2021-03-04,601012.SH,BLOCKED_K,28.0,2021-04-14,2.8151228530517156,0.0,1.0
2021-03-05,600438.SH,BLOCKED_K,27.0,2021-04-14,-2.082117681436346,,0.0
2021-03-08,000858.SZ,BLOCKED_K,26.0,2021-04-14,16.23467230378328,0.0,1.0
2021-03-08,600438.SH,BLOCKED_K,26.0,2021-04-14,,,
2021-03-09,601012.SH,BLOCKED_K,25.0,2021-04-14,,,
2021-03-09,600031.SH,BLOCKED_K,25.0,2021-04-14,2.027751640672817,1.0,0.0
2021-03-18,601318.SH,BLOCKED_K,18.0,2021-04-14,-28.116081051784203,,0.0
2021-03-19,601318.SH,BLOCKED_K,17.0,2021-04-14,,,
2021-03-22,601318.SH,BLOCKED_K,16.0,2021-04-14,,,
2021-03-23,300014.SZ,BLOCKED_K,15.0,2021-04-14,,,
2021-03-24,601899.SH,BLOCKED_K,14.0,2021-04-14,13.67315267261283,0.0,0.0
2021-04-12,600031.SH,BLOCKED_K,2.0,2021-04-14,,,
2021-04-15,601318.SH,BLOCKED_K,2.0,2021-04-19,,,
2021-04-15,600276.SH,BLOCKED_K,2.0,2021-04-19,,,
2021-04-16,600276.SH,BLOCKED_K,1.0,2021-04-19,,,
2021-04-16,601318.SH,BLOCKED_K,1.0,2021-04-19,,,
2021-05-06,600519.SH,BLOCKED_K,4.0,2021-05-12,12.309433820124724,3.0,0.0
2021-05-06,601318.SH,BLOCKED_K,4.0,2021-05-12,,,
2021-05-07,600519.SH,BLOCKED_K,3.0,2021-05-12,,,
2021-05-10,600519.SH,BLOCKED_K,2.0,2021-05-12,,,
2021-05-11,600031.SH,BLOCKED_K,1.0,2021-05-12,,,
2021-05-24,002714.SZ,BLOCKED_K,6.0,2021-06-01,-18.715268930191936,0.0,0.0
2021-05-25,000651.SZ,BLOCKED_K,5.0,2021-06-01,,,
2021-06-15,601318.SH,BLOCKED_K,15.0,2021-07-06,,,
2021-06-21,000651.SZ,BLOCKED_K,11.0,2021-07-06,,,
2021-06-22,600519.SH,BLOCKED_K,10.0,2021-07-06,,,
2021-06-22,000651.SZ,BLOCKED_K,10.0,2021-07-06,,,
2021-06-23,600519.SH,BLOCKED_K,9.0,2021-07-06,,,
2021-07-05,000333.SZ,BLOCKED_K,1.0,2021-07-06,,,
2021-07-08,600036.SH,BLOCKED_K,7.0,2021-07-19,8.736132867824947,4.0,0.0
2021-07-13,300782.SZ,BLOCKED_K,4.0,2021-07-19,4.700284102162052,0.0,0.0
2021-07-16,002594.SZ,BLOCKED_K,1.0,2021-07-19,25.77910857036041,0.0,0.0
2021-07-23,601919.SH,BLOCKED_K,7.0,2021-08-03,21.9399821535198,0.0,0.0
2021-07-26,600519.SH,BLOCKED_K,6.0,2021-08-03,2.091334708861519,,0.0
2021-07-27,600519.SH,BLOCKED_K,5.0,2021-08-03,,,
2021-07-27,300750.SZ,BLOCKED_K,5.0,2021-08-03,8.626053858905106,0.0,0.0
2021-07-30,600519.SH,BLOCKED_K,2.0,2021-08-03,,,
2021-08-20,600519.SH,BLOCKED_K,6.0,2021-08-30,,,
2021-08-20,300760.SZ,BLOCKED_K,6.0,2021-08-30,,,
2021-09-29,002594.SZ,BLOCKED_K,13.0,2021-10-25,,,
2021-10-08,600089.SH,BLOCKED_K,11.0,2021-10-25,21.757208672823793,0.0,0.0
2021-11-01,000858.SZ,BLOCKED_K,6.0,2021-11-09,7.772649549904674,2.0,0.0
2021-11-02,601888.SH,BLOCKED_K,5.0,2021-11-09,7.8045788936873635,0.0,0.0
2021-11-02,000858.SZ,BLOCKED_K,5.0,2021-11-09,,,
2021-11-04,603259.SH,BLOCKED_K,3.0,2021-11-09,,,
2021-11-16,000625.SZ,BLOCKED_K,10.0,2021-11-30,-22.229994518631575,3.0,0.0
2021-11-26,600036.SH,BLOCKED_K,2.0,2021-11-30,7.780249533285357,2.0,0.0
2021-12-01,002129.SZ,BLOCKED_K,3.0,2021-12-06,7.212021342950852,7.0,0.0
2021-12-20,603259.SH,BLOCKED_K,45.0,2022-03-01,12.254494786218984,0.0,0.0
2021-12-20,002460.SZ,BLOCKED_K,45.0,2022-03-01,,,
2021-12-20,002466.SZ,BLOCKED_K,45.0,2022-03-01,1.837573601773871,0.0,1.0
2021-12-21,002466.SZ,BLOCKED_K,44.0,2022-03-01,,,
2021-12-21,300274.SZ,BLOCKED_K,44.0,2022-03-01,,,
2021-12-24,600111.SH,BLOCKED_K,41.0,2022-03-01,10.927469701064592,1.0,1.0
2021-12-24,002466.SZ,BLOCKED_K,41.0,2022-03-01,,,
2021-12-29,600036.SH,BLOCKED_K,38.0,2022-03-01,5.516341863497587,0.0,1.0
2022-01-05,300059.SZ,BLOCKED_K,34.0,2022-03-01,-5.7513210082683415,,0.0
2022-01-06,300059.SZ,BLOCKED_K,33.0,2022-03-01,,,
2022-01-07,600519.SH,BLOCKED_K,32.0,2022-03-01,0.9984159395398547,0.0,0.0
2022-01-13,600519.SH,BLOCKED_K,28.0,2022-03-01,,,
2022-01-13,600276.SH,BLOCKED_K,28.0,2022-03-01,-29.55698724716474,,0.0
2022-01-14,600030.SH,BLOCKED_K,27.0,2022-03-01,1.0102995428563415,0.0,1.0
2022-01-17,601888.SH,BLOCKED_K,26.0,2022-03-01,,,
2022-01-19,002466.SZ,BLOCKED_K,24.0,2022-03-01,,,
2022-01-20,000792.SZ,BLOCKED_K,23.0,2022-03-01,18.801769360068377,0.0,1.0
2022-01-24,000661.SZ,BLOCKED_K,21.0,2022-03-01,11.89884859958246,1.0,1.0
2022-01-25,000661.SZ,BLOCKED_K,20.0,2022-03-01,,,
2022-01-27,300274.SZ,BLOCKED_K,18.0,2022-03-01,,,
2022-01-28,000858.SZ,BLOCKED_K,17.0,2022-03-01,-8.807756178930596,,0.0
2022-02-07,000858.SZ,BLOCKED_K,16.0,2022-03-01,,,
2022-02-08,000858.SZ,BLOCKED_K,15.0,2022-03-01,,,
2022-02-08,002475.SZ,BLOCKED_K,15.0,2022-03-01,-17.15409169654668,0.0,0.0
2022-02-09,603259.SH,BLOCKED_K,14.0,2022-03-01,,,
2022-02-10,603259.SH,BLOCKED_K,13.0,2022-03-01,,,
2022-02-11,603259.SH,BLOCKED_K,12.0,2022-03-01,,,
2022-02-14,300059.SZ,BLOCKED_K,11.0,2022-03-01,,,
2022-02-15,300059.SZ,BLOCKED_K,10.0,2022-03-01,,,
2022-02-16,300059.SZ,BLOCKED_K,9.0,2022-03-01,,,
2022-02-24,600519.SH,BLOCKED_K,3.0,2022-03-01,,,
2022-03-03,300014.SZ,BLOCKED_K,40.0,2022-05-05,,,
2022-03-04,000002.SZ,BLOCKED_K,39.0,2022-05-05,,,
2022-03-07,600519.SH,BLOCKED_K,38.0,2022-05-05,,,
2022-03-07,600036.SH,BLOCKED_K,38.0,2022-05-05,,,
2022-03-08,002460.SZ,BLOCKED_K,37.0,2022-05-05,17.706849570514894,1.0,0.0
2022-03-09,600036.SH,BLOCKED_K,36.0,2022-05-05,,,
2022-03-14,300059.SZ,BLOCKED_K,33.0,2022-05-05,,,
2022-03-14,600036.SH,BLOCKED_K,33.0,2022-05-05,,,
2022-03-14,601888.SH,BLOCKED_K,33.0,2022-05-05,,,
2022-03-15,600519.SH,BLOCKED_K,32.0,2022-05-05,,,
2022-03-15,300059.SZ,BLOCKED_K,32.0,2022-05-05,,,
2022-03-15,601318.SH,BLOCKED_K,32.0,2022-05-05,,,
2022-03-15,600036.SH,BLOCKED_K,32.0,2022-05-05,,,
2022-03-29,601012.SH,BLOCKED_K,22.0,2022-05-05,-12.752364240157288,0.0,0.0
2022-03-29,002475.SZ,BLOCKED_K,22.0,2022-05-05,,,
2022-03-31,601012.SH,BLOCKED_K,20.0,2022-05-05,,,
2022-04-06,601012.SH,BLOCKED_K,18.0,2022-05-05,,,
2022-04-11,002460.SZ,BLOCKED_K,15.0,2022-05-05,,,
2022-04-14,300122.SZ,BLOCKED_K,12.0,2022-05-05,-6.645958234266682,0.0,0.0
2022-04-14,300274.SZ,BLOCKED_K,12.0,2022-05-05,,,
2022-04-18,600036.SH,BLOCKED_K,10.0,2022-05-05,,,
2022-04-19,600036.SH,BLOCKED_K,9.0,2022-05-05,,,
2022-04-20,600036.SH,BLOCKED_K,8.0,2022-05-05,,,
2022-04-21,300274.SZ,BLOCKED_K,7.0,2022-05-05,,,
2022-04-21,600036.SH,BLOCKED_K,7.0,2022-05-05,,,
2022-04-22,300274.SZ,BLOCKED_K,6.0,2022-05-05,,,
2022-04-25,600036.SH,BLOCKED_K,5.0,2022-05-05,,,
2022-04-25,601012.SH,BLOCKED_K,5.0,2022-05-05,,,
2022-04-25,002466.SZ,BLOCKED_K,5.0,2022-05-05,,,
2022-04-26,600036.SH,BLOCKED_K,4.0,2022-05-05,,,
2022-07-27,603259.SH,BLOCKED_K,7.0,2022-08-05,-6.553924195303395,,0.0
2022-07-29,000858.SZ,BLOCKED_K,5.0,2022-08-05,-2.4673011477159523,4.0,0.0
2022-08-02,300059.SZ,BLOCKED_K,3.0,2022-08-05,,,
2022-08-03,601012.SH,BLOCKED_K,2.0,2022-08-05,-1.5712301907594528,3.0,0.0
2022-08-04,601012.SH,BLOCKED_K,1.0,2022-08-05,,,
2022-08-19,002466.SZ,BLOCKED_K,8.0,2022-08-31,13.385590477234006,0.0,1.0
2022-08-19,688599.SH,BLOCKED_K,8.0,2022-08-31,4.900961296612725,0.0,0.0
2022-08-19,002459.SZ,BLOCKED_K,8.0,2022-08-31,5.627000867343111,0.0,0.0
2022-08-22,601012.SH,BLOCKED_K,7.0,2022-08-31,,,
2022-08-23,002271.SZ,BLOCKED_K,6.0,2022-08-31,-5.965240206705305,,0.0
2022-08-24,000625.SZ,BLOCKED_K,5.0,2022-08-31,2.31475867645841,3.0,0.0
2022-08-25,002460.SZ,BLOCKED_K,4.0,2022-08-31,2.226213115920718,0.0,0.0
2022-08-29,000858.SZ,BLOCKED_K,2.0,2022-08-31,,,
2022-08-29,601166.SH,BLOCKED_K,2.0,2022-08-31,,,
2022-08-30,000858.SZ,BLOCKED_K,1.0,2022-08-31,,,
2022-09-01,300750.SZ,BLOCKED_K,16.0,2022-09-26,-1.3981718838619202,,0.0
2022-09-01,002466.SZ,BLOCKED_K,16.0,2022-09-26,0.4175574221779625,2.0,0.0
2022-09-02,002466.SZ,BLOCKED_K,15.0,2022-09-26,,,
2022-09-05,600519.SH,BLOCKED_K,14.0,2022-09-26,,,
2022-09-07,600519.SH,BLOCKED_K,12.0,2022-09-26,,,
2022-09-14,603259.SH,BLOCKED_K,8.0,2022-09-26,,,
2022-09-16,300059.SZ,BLOCKED_K,6.0,2022-09-26,,,
2022-09-16,600030.SH,BLOCKED_K,6.0,2022-09-26,3.2914258355483077,0.0,0.0
2022-09-19,300059.SZ,BLOCKED_K,5.0,2022-09-26,,,
2022-09-19,601012.SH,BLOCKED_K,5.0,2022-09-26,,,
2022-09-20,300059.SZ,BLOCKED_K,4.0,2022-09-26,,,
2022-09-20,600703.SH,BLOCKED_K,4.0,2022-09-26,,,
2022-09-21,300059.SZ,BLOCKED_K,3.0,2022-09-26,,,
2022-09-21,300760.SZ,BLOCKED_K,3.0,2022-09-26,,,
2022-09-21,600703.SH,BLOCKED_K,3.0,2022-09-26,,,
2022-09-22,300059.SZ,BLOCKED_K,2.0,2022-09-26,,,
2022-09-29,603799.SH,BLOCKED_K,4.0,2022-10-12,,,
2022-10-10,600519.SH,BLOCKED_K,2.0,2022-10-12,,,
2022-10-10,600036.SH,BLOCKED_K,2.0,2022-10-12,4.74708231806275,,0.0
2022-10-10,000568.SZ,BLOCKED_K,2.0,2022-10-12,5.894426001503926,0.0,0.0
2022-10-10,002466.SZ,BLOCKED_K,2.0,2022-10-12,,,
2022-10-11,600519.SH,BLOCKED_K,1.0,2022-10-12,,,
2022-10-11,002050.SZ,BLOCKED_K,1.0,2022-10-12,,,
2022-10-12,002371.SZ,BLOCKED_K,12.0,2022-10-28,10.597667780822029,2.0,0.0
2022-10-12,600036.SH,BLOCKED_K,12.0,2022-10-28,,,
2022-10-13,600036.SH,BLOCKED_K,11.0,2022-10-28,,,
2022-10-19,000568.SZ,BLOCKED_K,7.0,2022-10-28,,,
2022-10-20,600887.SH,BLOCKED_K,6.0,2022-10-28,,,
2022-10-24,000858.SZ,BLOCKED_K,4.0,2022-10-28,13.014502136358589,0.0,0.0
2022-10-24,600036.SH,BLOCKED_K,4.0,2022-10-28,,,
2022-10-24,601318.SH,BLOCKED_K,4.0,2022-10-28,,,
2022-10-24,000568.SZ,BLOCKED_K,4.0,2022-10-28,,,
2022-10-25,300059.SZ,BLOCKED_K,3.0,2022-10-28,,,
2022-10-25,000858.SZ,BLOCKED_K,3.0,2022-10-28,,,
2022-10-25,000568.SZ,BLOCKED_K,3.0,2022-10-28,,,
2022-10-26,300059.SZ,BLOCKED_K,2.0,2022-10-28,,,
2022-10-26,002714.SZ,BLOCKED_K,2.0,2022-10-28,,,
2022-10-27,000858.SZ,BLOCKED_K,1.0,2022-10-28,,,
2022-10-27,000568.SZ,BLOCKED_K,1.0,2022-10-28,,,
2022-10-28,300059.SZ,BLOCKED_K,5.0,2022-11-04,,,
2022-10-31,000651.SZ,BLOCKED_K,4.0,2022-11-04,,,
2022-11-01,600522.SH,BLOCKED_K,3.0,2022-11-04,-5.676303523410963,2.0,0.0
2022-11-23,002812.SZ,BLOCKED_K,6.0,2022-12-01,,,
2022-11-28,600522.SH,BLOCKED_K,3.0,2022-12-01,,,
2022-11-28,603259.SH,BLOCKED_K,3.0,2022-12-01,6.738265986701266,0.0,0.0
2022-12-28,000625.SZ,BLOCKED_K,3.0,2023-01-03,15.403895272762636,0.0,0.0
2022-12-30,002709.SZ,BLOCKED_K,1.0,2023-01-03,15.538268097973235,0.0,0.0
2023-03-08,600519.SH,BLOCKED_K,17.0,2023-03-31,3.358107895598216,0.0,1.0
2023-03-10,002594.SZ,BLOCKED_K,15.0,2023-03-31,7.839512102970262,7.0,0.0
2023-03-10,600519.SH,BLOCKED_K,15.0,2023-03-31,,,
2023-03-13,002594.SZ,BLOCKED_K,14.0,2023-03-31,,,
2023-03-14,300274.SZ,BLOCKED_K,13.0,2023-03-31,,,
2023-03-14,002594.SZ,BLOCKED_K,13.0,2023-03-31,,,
2023-03-16,601012.SH,BLOCKED_K,11.0,2023-03-31,,,
2023-03-16,300274.SZ,BLOCKED_K,11.0,2023-03-31,,,
2023-04-27,600036.SH,BLOCKED_K,14.0,2023-05-22,-0.6278320762058595,0.0,0.0
2023-05-04,000651.SZ,BLOCKED_K,12.0,2023-05-22,6.144996620188443,24.0,0.0
2023-05-09,688981.SH,BLOCKED_K,9.0,2023-05-22,-1.9912914951639944,0.0,0.0
2023-05-12,601899.SH,BLOCKED_K,6.0,2023-05-22,,,
2023-05-29,300059.SZ,BLOCKED_K,39.0,2023-07-25,,,
2023-05-29,601012.SH,BLOCKED_K,39.0,2023-07-25,,,
2023-05-30,300059.SZ,BLOCKED_K,38.0,2023-07-25,,,
2023-05-30,601012.SH,BLOCKED_K,38.0,2023-07-25,,,
2023-06-07,300750.SZ,BLOCKED_K,32.0,2023-07-25,8.015096907867838,3.0,0.0
2023-06-09,002415.SZ,BLOCKED_K,30.0,2023-07-25,,,
2023-07-11,600570.SH,BLOCKED_K,10.0,2023-07-25,12.935015317595871,2.0,0.0
2023-07-19,300750.SZ,BLOCKED_K,4.0,2023-07-25,,,
2023-07-20,300308.SZ,BLOCKED_K,3.0,2023-07-25,-5.693477162892338,0.0,0.0
2023-07-20,000063.SZ,BLOCKED_K,3.0,2023-07-25,-20.144973123840867,1.0,0.0
2023-07-21,300308.SZ,BLOCKED_K,2.0,2023-07-25,,,
2023-08-07,000063.SZ,BLOCKED_K,15.0,2023-08-28,,,
2023-08-07,300760.SZ,BLOCKED_K,15.0,2023-08-28,,,
2023-08-09,603019.SH,BLOCKED_K,13.0,2023-08-28,,,
2023-08-18,000858.SZ,BLOCKED_K,6.0,2023-08-28,9.240903528696505,10.0,0.0
2023-08-18,000977.SZ,BLOCKED_K,6.0,2023-08-28,7.706372017077919,1.0,0.0
2023-08-21,300274.SZ,BLOCKED_K,5.0,2023-08-28,,,
2023-08-21,600009.SH,BLOCKED_K,5.0,2023-08-28,-11.699228208217027,,0.0
2023-08-21,002594.SZ,BLOCKED_K,5.0,2023-08-28,,,
2023-08-21,601012.SH,BLOCKED_K,5.0,2023-08-28,-11.755699669774852,10.0,0.0
2023-08-22,601012.SH,BLOCKED_K,4.0,2023-08-28,,,
2023-08-23,601012.SH,BLOCKED_K,3.0,2023-08-28,,,
2023-08-25,300308.SZ,BLOCKED_K,1.0,2023-08-28,,,
2023-09-08,300750.SZ,BLOCKED_K,16.0,2023-10-10,-18.00484444688593,,0.0
2023-09-11,300750.SZ,BLOCKED_K,15.0,2023-10-10,,,
2023-09-12,300750.SZ,BLOCKED_K,14.0,2023-10-10,,,
2023-09-13,300750.SZ,BLOCKED_K,13.0,2023-10-10,,,
2023-09-15,300750.SZ,BLOCKED_K,11.0,2023-10-10,,,
2023-09-18,300308.SZ,BLOCKED_K,10.0,2023-10-10,,,
2023-10-19,000977.SZ,BLOCKED_K,12.0,2023-11-06,,,
2023-10-23,300059.SZ,BLOCKED_K,10.0,2023-11-06,6.795375111896212,0.0,1.0
2023-10-24,000063.SZ,BLOCKED_K,9.0,2023-11-06,,,
2023-10-24,601138.SH,BLOCKED_K,9.0,2023-11-06,,,
2023-11-02,601012.SH,BLOCKED_K,2.0,2023-11-06,,,
2023-11-24,002594.SZ,BLOCKED_K,25.0,2023-12-29,,,
2023-11-27,002594.SZ,BLOCKED_K,24.0,2023-12-29,,,
2023-11-29,002594.SZ,BLOCKED_K,22.0,2023-12-29,,,
2023-11-30,002594.SZ,BLOCKED_K,21.0,2023-12-29,,,
2023-12-11,000568.SZ,BLOCKED_K,14.0,2023-12-29,,,
2023-12-13,000858.SZ,BLOCKED_K,12.0,2023-12-29,,,
2023-12-13,000568.SZ,BLOCKED_K,12.0,2023-12-29,,,
2023-12-14,002456.SZ,BLOCKED_K,11.0,2023-12-29,9.13490121758614,,0.0
2023-12-14,000628.SZ,BLOCKED_K,11.0,2023-12-29,44.67924500816973,0.0,0.0
2023-12-20,000651.SZ,BLOCKED_K,7.0,2023-12-29,12.104633410839131,0.0,0.0
2023-12-21,000651.SZ,BLOCKED_K,6.0,2023-12-29,,,
2023-12-25,002555.SZ,BLOCKED_K,4.0,2023-12-29,17.471539089853273,0.0,0.0
2023-12-27,300059.SZ,BLOCKED_K,2.0,2023-12-29,,,
2024-01-04,000625.SZ,BLOCKED_K,15.0,2024-01-25,12.686864654118963,,0.0
2024-01-05,000625.SZ,BLOCKED_K,14.0,2024-01-25,,,
2024-01-08,000063.SZ,BLOCKED_K,13.0,2024-01-25,,,
2024-01-08,000858.SZ,BLOCKED_K,13.0,2024-01-25,,,
2024-01-12,000661.SZ,BLOCKED_K,9.0,2024-01-25,,,
2024-01-16,300033.SZ,BLOCKED_K,7.0,2024-01-25,,,
2024-01-17,600519.SH,BLOCKED_K,6.0,2024-01-25,5.907729356690894,0.0,0.0
2024-01-17,002475.SZ,BLOCKED_K,6.0,2024-01-25,7.219372761109448,0.0,0.0
2024-01-22,301236.SZ,BLOCKED_K,3.0,2024-01-25,15.202767971466354,0.0,0.0
2024-01-30,603259.SH,BLOCKED_K,7.0,2024-02-08,,,
2024-01-30,002594.SZ,BLOCKED_K,7.0,2024-02-08,,,
2024-01-30,002129.SZ,BLOCKED_K,7.0,2024-02-08,-6.5866863796632105,1.0,0.0
2024-01-31,603259.SH,BLOCKED_K,6.0,2024-02-08,,,
2024-01-31,300418.SZ,BLOCKED_K,6.0,2024-02-08,39.428041617887864,0.0,0.0
2024-02-05,603259.SH,BLOCKED_K,3.0,2024-02-08,,,
2024-04-08,600519.SH,BLOCKED_K,15.0,2024-04-29,5.19682233937109,4.0,0.0
2024-04-09,600519.SH,BLOCKED_K,14.0,2024-04-29,,,
2024-04-10,600519.SH,BLOCKED_K,13.0,2024-04-29,,,
2024-04-10,000977.SZ,BLOCKED_K,13.0,2024-04-29,12.570545419631626,0.0,0.0
2024-04-11,600519.SH,BLOCKED_K,12.0,2024-04-29,,,
2024-04-12,600519.SH,BLOCKED_K,11.0,2024-04-29,,,
2024-04-16,000625.SZ,BLOCKED_K,9.0,2024-04-29,-3.58132493313491,0.0,0.0
2024-04-23,002230.SZ,BLOCKED_K,4.0,2024-04-29,,,
2024-04-25,002466.SZ,BLOCKED_K,2.0,2024-04-29,,,
2024-04-26,600919.SH,BLOCKED_K,1.0,2024-04-29,-3.22433989136676,0.0,0.0
2024-05-07,000100.SZ,BLOCKED_K,10.0,2024-05-21,6.430946014868081,0.0,0.0
2024-05-28,000725.SZ,BLOCKED_K,29.0,2024-07-09,4.499483038676097,1.0,0.0
2024-05-31,601138.SH,BLOCKED_K,26.0,2024-07-09,17.235953981802986,0.0,1.0
2024-06-06,601012.SH,BLOCKED_K,22.0,2024-07-09,-12.181185272863992,,0.0
2024-06-07,300750.SZ,BLOCKED_K,21.0,2024-07-09,1.3901215027090492,5.0,0.0
2024-06-07,601012.SH,BLOCKED_K,21.0,2024-07-09,,,
2024-06-11,600519.SH,BLOCKED_K,20.0,2024-07-09,0.5216824393800606,0.0,0.0
2024-06-11,300750.SZ,BLOCKED_K,20.0,2024-07-09,,,
2024-06-11,000858.SZ,BLOCKED_K,20.0,2024-07-09,,,
2024-06-12,600519.SH,BLOCKED_K,19.0,2024-07-09,,,
2024-06-12,300750.SZ,BLOCKED_K,19.0,2024-07-09,,,
2024-06-13,600519.SH,BLOCKED_K,18.0,2024-07-09,,,
2024-06-13,300750.SZ,BLOCKED_K,18.0,2024-07-09,,,
2024-06-13,000858.SZ,BLOCKED_K,18.0,2024-07-09,,,
2024-06-28,300059.SZ,BLOCKED_K,7.0,2024-07-09,,,
2024-07-08,600519.SH,BLOCKED_K,1.0,2024-07-09,,,
2024-07-08,601919.SH,BLOCKED_K,1.0,2024-07-09,1.728554133928233,0.0,0.0
2024-07-25,300308.SZ,BLOCKED_K,39.0,2024-09-20,7.199933708510119,0.0,0.0
2024-07-25,300502.SZ,BLOCKED_K,39.0,2024-09-20,13.964744747831642,0.0,1.0
2024-07-30,600519.SH,BLOCKED_K,36.0,2024-09-20,4.979956385509713,0.0,1.0
2024-08-02,002594.SZ,BLOCKED_K,33.0,2024-09-20,6.379967880191982,0.0,1.0
2024-08-05,002475.SZ,BLOCKED_K,32.0,2024-09-20,8.544910470004318,3.0,1.0
2024-08-05,300502.SZ,BLOCKED_K,32.0,2024-09-20,,,
2024-08-06,002594.SZ,BLOCKED_K,31.0,2024-09-20,,,
2024-08-22,000063.SZ,BLOCKED_K,19.0,2024-09-20,,,
2024-08-22,000858.SZ,BLOCKED_K,19.0,2024-09-20,9.447704740723928,0.0,0.0
2024-08-23,688012.SH,BLOCKED_K,18.0,2024-09-20,,,
2024-08-26,000858.SZ,BLOCKED_K,17.0,2024-09-20,,,
2024-08-28,601127.SH,BLOCKED_K,15.0,2024-09-20,11.860904824260553,0.0,0.0
2024-08-28,000858.SZ,BLOCKED_K,15.0,2024-09-20,,,
2024-08-28,600809.SH,BLOCKED_K,15.0,2024-09-20,,,
2024-08-29,300308.SZ,BLOCKED_K,14.0,2024-09-20,,,
2024-09-02,600150.SH,BLOCKED_K,12.0,2024-09-20,,,
2024-09-05,688256.SH,BLOCKED_K,9.0,2024-09-20,22.25002533076108,0.0,0.0
2024-09-06,688256.SH,BLOCKED_K,8.0,2024-09-20,,,
2024-09-09,600519.SH,BLOCKED_K,7.0,2024-09-20,13.065449104192648,0.0,0.0
2024-09-09,600036.SH,BLOCKED_K,7.0,2024-09-20,12.650986424212691,3.0,0.0
2024-09-11,600900.SH,BLOCKED_K,5.0,2024-09-20,8.228584541518643,0.0,0.0
2024-09-12,600519.SH,BLOCKED_K,4.0,2024-09-20,,,
2024-09-13,600519.SH,BLOCKED_K,3.0,2024-09-20,,,
2024-09-13,000858.SZ,BLOCKED_K,3.0,2024-09-20,,,
2024-09-18,600519.SH,BLOCKED_K,2.0,2024-09-20,,,
2024-09-18,000858.SZ,BLOCKED_K,2.0,2024-09-20,,,
2024-09-19,600519.SH,BLOCKED_K,1.0,2024-09-20,,,
2024-09-19,600150.SH,BLOCKED_K,1.0,2024-09-20,,,
2024-09-20,600276.SH,BLOCKED_K,2.0,2024-09-24,7.0921102706178285,1.0,0.0
