old_path,new_path,status,canonical
ATR_SLOT_ALLOCATION_P3.md,research/portfolio/ATR_SLOT_ALLOCATION_P3.md,CLOSED,TRUE
ATR_SLOT_ALLOCATION_REGISTRY.csv,research/portfolio/registries/ATR_SLOT_ALLOCATION_REGISTRY.csv,ACCEPTED,FALSE
ATR_SLOT_ALLOCATION_REGISTRY.sha256,research/portfolio/registries/ATR_SLOT_ALLOCATION_REGISTRY.sha256,ACCEPTED,FALSE
AUDIT_GUIDE.md,docs/AUDIT_GUIDE.md,INFRASTRUCTURE,FALSE
AUDIT_REQUESTS.md,docs/AUDIT_REQUESTS.md,INFRASTRUCTURE,FALSE
BACKTEST_INVARIANTS.md,docs/BACKTEST_INVARIANTS.md,INFRASTRUCTURE,FALSE
CALLCHAIN.md,docs/CALLCHAIN.md,INFRASTRUCTURE,FALSE
CROSS_SECTIONAL_RANKING_P1.md,archive/superseded/CROSS_SECTIONAL_RANKING_P1.md,SUPERSEDED,FALSE
CROSS_SECTIONAL_RANKING_P1_CORRECTED.md,research/ranking/CROSS_SECTIONAL_RANKING_P1_CORRECTED.md,ACCEPTED,TRUE
CROSS_SECTIONAL_RANKING_P2_VALIDATION.md,research/ranking/CROSS_SECTIONAL_RANKING_P2_VALIDATION.md,ACCEPTED,TRUE
CROSS_SECTIONAL_RANKING_REGISTRY.csv,research/ranking/registries/CROSS_SECTIONAL_RANKING_REGISTRY.csv,ACCEPTED,FALSE
CROSS_SECTIONAL_RANKING_REGISTRY.sha256,research/ranking/registries/CROSS_SECTIONAL_RANKING_REGISTRY.sha256,ACCEPTED,FALSE
CROSS_SECTIONAL_RANKING_VALIDATION_REGISTRY.csv,research/ranking/registries/CROSS_SECTIONAL_RANKING_VALIDATION_REGISTRY.csv,ACCEPTED,FALSE
CROSS_SECTIONAL_RANKING_VALIDATION_REGISTRY.sha256,research/ranking/registries/CROSS_SECTIONAL_RANKING_VALIDATION_REGISTRY.sha256,ACCEPTED,FALSE
FULL_MARKET_TRADE_PATH_AUDIT.md,research/trade_path/FULL_MARKET_TRADE_PATH_AUDIT.md,ACCEPTED,TRUE
HYPOTHESIS_REGISTRY.csv,archive/superseded/HYPOTHESIS_REGISTRY.csv,CLOSED,FALSE
HYPOTHESIS_REGISTRY_TEMPLATE.csv,archive/superseded/HYPOTHESIS_REGISTRY_TEMPLATE.csv,SUPERSEDED,FALSE
INDEPENDENT_TRADE_REPLAY.md,archive/superseded/INDEPENDENT_TRADE_REPLAY.md,SUPERSEDED,FALSE
INDEPENDENT_TRADE_REPLAY_V2_AUDIT.md,research/signal/INDEPENDENT_TRADE_REPLAY_V2_AUDIT.md,ACCEPTED,TRUE
KLINE_DATA.md,data_docs/KLINE_DATA.md,INFRASTRUCTURE,FALSE
MARKET_STATE_GATE_REGISTRY.csv,research/market_state/registries/MARKET_STATE_GATE_REGISTRY.csv,ACCEPTED,FALSE
MARKET_STATE_GATE_REGISTRY.sha256,research/market_state/registries/MARKET_STATE_GATE_REGISTRY.sha256,ACCEPTED,FALSE
MARKET_STATE_GATE_T3.md,research/market_state/MARKET_STATE_GATE_T3.md,CLOSED,TRUE
MARKET_STATE_PHASE_T2.md,research/market_state/MARKET_STATE_PHASE_T2.md,ACCEPTED,TRUE
MARKET_STATE_REVERSE_VALIDATION.md,research/market_state/MARKET_STATE_REVERSE_VALIDATION.md,ACCEPTED,TRUE
P1_RELATIVE_RETURN_INVARIANCE_NOTE.md,research/ranking/P1_RELATIVE_RETURN_INVARIANCE_NOTE.md,ACCEPTED,FALSE
P3_FUTURE_CONFIRMATION_RULE.md,research/portfolio/P3_FUTURE_CONFIRMATION_RULE.md,ACCEPTED,FALSE
P3_MECHANISM_CORRECTION_NOTE.md,research/portfolio/P3_MECHANISM_CORRECTION_NOTE.md,ACCEPTED,FALSE
PATH_DEPENDENCE_ATTRIBUTION.md,archive/superseded/PATH_DEPENDENCE_ATTRIBUTION.md,SUPERSEDED,FALSE
R01_DISCOVERY_CUTPOINTS.json,research/market_state/R01_DISCOVERY_CUTPOINTS.json,ACCEPTED,FALSE
R05_DISCOVERY_CUTPOINTS.json,research/market_state/R05_DISCOVERY_CUTPOINTS.json,ACCEPTED,FALSE
REDTEAM_AUDIT_REPLY.md,archive/superseded/REDTEAM_AUDIT_REPLY.md,SUPERSEDED,FALSE
REDTEAM_ROUND2_EXPERIMENTS.md,archive/superseded/REDTEAM_ROUND2_EXPERIMENTS.md,SUPERSEDED,FALSE
REDTEAM_ROUND3_ALPHA.md,archive/superseded/REDTEAM_ROUND3_ALPHA.md,SUPERSEDED,FALSE
REDTEAM_ROUND4_READINESS.md,archive/superseded/REDTEAM_ROUND4_READINESS.md,SUPERSEDED,FALSE
REDTEAM_ROUND51_STRICT.md,research/signal/REDTEAM_ROUND51_STRICT.md,ACCEPTED,TRUE
REDTEAM_ROUND5_STRICT.md,archive/superseded/REDTEAM_ROUND5_STRICT.md,SUPERSEDED,FALSE
REDTEAM_STRICT_C.md,archive/superseded/REDTEAM_STRICT_C.md,SUPERSEDED,FALSE
REDTEAM_STRICT_C_CORRECTED.md,research/signal/REDTEAM_STRICT_C_CORRECTED.md,ACCEPTED,FALSE
REGIME_DISCOVERY_PHASE1.md,archive/superseded/REGIME_DISCOVERY_PHASE1.md,SUPERSEDED,FALSE
REGIME_DISCOVERY_PHASE1_CORRECTED.md,archive/superseded/REGIME_DISCOVERY_PHASE1_CORRECTED.md,SUPERSEDED,FALSE
REGIME_DISCOVERY_PHASE1_V3.md,archive/superseded/REGIME_DISCOVERY_PHASE1_V3.md,SUPERSEDED,FALSE
REGIME_PHASE1_AUDIT_PACKET.md,archive/superseded/REGIME_PHASE1_AUDIT_PACKET.md,SUPERSEDED,FALSE
REGIME_PHASE1_METHODOLOGY_CLARIFICATION.md,archive/superseded/REGIME_PHASE1_METHODOLOGY_CLARIFICATION.md,SUPERSEDED,FALSE
REGIME_RESEARCH_PLAN.md,archive/superseded/REGIME_RESEARCH_PLAN.md,SUPERSEDED,FALSE
RESULTS_LATEST.md,archive/invalid/RESULTS_LATEST.md,INVALID,FALSE
SLIPPAGE_PATH_DISCONTINUITY_AUDIT.md,research/portfolio/SLIPPAGE_PATH_DISCONTINUITY_AUDIT.md,ACCEPTED,FALSE
SLOT_CONTENTION_PATH_AUDIT.md,research/portfolio/SLOT_CONTENTION_PATH_AUDIT.md,ACCEPTED,TRUE
STEP_A_PREREGISTER.py,research/market_state/STEP_A_PREREGISTER.py,ACCEPTED,FALSE
STEP_A_RANKING_VALIDATE_PREREGISTER.py,research/ranking/STEP_A_RANKING_VALIDATE_PREREGISTER.py,ACCEPTED,FALSE
STEP_B_RANKING_VALIDATE.py,research/ranking/STEP_B_RANKING_VALIDATE.py,ACCEPTED,FALSE
STEP_B_VALIDATE.py,research/market_state/STEP_B_VALIDATE.py,ACCEPTED,FALSE
STOP_LOSS_COUNTERFACTUAL_PHASE_A.md,research/execution/STOP_LOSS_COUNTERFACTUAL_PHASE_A.md,CLOSED,TRUE
T3_R05_BASIS_CLARIFICATION.md,research/market_state/T3_R05_BASIS_CLARIFICATION.md,ACCEPTED,FALSE
TEMPORAL_CLUSTERING_PHASE_T1.md,research/market_state/TEMPORAL_CLUSTERING_PHASE_T1.md,ACCEPTED,TRUE
TEMPORAL_STATE_FEATURE_REGISTRY.csv,research/market_state/registries/TEMPORAL_STATE_FEATURE_REGISTRY.csv,ACCEPTED,FALSE
TEMPORAL_STATE_FEATURE_REGISTRY.sha256,research/market_state/registries/TEMPORAL_STATE_FEATURE_REGISTRY.sha256,ACCEPTED,FALSE
TEMPORAL_STATE_REVERSE_VALIDATION_REGISTRY.csv,research/market_state/registries/TEMPORAL_STATE_REVERSE_VALIDATION_REGISTRY.csv,ACCEPTED,FALSE
TEMPORAL_STATE_REVERSE_VALIDATION_REGISTRY.sha256,research/market_state/registries/TEMPORAL_STATE_REVERSE_VALIDATION_REGISTRY.sha256,ACCEPTED,FALSE
THIRD_PARTY_AUDIT_BRIEF.md,docs/THIRD_PARTY_AUDIT_BRIEF.md,INFRASTRUCTURE,FALSE
THIRD_PARTY_CLAIM_CHECK_ADJ_FACTOR.md,archive/superseded/THIRD_PARTY_CLAIM_CHECK_ADJ_FACTOR.md,SUPERSEDED,FALSE
THIRD_PARTY_CLAIM_CHECK_ADJ_FACTOR_V2.md,research/signal/THIRD_PARTY_CLAIM_CHECK_ADJ_FACTOR_V2.md,ACCEPTED,FALSE
TRADE_PATH_QUALITY_AUDIT.md,archive/superseded/TRADE_PATH_QUALITY_AUDIT.md,SUPERSEDED,FALSE
TRADING_SYSTEM_STEPBYSTEP.md,docs/TRADING_SYSTEM_STEPBYSTEP.md,INFRASTRUCTURE,FALSE
analysis/__init__.py,src/analysis/__init__.py,INFRASTRUCTURE,FALSE
analysis/generate_kline_tool.py,src/analysis/generate_kline_tool.py,INFRASTRUCTURE,FALSE
analysis/generate_trade_charts.py,src/analysis/generate_trade_charts.py,INFRASTRUCTURE,FALSE
analysis/holding_period_analysis.py,src/analysis/holding_period_analysis.py,INFRASTRUCTURE,FALSE
analysis/param_scan.py,archive/invalid/analysis/param_scan.py,INVALID,FALSE
analysis/parameter_sweep.py,archive/invalid/analysis/parameter_sweep.py,INVALID,FALSE
analysis/parameter_sweep_v2.py,archive/invalid/analysis/parameter_sweep_v2.py,INVALID,FALSE
analysis/performance.py,src/analysis/performance.py,INFRASTRUCTURE,FALSE
analysis/plot_candlestick.py,src/analysis/plot_candlestick.py,INFRASTRUCTURE,FALSE
analysis/plot_charts.py,src/analysis/plot_charts.py,INFRASTRUCTURE,FALSE
analysis/position_analysis.py,src/analysis/position_analysis.py,INFRASTRUCTURE,FALSE
analysis/single_stock_bb_backtest.py,archive/invalid/analysis/single_stock_bb_backtest.py,INVALID,FALSE
analysis/time_stop_single.py,archive/invalid/analysis/time_stop_single.py,INVALID,FALSE
analysis/time_stop_sweep.py,archive/invalid/analysis/time_stop_sweep.py,INVALID,FALSE
analysis/time_stop_sweep_v2.py,archive/invalid/analysis/time_stop_sweep_v2.py,INVALID,FALSE
analysis/topn_position_sweep.py,archive/invalid/analysis/topn_position_sweep.py,INVALID,FALSE
analysis/topn_position_sweep_v2.py,archive/invalid/analysis/topn_position_sweep_v2.py,INVALID,FALSE
analysis/trade_review.py,src/analysis/trade_review.py,INFRASTRUCTURE,FALSE
analyze_drawdown_postexit.py,archive/invalid/analyze_drawdown_postexit.py,INVALID,FALSE
analyze_features_large.py,archive/invalid/analyze_features_large.py,INVALID,FALSE
analyze_levels_comparison.py,archive/invalid/analyze_levels_comparison.py,INVALID,FALSE
analyze_shrink_signal.py,archive/invalid/analyze_shrink_signal.py,INVALID,FALSE
analyze_trade_features.py,archive/invalid/analyze_trade_features.py,INVALID,FALSE
analyze_volume_signal.py,archive/invalid/analyze_volume_signal.py,INVALID,FALSE
atr_slot_allocation_p3.py,research/portfolio/atr_slot_allocation_p3.py,CLOSED,FALSE
backtest/__init__.py,src/backtest/__init__.py,INFRASTRUCTURE,FALSE
backtest/run_backtest.py,src/backtest/run_backtest.py,INFRASTRUCTURE,FALSE
backtest/vbt_runner.py,src/backtest/vbt_runner.py,INFRASTRUCTURE,FALSE
bb_levels_comparison.py,archive/invalid/bb_levels_comparison.py,INVALID,FALSE
bb_lower_upper_full_market.py,archive/invalid/bb_lower_upper_full_market.py,INVALID,FALSE
bb_sensitivity.py,archive/invalid/bb_sensitivity.py,INVALID,FALSE
bb_stop_grid.py,archive/invalid/bb_stop_grid.py,INVALID,FALSE
build_registry.py,archive/superseded/build_registry.py,SUPERSEDED,FALSE
claim_check_case_study.py,archive/superseded/claim_check_case_study.py,SUPERSEDED,FALSE
cross_check_phase1.py,archive/superseded/cross_check_phase1.py,SUPERSEDED,FALSE
cross_sectional_ranking_p1.py,research/ranking/cross_sectional_ranking_p1.py,ACCEPTED,FALSE
cross_sectional_ranking_p1_corrected.py,research/ranking/cross_sectional_ranking_p1_corrected.py,ACCEPTED,FALSE
data_loader/__init__.py,src/data_loader/__init__.py,INFRASTRUCTURE,FALSE
data_loader/akshare_loader.py,src/data_loader/akshare_loader.py,INFRASTRUCTURE,FALSE
data_loader/data_validator.py,src/data_loader/data_validator.py,INFRASTRUCTURE,FALSE
data_loader/download_data.py,src/data_loader/download_data.py,INFRASTRUCTURE,FALSE
data_loader/download_incremental.py,src/data_loader/download_incremental.py,INFRASTRUCTURE,FALSE
data_loader/storage.py,src/data_loader/storage.py,INFRASTRUCTURE,FALSE
data_loader/tushare_loader.py,src/data_loader/tushare_loader.py,INFRASTRUCTURE,FALSE
div_crosscheck.py,archive/superseded/div_crosscheck.py,SUPERSEDED,FALSE
download_warmup.py,archive/invalid/download_warmup.py,INVALID,FALSE
engine/__init__.py,src/engine/__init__.py,INFRASTRUCTURE,FALSE
engine/commission.py,src/engine/commission.py,INFRASTRUCTURE,FALSE
engine/position.py,src/engine/position.py,INFRASTRUCTURE,FALSE
engine/trading_rules.py,src/engine/trading_rules.py,INFRASTRUCTURE,FALSE
etf_live_backtest.py,archive/invalid/etf_live_backtest.py,INVALID,FALSE
etf_plot.py,archive/invalid/etf_plot.py,INVALID,FALSE
etf_ratio_scan.py,archive/invalid/etf_ratio_scan.py,INVALID,FALSE
experiment_fast.py,archive/invalid/experiment_fast.py,INVALID,FALSE
export_trade_details.py,research/signal/export_trade_details.py,ACCEPTED,FALSE
full_market_scan.py,research/trade_path/full_market_scan.py,ACCEPTED,FALSE
full_market_trade_path_audit.py,research/trade_path/full_market_trade_path_audit.py,ACCEPTED,FALSE
full_market_v8.py,research/trade_path/full_market_v8.py,ACCEPTED,FALSE
independent_trade_replay.py,archive/superseded/independent_trade_replay.py,SUPERSEDED,FALSE
independent_trade_replay_v2.py,research/signal/independent_trade_replay_v2.py,ACCEPTED,FALSE
independent_trade_stats.py,research/signal/independent_trade_stats.py,ACCEPTED,FALSE
level1_tight_stop.py,archive/invalid/level1_tight_stop.py,INVALID,FALSE
live_analyze_r2.py,archive/invalid/live_analyze_r2.py,INVALID,FALSE
live_backtest.py,archive/invalid/live_backtest.py,INVALID,FALSE
live_backtest_r2.py,archive/invalid/live_backtest_r2.py,INVALID,FALSE
live_plot.py,archive/invalid/live_plot.py,INVALID,FALSE
market_state_gate_t3.py,research/market_state/market_state_gate_t3.py,CLOSED,FALSE
market_state_phase_t2.py,research/market_state/market_state_phase_t2.py,ACCEPTED,FALSE
mechanism_plot.py,tools/mechanism_plot.py,INFRASTRUCTURE,FALSE
multi_analyze.py,archive/invalid/multi_analyze.py,INVALID,FALSE
multi_backtest.py,archive/invalid/multi_backtest.py,INVALID,FALSE
path_dependence_attribution.py,archive/superseded/path_dependence_attribution.py,SUPERSEDED,FALSE
pool_analyze.py,archive/invalid/pool_analyze.py,INVALID,FALSE
regime_discovery.py,archive/superseded/regime_discovery.py,SUPERSEDED,FALSE
regime_discovery_corrected.py,archive/superseded/regime_discovery_corrected.py,SUPERSEDED,FALSE
regime_discovery_v3.py,archive/superseded/regime_discovery_v3.py,SUPERSEDED,FALSE
results/adjfactor_vs_dividend.csv,results/evidence/redteam/adjfactor_vs_dividend.csv,SUPERSEDED,FALSE
results/drawdown_by_level.png,archive/invalid/results/drawdown_by_level.png,INVALID,FALSE
results/drawdown_postexit_per_trade.csv,archive/invalid/results/drawdown_postexit_per_trade.csv,INVALID,FALSE
results/drawdown_summary_export.csv,archive/invalid/results/drawdown_summary_export.csv,INVALID,FALSE
results/equity_curve.csv,archive/invalid/results/equity_curve.csv,INVALID,FALSE
results/etf_log.csv,archive/invalid/results/etf_log.csv,INVALID,FALSE
results/fullmarket_crowding_dist.csv,results/evidence/fullmarket/fullmarket_crowding_dist.csv,ACCEPTED,FALSE
results/fullmarket_episode_metrics.csv,results/evidence/fullmarket/fullmarket_episode_metrics.csv,ACCEPTED,FALSE
results/fullmarket_eventday_stats.csv,results/evidence/fullmarket/fullmarket_eventday_stats.csv,ACCEPTED,FALSE
results/fullmarket_exit_quality.csv,results/evidence/fullmarket/fullmarket_exit_quality.csv,ACCEPTED,FALSE
results/fullmarket_gate_summary.csv,results/evidence/fullmarket/fullmarket_gate_summary.csv,ACCEPTED,FALSE
results/fullmarket_levels.csv,results/evidence/fullmarket/fullmarket_levels.csv,ACCEPTED,FALSE
results/fullmarket_mae_thresholds.csv,results/evidence/fullmarket/fullmarket_mae_thresholds.csv,ACCEPTED,FALSE
results/fullmarket_primary_secondary_compare.csv,results/evidence/fullmarket/fullmarket_primary_secondary_compare.csv,ACCEPTED,FALSE
results/fullmarket_remove_best.csv,results/evidence/fullmarket/fullmarket_remove_best.csv,ACCEPTED,FALSE
results/fullmarket_signal_crowding.csv,results/evidence/fullmarket/fullmarket_signal_crowding.csv,ACCEPTED,FALSE
results/fullmarket_tail_risk.csv,results/evidence/fullmarket/fullmarket_tail_risk.csv,ACCEPTED,FALSE
results/fullmarket_top10_stocks.csv,results/evidence/fullmarket/fullmarket_top10_stocks.csv,ACCEPTED,FALSE
results/fullmarket_turnover_rank_buckets.csv,results/evidence/fullmarket/fullmarket_turnover_rank_buckets.csv,ACCEPTED,FALSE
results/fullmarket_winner_loser.csv,results/evidence/fullmarket/fullmarket_winner_loser.csv,ACCEPTED,FALSE
results/fullmarket_winner_mae_breach.csv,results/evidence/fullmarket/fullmarket_winner_mae_breach.csv,ACCEPTED,FALSE
results/fullmarket_worst_episodes.csv,results/evidence/fullmarket/fullmarket_worst_episodes.csv,ACCEPTED,FALSE
results/fullmarket_yearly.csv,results/evidence/fullmarket/fullmarket_yearly.csv,ACCEPTED,FALSE
results/independent_trade_concentration.csv,results/evidence/independent/independent_trade_concentration.csv,ACCEPTED,FALSE
results/independent_trade_cross_section.csv,results/evidence/independent/independent_trade_cross_section.csv,ACCEPTED,FALSE
results/independent_trade_episodes.csv,results/evidence/independent/independent_trade_episodes.csv,ACCEPTED,FALSE
results/independent_trade_episodes_secondary.csv,results/evidence/independent/independent_trade_episodes_secondary.csv,ACCEPTED,FALSE
results/independent_trade_eventday.csv,results/evidence/independent/independent_trade_eventday.csv,ACCEPTED,FALSE
results/independent_trade_eventday_secondary.csv,results/evidence/independent/independent_trade_eventday_secondary.csv,ACCEPTED,FALSE
results/independent_trade_exit_semantics.csv,results/evidence/independent/independent_trade_exit_semantics.csv,ACCEPTED,FALSE
results/independent_trade_layers.csv,results/evidence/independent/independent_trade_layers.csv,ACCEPTED,FALSE
results/independent_trade_timesplit.csv,results/evidence/independent/independent_trade_timesplit.csv,ACCEPTED,FALSE
results/independent_trade_yearly.csv,results/evidence/independent/independent_trade_yearly.csv,ACCEPTED,FALSE
results/independent_trade_yearly_secondary.csv,results/evidence/independent/independent_trade_yearly_secondary.csv,ACCEPTED,FALSE
results/independent_v2_censored_episodes.csv,results/evidence/independent/independent_v2_censored_episodes.csv,ACCEPTED,FALSE
results/independent_v2_parity_check.csv,results/evidence/independent/independent_v2_parity_check.csv,ACCEPTED,FALSE
results/independent_v2_parity_frozen_trades.csv,results/evidence/independent/independent_v2_parity_frozen_trades.csv,ACCEPTED,FALSE
results/independent_v2_primary_summary.csv,results/evidence/independent/independent_v2_primary_summary.csv,ACCEPTED,FALSE
results/independent_v2_semantics_diff.csv,results/evidence/independent/independent_v2_semantics_diff.csv,ACCEPTED,FALSE
results/independent_v2a_episodes.csv,results/evidence/independent/independent_v2a_episodes.csv,ACCEPTED,FALSE
results/multi_pos_comparison_final_v3.csv,archive/invalid/results/multi_pos_comparison_final_v3.csv,INVALID,FALSE
results/multi_pos_curve_final_v3.png,archive/invalid/results/multi_pos_curve_final_v3.png,INVALID,FALSE
results/multi_pos_equity_final_v3.csv,archive/invalid/results/multi_pos_equity_final_v3.csv,INVALID,FALSE
results/p11_k3_bootstrap.csv,results/evidence/p11/p11_k3_bootstrap.csv,ACCEPTED,FALSE
results/p11_master_table.csv,results/evidence/p11/p11_master_table.csv,ACCEPTED,FALSE
results/p11_old_new_pass_diff.csv,results/evidence/p11/p11_old_new_pass_diff.csv,ACCEPTED,FALSE
results/p11_oracle.csv,results/evidence/p11/p11_oracle.csv,ACCEPTED,FALSE
results/p11_pairwise.csv,results/evidence/p11/p11_pairwise.csv,ACCEPTED,FALSE
results/p11_passer_redundancy.csv,results/evidence/p11/p11_passer_redundancy.csv,ACCEPTED,FALSE
results/p11_primary_direction_sensitivity.csv,results/evidence/p11/p11_primary_direction_sensitivity.csv,ACCEPTED,FALSE
results/p11_quintile_metrics.csv,results/evidence/p11/p11_quintile_metrics.csv,ACCEPTED,FALSE
results/p11_random_baseline_comparison.csv,results/evidence/p11/p11_random_baseline_comparison.csv,ACCEPTED,FALSE
results/p11_random_k3_corrected.csv,results/evidence/p11/p11_random_k3_corrected.csv,ACCEPTED,FALSE
results/p11_suspension_gap_audit.csv,results/evidence/p11/p11_suspension_gap_audit.csv,ACCEPTED,FALSE
results/p11_suspension_sensitivity.csv,results/evidence/p11/p11_suspension_sensitivity.csv,ACCEPTED,FALSE
results/p11_turnover_rank_diagnostic.csv,results/evidence/p11/p11_turnover_rank_diagnostic.csv,ACCEPTED,FALSE
results/p1_crowding_sensitivity.csv,results/evidence/p1/p1_crowding_sensitivity.csv,ACCEPTED,FALSE
results/p1_feature_daily_ic.csv,results/evidence/p1/p1_feature_daily_ic.csv,ACCEPTED,FALSE
results/p1_marketstate_sensitivity.csv,results/evidence/p1/p1_marketstate_sensitivity.csv,ACCEPTED,FALSE
results/p1_master_table.csv,results/evidence/p1/p1_master_table.csv,ACCEPTED,FALSE
results/p1_oracle_upper_bound.csv,results/evidence/p1/p1_oracle_upper_bound.csv,ACCEPTED,FALSE
results/p1_pairwise_accuracy.csv,results/evidence/p1/p1_pairwise_accuracy.csv,ACCEPTED,FALSE
results/p1_primary_sensitivity.csv,results/evidence/p1/p1_primary_sensitivity.csv,ACCEPTED,FALSE
results/p1_quintiles_episodeweighted.csv,results/evidence/p1/p1_quintiles_episodeweighted.csv,ACCEPTED,FALSE
results/p1_quintiles_equalday.csv,results/evidence/p1/p1_quintiles_equalday.csv,ACCEPTED,FALSE
results/p1_random_k3.csv,results/evidence/p1/p1_random_k3.csv,ACCEPTED,FALSE
results/p1_redundancy.csv,results/evidence/p1/p1_redundancy.csv,ACCEPTED,FALSE
results/p1_topk_selection.csv,results/evidence/p1/p1_topk_selection.csv,ACCEPTED,FALSE
results/p1_turnover_rank_diagnostic.csv,results/evidence/p1/p1_turnover_rank_diagnostic.csv,ACCEPTED,FALSE
results/p1_yearly.csv,results/evidence/p1/p1_yearly.csv,ACCEPTED,FALSE
results/p2_bh5.csv,results/evidence/p2/p2_bh5.csv,ACCEPTED,FALSE
results/p2_daily_ic.csv,results/evidence/p2/p2_daily_ic.csv,ACCEPTED,FALSE
results/p2_effect_replication.csv,results/evidence/p2/p2_effect_replication.csv,ACCEPTED,FALSE
results/p2_f05_marginal.csv,results/evidence/p2/p2_f05_marginal.csv,ACCEPTED,FALSE
results/p2_hac.csv,results/evidence/p2/p2_hac.csv,ACCEPTED,FALSE
results/p2_k3_bootstrap.csv,results/evidence/p2/p2_k3_bootstrap.csv,ACCEPTED,FALSE
results/p2_k3_lift.csv,results/evidence/p2/p2_k3_lift.csv,ACCEPTED,FALSE
results/p2_master_table.csv,results/evidence/p2/p2_master_table.csv,ACCEPTED,FALSE
results/p2_oracle.csv,results/evidence/p2/p2_oracle.csv,ACCEPTED,FALSE
results/p2_pairwise.csv,results/evidence/p2/p2_pairwise.csv,ACCEPTED,FALSE
results/p2_primary_sensitivity.csv,results/evidence/p2/p2_primary_sensitivity.csv,ACCEPTED,FALSE
results/p2_quintiles.csv,results/evidence/p2/p2_quintiles.csv,ACCEPTED,FALSE
results/p2_random_k3_per_feature.csv,results/evidence/p2/p2_random_k3_per_feature.csv,ACCEPTED,FALSE
results/p2_redundancy.csv,results/evidence/p2/p2_redundancy.csv,ACCEPTED,FALSE
results/p2_suspension_sensitivity.csv,results/evidence/p2/p2_suspension_sensitivity.csv,ACCEPTED,FALSE
results/p2_turnover_top10_descriptive.csv,results/evidence/p2/p2_turnover_top10_descriptive.csv,ACCEPTED,FALSE
results/p2_yearly.csv,results/evidence/p2/p2_yearly.csv,ACCEPTED,FALSE
results/p31_actionable_yearly.csv,results/evidence/p31/p31_actionable_yearly.csv,ACCEPTED,FALSE
results/p31_b2_liquidity_risk.csv,results/evidence/p31/p31_b2_liquidity_risk.csv,ACCEPTED,FALSE
results/p31_capital_constraint.csv,results/evidence/p31/p31_capital_constraint.csv,ACCEPTED,FALSE
results/p31_capital_constraint_stats.json,results/evidence/p31/p31_capital_constraint_stats.json,ACCEPTED,FALSE
results/p31_contention_funnel_daily.csv,results/evidence/p31/p31_contention_funnel_daily.csv,ACCEPTED,FALSE
results/p31_contention_taxonomy.csv,results/evidence/p31/p31_contention_taxonomy.csv,ACCEPTED,FALSE
results/p31_exec_outcomes.csv,results/evidence/p31/p31_exec_outcomes.csv,ACCEPTED,FALSE
results/p31_independent_coverage.csv,results/evidence/p31/p31_independent_coverage.csv,ACCEPTED,FALSE
results/p31_leave_one_swap.csv,results/evidence/p31/p31_leave_one_swap.csv,ACCEPTED,FALSE
results/p31_mechanism_summary.json,results/evidence/p31/p31_mechanism_summary.json,ACCEPTED,FALSE
results/p31_non_actionable_reasons.csv,results/evidence/p31/p31_non_actionable_reasons.csv,ACCEPTED,FALSE
results/p31_path_cascade.csv,results/evidence/p31/p31_path_cascade.csv,ACCEPTED,FALSE
results/p31_path_cascade_2021-05-24.csv,results/evidence/p31/p31_path_cascade_2021-05-24.csv,ACCEPTED,FALSE
results/p31_path_cascade_2021-05-24_events_b0.csv,results/evidence/p31/p31_path_cascade_2021-05-24_events_b0.csv,ACCEPTED,FALSE
results/p31_path_cascade_2021-05-24_events_b1.csv,results/evidence/p31/p31_path_cascade_2021-05-24_events_b1.csv,ACCEPTED,FALSE
results/p31_path_cascade_2021-11-16.csv,results/evidence/p31/p31_path_cascade_2021-11-16.csv,ACCEPTED,FALSE
results/p31_path_cascade_2021-11-16_events_b0.csv,results/evidence/p31/p31_path_cascade_2021-11-16_events_b0.csv,ACCEPTED,FALSE
results/p31_path_cascade_2021-11-16_events_b1.csv,results/evidence/p31/p31_path_cascade_2021-11-16_events_b1.csv,ACCEPTED,FALSE
results/p31_slippage_path_diff.csv,results/evidence/p31/p31_slippage_path_diff.csv,ACCEPTED,FALSE
results/p31_slot_occupancy_trades.csv,results/evidence/p31/p31_slot_occupancy_trades.csv,ACCEPTED,FALSE
results/p31_slot_saturation.csv,results/evidence/p31/p31_slot_saturation.csv,ACCEPTED,FALSE
results/p31_slot_saturation_stats.json,results/evidence/p31/p31_slot_saturation_stats.json,ACCEPTED,FALSE
results/p31_swap_reconciliation.csv,results/evidence/p31/p31_swap_reconciliation.csv,ACCEPTED,FALSE
results/p31_top_slot_blockers.csv,results/evidence/p31/p31_top_slot_blockers.csv,ACCEPTED,FALSE
results/p3_blocked_opportunities.csv,results/evidence/p3/p3_blocked_opportunities.csv,CLOSED,FALSE
results/p3_capital_efficiency.csv,results/evidence/p3/p3_capital_efficiency.csv,CLOSED,FALSE
results/p3_contested_signal_diagnostic.csv,results/evidence/p3/p3_contested_signal_diagnostic.csv,CLOSED,FALSE
results/p3_liquidity_risk.csv,results/evidence/p3/p3_liquidity_risk.csv,CLOSED,FALSE
results/p3_path_divergence.csv,results/evidence/p3/p3_path_divergence.csv,CLOSED,FALSE
results/p3_portfolio_summary.csv,results/evidence/p3/p3_portfolio_summary.csv,CLOSED,FALSE
results/p3_selection_changed_events.csv,results/evidence/p3/p3_selection_changed_events.csv,CLOSED,FALSE
results/p3_slippage_stress.csv,results/evidence/p3/p3_slippage_stress.csv,CLOSED,FALSE
results/p3_trade_diff.csv,results/evidence/p3/p3_trade_diff.csv,CLOSED,FALSE
results/p3_yearly.csv,results/evidence/p3/p3_yearly.csv,CLOSED,FALSE
results/parameter_scan_bollinger.csv,archive/invalid/results/parameter_scan_bollinger.csv,INVALID,FALSE
results/parameter_scan_etf_ratio.csv,archive/invalid/results/parameter_scan_etf_ratio.csv,INVALID,FALSE
results/postexit_analysis.png,archive/invalid/results/postexit_analysis.png,INVALID,FALSE
results/regime_discovery_matrix.csv,results/evidence/regime_old/regime_discovery_matrix.csv,SUPERSEDED,FALSE
results/regime_discovery_matrix_v2.csv,results/evidence/regime_old/regime_discovery_matrix_v2.csv,SUPERSEDED,FALSE
results/regime_discovery_matrix_v3.csv,results/evidence/regime_old/regime_discovery_matrix_v3.csv,SUPERSEDED,FALSE
results/regime_v2_v3_diff.csv,results/evidence/regime_old/regime_v2_v3_diff.csv,SUPERSEDED,FALSE
results/regime_v3_bh104_reference.csv,results/evidence/regime_old/regime_v3_bh104_reference.csv,SUPERSEDED,FALSE
results/regime_v3_hac_lag_sensitivity.csv,results/evidence/regime_old/regime_v3_hac_lag_sensitivity.csv,SUPERSEDED,FALSE
results/round5/adjfactor_attribution_v2.csv,results/evidence/strict_c/round5/adjfactor_attribution_v2.csv,ACCEPTED,FALSE
results/round5/adjfactor_stress_v2.csv,results/evidence/strict_c/round5/adjfactor_stress_v2.csv,ACCEPTED,FALSE
results/round5/extra_checks.json,results/evidence/strict_c/round5/extra_checks.json,ACCEPTED,FALSE
results/round5/p0_audit.csv,results/evidence/strict_c/round5/p0_audit.csv,ACCEPTED,FALSE
results/round5/p0_matrix.csv,results/evidence/strict_c/round5/p0_matrix.csv,ACCEPTED,FALSE
results/round5/p0_summary.json,results/evidence/strict_c/round5/p0_summary.json,ACCEPTED,FALSE
results/round5/p0_v0_vs_v1_top10.csv,results/evidence/strict_c/round5/p0_v0_vs_v1_top10.csv,SUPERSEDED,FALSE
results/round5/p1_matrix.csv,results/evidence/strict_c/round5/p1_matrix.csv,ACCEPTED,FALSE
results/round5/p1_summary.json,results/evidence/strict_c/round5/p1_summary.json,ACCEPTED,FALSE
results/round5/p2_etf_slip_matrix.csv,results/evidence/strict_c/round5/p2_etf_slip_matrix.csv,ACCEPTED,FALSE
results/round5/p3_summary.json,results/evidence/strict_c/round5/p3_summary.json,ACCEPTED,FALSE
results/round5/p4_oos.csv,results/evidence/strict_c/round5/p4_oos.csv,ACCEPTED,FALSE
results/round5/p4_summary.json,results/evidence/strict_c/round5/p4_summary.json,ACCEPTED,FALSE
results/round5/p4_time_stop_scan.csv,results/evidence/strict_c/round5/p4_time_stop_scan.csv,ACCEPTED,FALSE
results/round5/p5_k_walkforward.csv,results/evidence/strict_c/round5/p5_k_walkforward.csv,ACCEPTED,FALSE
results/round5/p5_summary.json,results/evidence/strict_c/round5/p5_summary.json,ACCEPTED,FALSE
results/round5/p6_liquidity.csv,results/evidence/strict_c/round5/p6_liquidity.csv,ACCEPTED,FALSE
results/round5/p6_summary.json,results/evidence/strict_c/round5/p6_summary.json,ACCEPTED,FALSE
results/round5/p8_exit_unbiased.csv,results/evidence/strict_c/round5/p8_exit_unbiased.csv,ACCEPTED,FALSE
results/round5/p8_summary.json,results/evidence/strict_c/round5/p8_summary.json,ACCEPTED,FALSE
results/round5/pit_st_top10_impact.json,results/evidence/strict_c/round5/pit_st_top10_impact.json,ACCEPTED,FALSE
results/round5/semantic_invalid_vs_dynamic.csv,results/evidence/strict_c/round5/semantic_invalid_vs_dynamic.csv,ACCEPTED,FALSE
results/round5/semantic_strictc_vs_current.csv,results/evidence/strict_c/round5/semantic_strictc_vs_current.csv,ACCEPTED,FALSE
results/round5/strict_c_corr_equity.csv,results/evidence/strict_c/round5/strict_c_corr_equity.csv,ACCEPTED,FALSE
results/round5/strict_c_corr_optimistic_equity.csv,results/evidence/strict_c/round5/strict_c_corr_optimistic_equity.csv,SUPERSEDED,FALSE
results/round5/strict_c_corr_pure_equity.csv,results/evidence/strict_c/round5/strict_c_corr_pure_equity.csv,ACCEPTED,FALSE
results/round5/strict_c_corr_pure_trades.csv,results/evidence/strict_c/round5/strict_c_corr_pure_trades.csv,ACCEPTED,FALSE
results/round5/strict_c_corr_trades.csv,results/evidence/strict_c/round5/strict_c_corr_trades.csv,ACCEPTED,FALSE
results/round5/strict_c_equity.csv,results/evidence/strict_c/round5/strict_c_equity.csv,ACCEPTED,FALSE
results/round5/strict_c_executable_tick_equity.csv,results/evidence/strict_c/round5/strict_c_executable_tick_equity.csv,ACCEPTED,FALSE
results/round5/strict_c_executable_tick_pure_equity.csv,results/evidence/strict_c/round5/strict_c_executable_tick_pure_equity.csv,ACCEPTED,FALSE
results/round5/strict_c_executable_tick_pure_trades.csv,results/evidence/strict_c/round5/strict_c_executable_tick_pure_trades.csv,ACCEPTED,FALSE
results/round5/strict_c_executable_tick_trades.csv,results/evidence/strict_c/round5/strict_c_executable_tick_trades.csv,ACCEPTED,FALSE
results/round5/strict_c_matrix.csv,results/evidence/strict_c/round5/strict_c_matrix.csv,ACCEPTED,FALSE
results/round5/strict_c_pure_equity.csv,results/evidence/strict_c/round5/strict_c_pure_equity.csv,ACCEPTED,FALSE
results/round5/strict_c_pure_trades.csv,results/evidence/strict_c/round5/strict_c_pure_trades.csv,ACCEPTED,FALSE
results/round5/strict_c_trades.csv,results/evidence/strict_c/round5/strict_c_trades.csv,ACCEPTED,FALSE
results/round5/strict_matrix.csv,results/evidence/strict_c/round5/strict_matrix.csv,ACCEPTED,FALSE
results/round5/strict_oos.json,results/evidence/strict_c/round5/strict_oos.json,ACCEPTED,FALSE
results/round5/strict_summary.json,results/evidence/strict_c/round5/strict_summary.json,ACCEPTED,FALSE
results/round5/strict_v1_full_trades.csv,results/evidence/strict_c/round5/strict_v1_full_trades.csv,SUPERSEDED,FALSE
results/round5/strict_v1_trades.csv,results/evidence/strict_c/round5/strict_v1_trades.csv,SUPERSEDED,FALSE
results/round5/strict_v2_matrix.csv,results/evidence/strict_c/round5/strict_v2_matrix.csv,ACCEPTED,FALSE
results/round5/strict_v2_oos.csv,results/evidence/strict_c/round5/strict_v2_oos.csv,ACCEPTED,FALSE
results/stop_phaseA_censored_sensitivity.csv,results/evidence/stopA/stop_phaseA_censored_sensitivity.csv,CLOSED,FALSE
results/stop_phaseA_collisions.csv,results/evidence/stopA/stop_phaseA_collisions.csv,CLOSED,FALSE
results/stop_phaseA_early_late.csv,results/evidence/stopA/stop_phaseA_early_late.csv,CLOSED,FALSE
results/stop_phaseA_episode_detail.csv.gz,results/evidence/stopA/stop_phaseA_episode_detail.csv.gz,CLOSED,FALSE
results/stop_phaseA_episode_detail_primary.csv,results/evidence/stopA/stop_phaseA_episode_detail_primary.csv,CLOSED,FALSE
results/stop_phaseA_eventday.csv,results/evidence/stopA/stop_phaseA_eventday.csv,CLOSED,FALSE
results/stop_phaseA_killed_winners.csv,results/evidence/stopA/stop_phaseA_killed_winners.csv,CLOSED,FALSE
results/stop_phaseA_levels.csv,results/evidence/stopA/stop_phaseA_levels.csv,CLOSED,FALSE
results/stop_phaseA_net_value.csv,results/evidence/stopA/stop_phaseA_net_value.csv,CLOSED,FALSE
results/stop_phaseA_primary.csv,results/evidence/stopA/stop_phaseA_primary.csv,CLOSED,FALSE
results/stop_phaseA_saved_losers.csv,results/evidence/stopA/stop_phaseA_saved_losers.csv,CLOSED,FALSE
results/stop_phaseA_secondary.csv,results/evidence/stopA/stop_phaseA_secondary.csv,CLOSED,FALSE
results/stop_phaseA_strata.csv,results/evidence/stopA/stop_phaseA_strata.csv,CLOSED,FALSE
results/stop_phaseA_summary.csv,results/evidence/stopA/stop_phaseA_summary.csv,CLOSED,FALSE
results/stop_phaseA_tailrisk.csv,results/evidence/stopA/stop_phaseA_tailrisk.csv,CLOSED,FALSE
results/stop_phaseA_yearly.csv,results/evidence/stopA/stop_phaseA_yearly.csv,CLOSED,FALSE
results/t2_badstate_auc.csv,results/evidence/t2/t2_badstate_auc.csv,ACCEPTED,FALSE
results/t2_bh27.csv,results/evidence/t2/t2_bh27.csv,ACCEPTED,FALSE
results/t2_block_bootstrap.csv,results/evidence/t2/t2_block_bootstrap.csv,ACCEPTED,FALSE
results/t2_contemporaneous.csv,results/evidence/t2/t2_contemporaneous.csv,ACCEPTED,FALSE
results/t2_discovery_badsegment_explanation.csv,results/evidence/t2/t2_discovery_badsegment_explanation.csv,ACCEPTED,FALSE
results/t2_feature_redundancy.csv,results/evidence/t2/t2_feature_redundancy.csv,ACCEPTED,FALSE
results/t2_feature_redundancy_pairs.csv,results/evidence/t2/t2_feature_redundancy_pairs.csv,ACCEPTED,FALSE
results/t2_feature_values_discovery.csv,results/evidence/t2/t2_feature_values_discovery.csv,ACCEPTED,FALSE
results/t2_fullsample_DESCRIPTIVE_ONLY.csv,results/evidence/t2/t2_fullsample_DESCRIPTIVE_ONLY.csv,ACCEPTED,FALSE
results/t2_hac.csv,results/evidence/t2/t2_hac.csv,ACCEPTED,FALSE
results/t2_leave_one_year_out.csv,results/evidence/t2/t2_leave_one_year_out.csv,ACCEPTED,FALSE
results/t2_master_table.csv,results/evidence/t2/t2_master_table.csv,ACCEPTED,FALSE
results/t2_mrh_leak_audit.csv,results/evidence/t2/t2_mrh_leak_audit.csv,ACCEPTED,FALSE
results/t2_primary_sensitivity.csv,results/evidence/t2/t2_primary_sensitivity.csv,ACCEPTED,FALSE
results/t2_prospective_ic.csv,results/evidence/t2/t2_prospective_ic.csv,ACCEPTED,FALSE
results/t2_quintiles_pit.csv,results/evidence/t2/t2_quintiles_pit.csv,ACCEPTED,FALSE
results/t2_signalday_series_full.csv,results/evidence/t2/t2_signalday_series_full.csv,ACCEPTED,FALSE
results/t2r_bh7.csv,results/evidence/t2r/t2r_bh7.csv,ACCEPTED,FALSE
results/t2r_bootstrap.csv,results/evidence/t2r/t2r_bootstrap.csv,ACCEPTED,FALSE
results/t2r_discovery_validation_effect.csv,results/evidence/t2r/t2r_discovery_validation_effect.csv,ACCEPTED,FALSE
results/t2r_family_redundancy.csv,results/evidence/t2r/t2r_family_redundancy.csv,ACCEPTED,FALSE
results/t2r_family_redundancy_pairs.csv,results/evidence/t2r/t2r_family_redundancy_pairs.csv,ACCEPTED,FALSE
results/t2r_hac.csv,results/evidence/t2r/t2r_hac.csv,ACCEPTED,FALSE
results/t2r_master_table.csv,results/evidence/t2r/t2r_master_table.csv,ACCEPTED,FALSE
results/t2r_nonoverlap_offsets.csv,results/evidence/t2r/t2r_nonoverlap_offsets.csv,ACCEPTED,FALSE
results/t2r_primary_sensitivity.csv,results/evidence/t2r/t2r_primary_sensitivity.csv,ACCEPTED,FALSE
results/t2r_quintiles_expanding_sensitivity.csv,results/evidence/t2r/t2r_quintiles_expanding_sensitivity.csv,ACCEPTED,FALSE
results/t2r_quintiles_fixed.csv,results/evidence/t2r/t2r_quintiles_fixed.csv,ACCEPTED,FALSE
results/t2r_sample_days.csv,results/evidence/t2r/t2r_sample_days.csv,ACCEPTED,FALSE
results/t2r_yearly.csv,results/evidence/t2r/t2r_yearly.csv,ACCEPTED,FALSE
results/t3_blocked_opportunities.csv,results/evidence/t3/t3_blocked_opportunities.csv,CLOSED,FALSE
results/t3_capital_efficiency.csv,results/evidence/t3/t3_capital_efficiency.csv,CLOSED,FALSE
results/t3_cutpoints.csv,results/evidence/t3/t3_cutpoints.csv,CLOSED,FALSE
results/t3_entry_add_sensitivity.csv,results/evidence/t3/t3_entry_add_sensitivity.csv,CLOSED,FALSE
results/t3_episode_quality.csv,results/evidence/t3/t3_episode_quality.csv,CLOSED,FALSE
results/t3_etf_secondary.csv,results/evidence/t3/t3_etf_secondary.csv,CLOSED,FALSE
results/t3_etf_secondary_attribution.csv,results/evidence/t3/t3_etf_secondary_attribution.csv,CLOSED,FALSE
results/t3_gate_attribution.csv,results/evidence/t3/t3_gate_attribution.csv,CLOSED,FALSE
results/t3_portfolio_summary.csv,results/evidence/t3/t3_portfolio_summary.csv,CLOSED,FALSE
results/t3_portfolio_yearly.csv,results/evidence/t3/t3_portfolio_yearly.csv,CLOSED,FALSE
results/t3_rejected_vs_accepted.csv,results/evidence/t3/t3_rejected_vs_accepted.csv,CLOSED,FALSE
results/temporal_acf.csv,results/evidence/temporal/temporal_acf.csv,ACCEPTED,FALSE
results/temporal_block_analysis.csv,results/evidence/temporal/temporal_block_analysis.csv,ACCEPTED,FALSE
results/temporal_change_points.csv,results/evidence/temporal/temporal_change_points.csv,ACCEPTED,FALSE
results/temporal_crosssection_quality.csv,results/evidence/temporal/temporal_crosssection_quality.csv,ACCEPTED,FALSE
results/temporal_daily_series.csv,results/evidence/temporal/temporal_daily_series.csv,ACCEPTED,FALSE
results/temporal_effective_sample_size.csv,results/evidence/temporal/temporal_effective_sample_size.csv,ACCEPTED,FALSE
results/temporal_leave_one_year_out.csv,results/evidence/temporal/temporal_leave_one_year_out.csv,ACCEPTED,FALSE
results/temporal_monthly.csv,results/evidence/temporal/temporal_monthly.csv,ACCEPTED,FALSE
results/temporal_permutation_null.csv,results/evidence/temporal/temporal_permutation_null.csv,ACCEPTED,FALSE
results/temporal_persistence.csv,results/evidence/temporal/temporal_persistence.csv,ACCEPTED,FALSE
results/temporal_primary_secondary.csv,results/evidence/temporal/temporal_primary_secondary.csv,ACCEPTED,FALSE
results/temporal_quality_drawdowns.csv,results/evidence/temporal/temporal_quality_drawdowns.csv,ACCEPTED,FALSE
results/temporal_quarterly.csv,results/evidence/temporal/temporal_quarterly.csv,ACCEPTED,FALSE
results/temporal_runs.csv,results/evidence/temporal/temporal_runs.csv,ACCEPTED,FALSE
results/temporal_segments.csv,results/evidence/temporal/temporal_segments.csv,ACCEPTED,FALSE
results/temporal_segments_duration.csv,results/evidence/temporal/temporal_segments_duration.csv,ACCEPTED,FALSE
results/trade_path_daily_nav.csv,results/evidence/tradepath/trade_path_daily_nav.csv,SUPERSEDED,FALSE
results/trade_path_desc_stats.csv,results/evidence/tradepath/trade_path_desc_stats.csv,SUPERSEDED,FALSE
results/trade_path_episode_metrics.csv,results/evidence/tradepath/trade_path_episode_metrics.csv,SUPERSEDED,FALSE
results/trade_path_eventday_stats.csv,results/evidence/tradepath/trade_path_eventday_stats.csv,SUPERSEDED,FALSE
results/trade_path_exit_quality.csv,results/evidence/tradepath/trade_path_exit_quality.csv,SUPERSEDED,FALSE
results/trade_path_levels.csv,results/evidence/tradepath/trade_path_levels.csv,SUPERSEDED,FALSE
results/trade_path_mae_thresholds.csv,results/evidence/tradepath/trade_path_mae_thresholds.csv,SUPERSEDED,FALSE
results/trade_path_quantiles.csv,results/evidence/tradepath/trade_path_quantiles.csv,SUPERSEDED,FALSE
results/trade_path_quantiles_norm.csv,results/evidence/tradepath/trade_path_quantiles_norm.csv,SUPERSEDED,FALSE
results/trade_path_tail_risk.csv,results/evidence/tradepath/trade_path_tail_risk.csv,SUPERSEDED,FALSE
results/trade_path_tail_risk_worst20.csv,results/evidence/tradepath/trade_path_tail_risk_worst20.csv,SUPERSEDED,FALSE
results/trade_path_winner_loser_stats.csv,results/evidence/tradepath/trade_path_winner_loser_stats.csv,SUPERSEDED,FALSE
results/trade_path_yearly.csv,results/evidence/tradepath/trade_path_yearly.csv,SUPERSEDED,FALSE
results/trades.csv,archive/invalid/results/trades.csv,INVALID,FALSE
results/yearly_returns.csv,archive/invalid/results/yearly_returns.csv,INVALID,FALSE
results_exp/MISSING_DATA_REQUIRED.csv,archive/superseded/results_exp/MISSING_DATA_REQUIRED.csv,SUPERSEDED,FALSE
results_exp/exp1_pit_summary.csv,archive/superseded/results_exp/exp1_pit_summary.csv,SUPERSEDED,FALSE
results_exp/exp1_pit_verification.csv,archive/superseded/results_exp/exp1_pit_verification.csv,SUPERSEDED,FALSE
results_exp/exp2_false_filtered_top10_bb.csv,archive/invalid/results_exp/exp2_false_filtered_top10_bb.csv,INVALID,FALSE
results_exp/exp2_limit_mismatch.csv,archive/invalid/results_exp/exp2_limit_mismatch.csv,INVALID,FALSE
results_exp/exp2_summary.csv,archive/invalid/results_exp/exp2_summary.csv,INVALID,FALSE
results_exp/exp345_summary.csv,archive/superseded/results_exp/exp345_summary.csv,SUPERSEDED,FALSE
revised_backtest.py,archive/invalid/revised_backtest.py,INVALID,FALSE
revised_plot.py,archive/invalid/revised_plot.py,INVALID,FALSE
revised_signal_analysis.py,archive/invalid/revised_signal_analysis.py,INVALID,FALSE
round3/exp7_param_scan.csv,archive/superseded/round3/exp7_param_scan.csv,SUPERSEDED,FALSE
round3/exp8_benchmark.csv,archive/superseded/round3/exp8_benchmark.csv,SUPERSEDED,FALSE
round3/round3_bootstrap.csv,archive/superseded/round3/round3_bootstrap.csv,SUPERSEDED,FALSE
round3/round3_trades.csv,archive/superseded/round3/round3_trades.csv,SUPERSEDED,FALSE
round3/round3_walkforward.csv,archive/superseded/round3/round3_walkforward.csv,SUPERSEDED,FALSE
round3/round3_yearly.csv,archive/superseded/round3/round3_yearly.csv,SUPERSEDED,FALSE
round4/blind_test_log.csv,archive/superseded/round4/blind_test_log.csv,SUPERSEDED,FALSE
round4/round4_cost_stress.csv,archive/superseded/round4/round4_cost_stress.csv,SUPERSEDED,FALSE
round4/round4_execution_constraints.csv,archive/superseded/round4/round4_execution_constraints.csv,SUPERSEDED,FALSE
round4/round4_permutation.csv,archive/superseded/round4/round4_permutation.csv,SUPERSEDED,FALSE
round4/round4_pit_survivorship.csv,archive/superseded/round4/round4_pit_survivorship.csv,SUPERSEDED,FALSE
round5/round5_audit.py,archive/superseded/round5/round5_audit.py,SUPERSEDED,FALSE
round5/run_extra_checks.py,archive/superseded/round5/run_extra_checks.py,SUPERSEDED,FALSE
round5/run_p0.py,archive/superseded/round5/run_p0.py,SUPERSEDED,FALSE
round5/run_p1.py,archive/superseded/round5/run_p1.py,SUPERSEDED,FALSE
round5/run_p2.py,archive/superseded/round5/run_p2.py,SUPERSEDED,FALSE
round5/run_p3.py,archive/superseded/round5/run_p3.py,SUPERSEDED,FALSE
round5/run_p4.py,archive/superseded/round5/run_p4.py,SUPERSEDED,FALSE
round5/run_p5.py,archive/superseded/round5/run_p5.py,SUPERSEDED,FALSE
round5/run_p6.py,archive/superseded/round5/run_p6.py,SUPERSEDED,FALSE
round5/run_p8.py,archive/superseded/round5/run_p8.py,SUPERSEDED,FALSE
round5/run_strict.py,archive/superseded/round5/run_strict.py,SUPERSEDED,FALSE
round5/run_strict_oos.py,archive/superseded/round5/run_strict_oos.py,SUPERSEDED,FALSE
round51/build_pit_st.py,src/round51/build_pit_st.py,ACCEPTED,FALSE
round51/round51_audit.py,src/round51/round51_audit.py,ACCEPTED,FALSE
round51/run_pit_top10_impact.py,src/round51/run_pit_top10_impact.py,ACCEPTED,FALSE
round51/run_strict_v2.py,src/round51/run_strict_v2.py,ACCEPTED,FALSE
round51/run_strict_v2_oos.py,src/round51/run_strict_v2_oos.py,ACCEPTED,FALSE
run_strict_c.py,src/run_strict_c.py,ACCEPTED,FALSE
run_strict_c_math.py,src/run_strict_c_math.py,ACCEPTED,FALSE
scan_pool.py,archive/invalid/scan_pool.py,INVALID,FALSE
semantic_touch.py,src/semantic_touch.py,ACCEPTED,FALSE
signal_frequency.py,archive/invalid/signal_frequency.py,INVALID,FALSE
slot_contention_path_audit.py,research/portfolio/slot_contention_path_audit.py,ACCEPTED,FALSE
stop_loss_counterfactual_phase_a.py,research/execution/stop_loss_counterfactual_phase_a.py,CLOSED,FALSE
stop_loss_sensitivity.py,research/execution/stop_loss_sensitivity.py,CLOSED,FALSE
strategy_bearish_exit.py,archive/invalid/strategy_bearish_exit.py,INVALID,FALSE
strategy_improved.py,archive/invalid/strategy_improved.py,INVALID,FALSE
strategy_multi_pool.py,archive/invalid/strategy_multi_pool.py,INVALID,FALSE
strategy_multi_tp.py,archive/invalid/strategy_multi_tp.py,INVALID,FALSE
strategy_optimized.py,archive/invalid/strategy_optimized.py,INVALID,FALSE
strategy_v8_multi.py,archive/invalid/strategy_v8_multi.py,INVALID,FALSE
strategy_v8_multi_combined.py,archive/invalid/strategy_v8_multi_combined.py,INVALID,FALSE
strategy_v8_multi_fast.py,archive/invalid/strategy_v8_multi_fast.py,INVALID,FALSE
stress_test_v2.py,archive/invalid/stress_test_v2.py,INVALID,FALSE
strict_c_attribution.py,src/strict_c_attribution.py,ACCEPTED,FALSE
strict_c_corrected.py,src/strict_c_corrected.py,ACCEPTED,FALSE
temporal_clustering_phase_t1.py,research/market_state/temporal_clustering_phase_t1.py,ACCEPTED,FALSE
test_multi3.py,archive/invalid/test_multi3.py,INVALID,FALSE
test_timestop.py,archive/invalid/test_timestop.py,INVALID,FALSE
test_vbt_multi3.py,archive/invalid/test_vbt_multi3.py,INVALID,FALSE
test_vbt_quick.py,archive/invalid/test_vbt_quick.py,INVALID,FALSE
top10_selection.py,archive/invalid/top10_selection.py,INVALID,FALSE
trade_max_drawdown.py,archive/superseded/trade_max_drawdown.py,SUPERSEDED,FALSE
trade_path_quality_audit.py,archive/superseded/trade_path_quality_audit.py,SUPERSEDED,FALSE
walk_forward.py,archive/invalid/walk_forward.py,INVALID,FALSE
