sig_date,ts_code,release_date,wait_days,signal_close_adj,signal_bb_lower,in_pit,valid,oversold,is_limit,in_top10,one_lot,amount_rank,release_close_adj,release_bb_lower,release_bb_upper,release_open_raw,release_return_from_signal_pct,release_distance_to_lbb_pct,still_below_lower_band,ind_cov,ind_return,ind_win,ind_mae,ind_hold,ind_exit_date,expired_tp_before_release,state,retrigger_count,retrigger_ge1,days_to_first_retrigger,natural_capture_count,natural_captured
2020-03-16,600030.SH,2020-04-15,21,124.26787200000001,126.23765928197437,True,True,False,False,True,True,8,126.186432,119.63736945969333,126.55224974030668,22.9,1.5438906043228728,5.474094398667884,0,1,1.2152522266729695,1.0,-5.003771207072671,19.0,2020-04-14,1.0,Q0_EXPIRED_TP,1,1,2.0,0,0
2020-03-17,000063.SZ,2020-04-15,20,655.9706249999999,670.2902341208254,True,True,False,False,True,True,6,623.448375,602.1335749855787,706.4923000144215,39.8,-4.957882069795405,3.539879006901736,0,1,3.2396956676295363,1.0,-8.206352120433259,32.0,2020-05-07,0.0,Q3_NO_LONGER_OVERSOLD,1,1,1.0,1,1
2020-03-17,002475.SZ,2020-04-15,20,974.9194839999999,997.3235217272849,True,True,False,False,False,True,11,1068.372998,893.5237858303062,1130.3531461696934,41.5,9.585767392458866,19.56850113477564,0,1,14.92275528149982,1.0,-9.801484604634204,28.0,2020-04-28,0.0,Q3_NO_LONGER_OVERSOLD,0,0,,0,0
2020-03-17,000858.SZ,2020-04-15,20,1946.3561000000002,1996.8584206548035,True,True,False,False,False,True,21,2215.720975,1744.3622822727962,2301.983170227204,128.47,13.839444642221421,27.02183471389055,0,0,,,,,,,Q3_NO_LONGER_OVERSOLD,2,1,1.0,2,1
2020-03-18,000063.SZ,2020-04-15,19,617.29125,650.6145690666016,True,True,False,False,True,True,6,623.448375,602.1335749855787,706.4923000144215,39.8,0.9974424552429806,3.539879006901736,0,0,,,,,,,Q3_NO_LONGER_OVERSOLD,0,0,,0,0
2020-03-18,600519.SH,2020-04-15,19,7377.075614,7454.388967697644,True,True,False,False,True,True,9,8706.206559999999,7178.852192113231,8984.85407728677,1192.0,18.01704381987914,21.275746136196226,0,1,39.54846152311298,1.0,0.1021132008365288,48.0,2020-06-01,0.0,Q3_NO_LONGER_OVERSOLD,1,1,1.0,1,1
2020-03-18,000002.SZ,2020-04-15,19,3903.23297,4026.2902144196037,True,True,False,False,False,True,32,3962.59773,3682.667995858865,4134.335189041136,27.2,1.520912547528508,7.601275337769087,0,1,4.681297620587952,1.0,-4.940021219090973,49.0,2020-06-02,0.0,Q3_NO_LONGER_OVERSOLD,2,1,1.0,0,0
2020-03-18,000858.SZ,2020-04-15,19,1863.7277750000003,1933.3120136163316,True,True,False,False,False,True,21,2215.720975,1744.3622822727962,2301.983170227204,128.47,18.886513616507106,27.02183471389055,0,0,,,,,,,Q3_NO_LONGER_OVERSOLD,1,1,1.0,1,1
2020-03-19,600519.SH,2020-04-15,18,7289.3256,7320.342555163457,True,True,False,False,True,True,9,8706.206559999999,7178.852192113231,8984.85407728677,1192.0,19.437751004016036,21.275746136196226,0,0,,,,,,,Q3_NO_LONGER_OVERSOLD,0,0,,0,0
2020-03-19,000858.SZ,2020-04-15,18,1768.8004750000002,1854.7692995621069,True,True,False,False,False,True,21,2215.720975,1744.3622822727962,2301.983170227204,128.47,25.26686906277542,27.02183471389055,0,0,,,,,,,Q3_NO_LONGER_OVERSOLD,0,0,,0,0
2020-03-19,000651.SZ,2020-04-15,18,7844.39063,8058.474874157789,True,True,False,False,True,True,2,8485.353761,7656.759403880179,8742.22771951982,54.8,8.1709741550696,10.821736891718437,0,0,,,,,,,Q3_NO_LONGER_OVERSOLD,1,1,2.0,0,0
2020-03-19,600036.SH,2020-04-15,18,143.859342,149.5709240039326,True,True,False,False,False,True,145,159.123844,147.6620197345114,165.73636666548865,32.59,10.61071306721255,7.762202011117236,0,0,,,,,,,Q3_NO_LONGER_OVERSOLD,0,0,,0,0
2020-03-26,002506.SZ,2020-04-15,13,18.859270000000002,20.739092506594947,True,True,False,False,False,True,96,14.730619,9.47174200022291,26.982717199777092,2.97,-21.891891891891902,55.52175090551798,0,0,,,,,,,Q3_NO_LONGER_OVERSOLD,2,1,2.0,0,0
2020-06-15,600703.SH,2020-06-18,3,478.89442,482.8019034093166,True,True,False,False,False,True,48,500.86596800000007,474.01024738280995,557.5214510171901,22.9,4.587973273942092,5.665641358065732,0,1,15.534542524394752,1.0,-0.8457506481221677,12.0,2020-07-06,0.0,Q3_NO_LONGER_OVERSOLD,0,0,,0,0
2020-09-09,300059.SZ,2020-10-12,17,1113.605692,1125.6052642964462,True,True,False,False,True,True,1,1212.603193,1057.6001907588093,1186.2502098411906,24.86,8.889816360600978,14.65610573783831,0,1,4.052671012057143,1.0,-4.2675622601273115,16.0,2020-10-12,1.0,Q0_EXPIRED_TP,1,1,1.0,1,1
2020-09-10,300059.SZ,2020-10-12,16,1078.28264,1105.4466760990967,True,True,False,False,True,True,1,1212.603193,1057.6001907588093,1186.2502098411906,24.86,12.45689655172415,14.65610573783831,0,0,,,,,,,Q3_NO_LONGER_OVERSOLD,0,0,,0,0
2020-09-10,000063.SZ,2020-10-12,16,523.580991,548.5708983501967,True,True,False,False,False,True,34,553.259574,504.55649014610407,571.9349150538958,34.0,5.668384358896628,9.65265234023509,0,0,,,,,,,Q3_NO_LONGER_OVERSOLD,1,1,1.0,0,0
2020-09-16,000661.SZ,2020-10-12,12,2686.621705,2728.2153419395713,True,True,False,False,False,True,26,2857.20676,2532.270134404709,3130.0461894952905,371.68,6.349425923364227,12.831831058643273,0,0,,,,,,,Q3_NO_LONGER_OVERSOLD,0,0,,0,0
2020-09-17,600276.SH,2020-10-12,11,4604.071982,4693.782561849408,True,True,False,False,False,True,39,5026.11636,4615.156652613321,5002.97327858668,92.39,9.166763240236397,8.904566807152126,0,1,7.964121567403469,1.0,1.5882265882265931,10.0,2020-10-12,1.0,Q0_EXPIRED_TP,0,0,,0,0
2020-09-28,000651.SZ,2020-10-12,4,8433.594488,8506.743252029344,True,True,False,False,False,True,40,8878.974808,8425.195740105868,9023.373617894133,55.02,5.281026027914004,5.3859765623490485,0,1,7.18749636223901,1.0,-0.735968151698474,5.0,2020-10-14,0.0,Q3_NO_LONGER_OVERSOLD,1,1,1.0,0,0
2020-09-30,600036.SH,2020-10-12,2,182.1744,182.2552040190984,True,True,False,False,False,True,15,190.068624,181.8855354372136,196.9410689627864,36.4,4.333333333333345,4.499032066027686,0,1,8.189846606772502,1.0,-0.7036919124830954,5.0,2020-10-16,0.0,Q3_NO_LONGER_OVERSOLD,0,0,,0,0
2020-10-23,000661.SZ,2020-10-28,3,2452.782671,2560.8250079544764,True,True,False,False,False,True,28,2806.068408,2546.5893057918383,2979.8313074081616,386.0,14.403466771720353,10.189279504866189,0,0,,,,,,,Q3_NO_LONGER_OVERSOLD,0,0,,0,0
2020-10-26,600030.SH,2020-10-28,2,161.600772,163.5428747159516,True,True,False,False,False,True,22,162.937236,161.10483886072734,177.12635653927265,28.89,0.8270158511371584,1.1373942286468264,0,1,5.218510332201447,1.0,-3.2691446484549913,19.0,2020-11-23,0.0,Q3_NO_LONGER_OVERSOLD,1,1,1.0,0,0
2020-11-16,002475.SZ,2020-12-09,17,1780.569747,1826.1469666421606,True,True,False,False,True,True,8,1789.339365,1663.2275182291132,1876.3252237708875,53.0,0.49251752225800693,7.582356916819277,0,1,4.922943424348968,1.0,-4.3072312303081395,26.0,2020-12-23,0.0,Q3_NO_LONGER_OVERSOLD,2,1,1.0,1,1
2020-11-16,002241.SZ,2020-12-09,17,901.820685,916.4463292769328,True,True,False,False,True,True,2,921.1503450000001,810.5988003026503,972.5393231973499,38.48,2.143403929573884,13.63825663892837,0,1,2.7641560070263713,1.0,-6.295652067051338,28.0,2020-12-25,0.0,Q3_NO_LONGER_OVERSOLD,0,0,,0,0
2020-11-17,002475.SZ,2020-12-09,16,1800.4700340000002,1804.7713889334325,True,True,False,False,True,True,8,1789.339365,1663.2275182291132,1876.3252237708875,53.0,-0.6182090670663221,7.582356916819277,0,0,,,,,,,Q3_NO_LONGER_OVERSOLD,1,1,1.0,0,0
2020-12-16,688981.SH,2020-12-21,3,55.2,56.877722118133775,True,True,True,False,False,True,58,54.36,54.59423325569648,63.38376674430354,53.79,-1.521739130434785,-0.42904395158263053,1,1,16.521188858697652,1.0,-4.117280985017546,16.0,2021-01-11,0.0,Q2_OVERSOLD_NOT_TOP10,3,1,1.0,0,0
2021-01-29,002241.SZ,2021-02-25,14,763.9652000000001,787.1982841125244,True,True,False,False,False,True,86,770.8684999999999,671.7178033036391,925.4987176963607,33.95,0.9036144578312921,14.760766531528313,0,1,-2.3809753380773024,0.0,-24.142122937303647,45.0,2021-04-13,0.0,Q3_NO_LONGER_OVERSOLD,0,0,,0,0
2021-02-03,600009.SH,2021-02-25,11,182.1103,194.9886628613455,True,True,False,False,False,True,52,193.59584,153.90546378259023,244.1053492174098,61.55,6.306913996627328,25.78880258174405,0,1,-1.1354409255495683,0.0,-22.126636738108395,76.0,2021-06-03,0.0,Q3_NO_LONGER_OVERSOLD,3,1,1.0,0,0
2021-02-22,300059.SZ,2021-02-25,3,1563.0551400000002,1564.6938924926626,True,True,True,False,True,True,5,1471.95826,1480.957890141841,1871.9185518581587,33.0,-5.8281296461492715,-0.6076898068302916,1,1,-9.75617275607125,0.0,-19.419079133024297,28.0,2021-04-02,0.0,Q1_EXACT_ELIGIBLE,1,1,3.0,1,1
2021-02-22,000333.SZ,2021-02-25,3,419.1894,423.6914554619681,True,True,False,False,False,True,25,435.41189999999995,417.38310088696386,486.58094911303607,94.9,3.8699690402476783,4.319484683190056,0,1,1.124921971714471,1.0,-9.48972420056079,28.0,2021-04-02,0.0,Q3_NO_LONGER_OVERSOLD,0,0,,0,0
2021-02-24,002594.SZ,2021-02-25,1,213.1698,225.19734232420973,True,True,True,False,True,True,6,213.435,219.05256264456568,287.3815173554343,215.77,0.12440786640508517,-2.5644815914254937,1,1,16.160298578230066,1.0,-33.352090741903964,69.0,2021-06-08,0.0,Q1_EXACT_ELIGIBLE,1,1,1.0,1,1
2021-02-25,002594.SZ,2021-04-14,33,213.435,219.05256264456568,True,True,False,False,True,True,6,174.369,162.97820768871804,183.16185231128196,167.0,-18.30346475507766,6.989150557501489,0,0,,,,,,,Q3_NO_LONGER_OVERSOLD,1,1,1.0,1,1
2021-02-26,002594.SZ,2021-04-14,32,201.21540000000002,209.56745222046624,True,True,False,False,True,True,6,174.369,162.97820768871804,183.16185231128196,167.0,-13.342119937141995,6.989150557501489,0,0,,,,,,,Q3_NO_LONGER_OVERSOLD,0,0,,0,0
2021-03-01,600030.SH,2021-04-14,31,142.67778,146.6161434678732,True,True,False,False,False,True,65,131.31701999999999,129.8612521603698,136.35922383963023,23.37,-7.962529274004703,1.1210178674639693,0,1,-1.7719464410848904,0.0,-9.302251222625912,24.0,2021-04-06,1.0,Q0_EXPIRED_TP,4,1,1.0,0,0
2021-03-04,601012.SH,2021-04-14,28,956.9655,958.5038560956425,True,True,False,False,True,True,10,801.1781500000001,722.8955867737311,906.813733226269,81.19,-16.279306829765538,10.82902768512428,0,1,2.8151228530517156,1.0,-18.442178701587576,21.0,2021-04-06,1.0,Q0_EXPIRED_TP,1,1,3.0,1,1
2021-03-05,600438.SH,2021-04-14,27,406.84700000000004,418.55130973176136,True,True,False,False,False,True,32,348.5075,326.12558360445513,373.33661639554504,31.47,-14.339419978517732,6.862974731443039,0,1,-2.082117681436346,0.0,-19.824380256034924,30.0,2021-04-20,0.0,Q3_NO_LONGER_OVERSOLD,2,1,1.0,1,1
2021-03-08,000858.SZ,2021-04-14,26,4292.442,4354.776970710653,True,True,False,False,False,True,11,4630.9216799999995,4427.163839383985,4970.211840616016,262.91,7.8854805725971255,4.602446351846923,0,1,16.23467230378328,1.0,0.1065050651827714,18.0,2021-04-02,1.0,Q0_EXPIRED_TP,0,0,,0,0
2021-03-08,600438.SH,2021-04-14,26,369.04650000000004,394.40490431762885,True,True,False,False,False,True,32,348.5075,326.12558360445513,373.33661639554504,31.47,-5.565423327412677,6.862974731443039,0,0,,,,,,,Q3_NO_LONGER_OVERSOLD,1,1,1.0,0,0
2021-03-09,601012.SH,2021-04-14,25,819.4200000000001,862.2872471154344,True,True,False,False,True,True,10,801.1781500000001,722.8955867737311,906.813733226269,81.19,-2.2261904761904705,10.82902768512428,0,0,,,,,,,Q3_NO_LONGER_OVERSOLD,0,0,,0,0
2021-03-09,600031.SH,2021-04-14,25,1779.5736000000002,1831.509257882315,True,True,False,False,False,True,20,1521.0072,1503.3360274630897,1846.9802125369104,31.54,-14.5296828408783,1.1754639158572333,0,1,2.027751640672817,1.0,-27.347770588170384,55.0,2021-06-01,0.0,Q3_NO_LONGER_OVERSOLD,2,1,23.0,1,1
2021-03-18,601318.SH,2021-04-14,18,201.43308000000002,202.00722787680593,True,True,False,False,False,True,16,190.86910000000003,188.54383641193837,202.62277758806172,76.99,-5.244411692458851,1.2332747823065038,0,1,-28.116081051784203,0.0,-41.21641904893136,142.0,2021-10-21,0.0,Q3_NO_LONGER_OVERSOLD,2,1,1.0,2,1
2021-03-19,601318.SH,2021-04-14,17,197.02936000000003,199.60769901233257,True,True,False,False,False,True,16,190.86910000000003,188.54383641193837,202.62277758806172,76.99,-3.126569563033643,1.2332747823065038,0,0,,,,,,,Q3_NO_LONGER_OVERSOLD,1,1,1.0,1,1
2021-03-22,601318.SH,2021-04-14,16,197.47468,198.0016013775159,True,True,False,False,False,True,16,190.86910000000003,188.54383641193837,202.62277758806172,76.99,-3.3450263091956756,1.2332747823065038,0,0,,,,,,,Q3_NO_LONGER_OVERSOLD,0,0,,0,0
2021-03-23,300014.SZ,2021-04-14,15,1239.3443699999998,1262.414870057072,True,True,False,False,False,True,25,1318.9059,1156.0065246118506,1528.5454493881493,70.35,6.419646704006898,14.091561934985242,0,0,,,,,,,Q3_NO_LONGER_OVERSOLD,0,0,,0,0
2021-03-24,601899.SH,2021-04-14,14,18.56088,18.94153370211049,True,True,False,False,False,True,26,19.69119,18.077073452523557,22.096523547476444,9.72,6.089743589743568,8.929081091116053,0,1,13.67315267261283,1.0,1.0629582058153677,17.0,2021-04-20,0.0,Q3_NO_LONGER_OVERSOLD,0,0,,0,0
2021-04-12,600031.SH,2021-04-14,2,1505.5704,1561.059004359241,True,True,False,False,False,True,20,1521.0072,1503.3360274630897,1846.9802125369104,31.54,1.025312399871825,1.1754639158572333,0,0,,,,,,,Q3_NO_LONGER_OVERSOLD,1,1,1.0,0,0
2021-04-15,601318.SH,2021-04-19,2,187.55394,188.07522422389218,True,True,False,False,False,True,11,188.46932000000004,186.63731341484282,200.59316658515723,75.45,0.4880622609154672,0.9815864532325191,0,0,,,,,,,Q3_NO_LONGER_OVERSOLD,1,1,1.0,1,1
2021-04-15,600276.SH,2021-04-19,2,4384.79608,4469.08134022909,True,True,False,False,False,True,13,4379.9940400000005,4327.853720570003,5156.815551429996,80.7,-0.10951569724992893,1.2047615930773636,0,0,,,,,,,Q3_NO_LONGER_OVERSOLD,1,1,1.0,1,1
2021-04-16,600276.SH,2021-04-19,1,4301.56072,4379.415920525011,True,True,False,False,False,True,13,4379.9940400000005,4327.853720570003,5156.815551429996,80.7,1.8233688910940238,1.2047615930773636,0,0,,,,,,,Q3_NO_LONGER_OVERSOLD,0,0,,0,0
2021-04-16,601318.SH,2021-04-19,1,187.28180000000003,187.35001776287345,True,True,False,False,False,True,11,188.46932000000004,186.63731341484282,200.59316658515723,75.45,0.63408190224572,0.9815864532325191,0,0,,,,,,,Q3_NO_LONGER_OVERSOLD,0,0,,0,0
2021-05-06,600519.SH,2021-05-12,4,14504.436,14590.530400868414,True,True,False,False,True,True,1,14689.536,14056.334991826818,15934.411064173186,1949.08,1.2761613067891808,4.504737604371001,0,1,12.309433820124724,1.0,-4.4705930202113215,12.0,2021-05-25,0.0,Q3_NO_LONGER_OVERSOLD,2,1,1.0,2,1
2021-05-06,601318.SH,2021-05-12,4,177.7356,179.24560710700302,True,True,False,False,False,True,21,176.2236,174.44242534496368,194.44318665503636,70.0,-0.8507018290089374,1.0210673530329561,0,0,,,,,,,Q3_NO_LONGER_OVERSOLD,1,1,1.0,0,0
2021-05-07,600519.SH,2021-05-12,3,14089.812,14382.275522717344,True,True,False,False,True,True,1,14689.536,14056.334991826818,15934.411064173186,1949.08,4.2564372044140875,4.504737604371001,0,0,,,,,,,Q3_NO_LONGER_OVERSOLD,1,1,1.0,1,1
2021-05-10,600519.SH,2021-05-12,2,13912.33812,14143.002537679788,True,True,False,False,True,True,1,14689.536,14056.334991826818,15934.411064173186,1949.08,5.586392979356369,4.504737604371001,0,0,,,,,,,Q3_NO_LONGER_OVERSOLD,0,0,,0,0
2021-05-11,600031.SH,2021-05-12,1,1398.96,1413.8194163132316,True,True,True,False,False,True,12,1386.4176,1396.756918443472,1615.8793215565283,28.53,-0.8965517241379395,-0.7402374963707992,1,0,,,,,,,Q2_OVERSOLD_NOT_TOP10,1,1,1.0,0,0
2021-05-24,002714.SZ,2021-06-01,6,1172.1024,1191.8282683179527,True,True,False,False,False,True,39,1166.2704,1106.5219521205534,1436.450367879447,90.08,-0.4975674480318326,5.399662226758717,0,1,-18.715268930191936,0.0,-54.564612708025706,86.0,2021-09-27,0.0,Q3_NO_LONGER_OVERSOLD,0,0,,0,0
2021-05-25,000651.SZ,2021-06-01,5,9024.50241,9054.501660524096,True,True,False,False,False,True,76,9090.704699999998,8917.995514595641,9796.42305440436,56.3,0.7335838253712534,1.9366368274315926,0,0,,,,,,,Q3_NO_LONGER_OVERSOLD,0,0,,0,0
2021-06-15,601318.SH,2021-07-06,15,169.01639999999998,171.49639739862843,True,True,False,False,False,True,23,158.508,153.45927859501825,178.93376140498174,62.42,-6.21738482182792,3.2899420948702796,0,0,,,,,,,Q3_NO_LONGER_OVERSOLD,4,1,1.0,0,0
2021-06-21,000651.SZ,2021-07-06,11,8252.68059,8507.577473447805,True,True,False,False,False,True,104,8091.21159,7870.712817973017,9150.218879026983,49.55,-1.9565642731363742,2.801509559889759,0,0,,,,,,,Q3_NO_LONGER_OVERSOLD,1,1,1.0,1,1
2021-06-22,600519.SH,2021-07-06,10,15363.077879999999,15408.16258087647,True,True,False,False,True,True,10,15044.414600000002,14683.174735095326,16608.592098904675,1995.0,-2.0742150921127633,2.460229966760874,0,0,,,,,,,Q3_NO_LONGER_OVERSOLD,1,1,1.0,1,1
2021-06-22,000651.SZ,2021-07-06,10,8044.38558,8304.739762456602,True,True,False,False,False,True,104,8091.21159,7870.712817973017,9150.218879026983,49.55,0.5820955439582498,2.801509559889759,0,0,,,,,,,Q3_NO_LONGER_OVERSOLD,0,0,,0,0
2021-06-23,600519.SH,2021-07-06,9,15089.351999999999,15203.656910140353,True,True,False,False,True,True,10,15044.414600000002,14683.174735095326,16608.592098904675,1995.0,-0.2978086799220847,2.460229966760874,0,0,,,,,,,Q3_NO_LONGER_OVERSOLD,0,0,,0,0
2021-07-05,000333.SZ,2021-07-06,1,322.4496,327.2757931743693,True,True,True,False,False,True,57,324.38808,324.67689989639297,363.9657561036069,67.66,0.6011730205278676,-0.08895609650243497,1,0,,,,,,,Q2_OVERSOLD_NOT_TOP10,1,1,1.0,0,0
2021-07-08,600036.SH,2021-07-19,7,254.771,261.0187910356826,True,True,False,False,False,True,72,263.75687,248.61489739264448,288.8580026073555,51.0,3.527038006680505,6.090533096028183,0,1,8.736132867824947,1.0,-8.393493299153665,28.0,2021-08-18,0.0,Q3_NO_LONGER_OVERSOLD,1,1,1.0,0,0
2021-07-13,300782.SZ,2021-07-19,4,1368.0341999999998,1446.0925027879484,True,True,False,False,False,True,119,1333.4994000000002,1308.830212715625,1840.987897284375,407.08,-2.5244105739461564,1.884827156701263,0,1,4.700284102162052,1.0,-6.558999195578763,29.0,2021-08-24,0.0,Q3_NO_LONGER_OVERSOLD,2,1,1.0,0,0
2021-07-16,002594.SZ,2021-07-19,1,227.3784,231.44975799353617,True,True,False,False,True,True,4,228.4494,228.01604803426443,273.89637196573557,220.0,0.4710209940785859,0.1900532745267247,0,1,25.77910857036041,1.0,1.7028426119335416,10.0,2021-08-02,0.0,Q3_NO_LONGER_OVERSOLD,0,0,,0,0
2021-07-23,601919.SH,2021-08-03,7,26.564040000000002,27.315464729263596,True,True,False,False,True,True,8,27.3912,22.449618510196082,34.50767148980392,18.82,3.1138335885655843,22.011872885766735,0,1,21.9399821535198,1.0,-8.685064935064924,25.0,2021-08-30,0.0,Q3_NO_LONGER_OVERSOLD,2,1,1.0,0,0
2021-07-26,600519.SH,2021-08-03,6,13483.91814,13891.235724092705,True,True,False,False,True,True,7,13074.2682,12435.427358119496,15819.200027880504,1730.0,-3.0380630892794747,5.13726487625199,0,1,2.091334708861519,1.0,-14.228865975954152,41.0,2021-09-24,0.0,Q3_NO_LONGER_OVERSOLD,2,1,1.0,2,1
2021-07-27,600519.SH,2021-08-03,5,12802.139860000001,13436.404834283796,True,True,False,False,True,True,7,13074.2682,12435.427358119496,15819.200027880504,1730.0,2.1256472978416596,5.13726487625199,0,0,,,,,,,Q3_NO_LONGER_OVERSOLD,1,1,3.0,1,1
2021-07-27,300750.SZ,2021-08-03,5,496.98,502.39911084306505,True,True,False,False,False,True,15,533.124,510.6726524375367,582.4976075624631,555.0,7.272727272727275,4.396426449565838,0,1,8.626053858905106,1.0,-3.9267184428474655,34.0,2021-09-14,0.0,Q3_NO_LONGER_OVERSOLD,0,0,,0,0
2021-07-30,600519.SH,2021-08-03,2,12548.77126,12712.220738571365,True,True,False,False,True,True,7,13074.2682,12435.427358119496,15819.200027880504,1730.0,4.187636614869672,5.13726487625199,0,0,,,,,,,Q3_NO_LONGER_OVERSOLD,0,0,,0,0
2021-08-20,600519.SH,2021-08-30,6,11569.752,11774.035813224233,True,True,False,False,False,True,12,11853.764000000001,11415.8298736839,13424.928428316101,1605.0,2.454780361757103,3.836200531733902,0,0,,,,,,,Q3_NO_LONGER_OVERSOLD,0,0,,0,0
2021-08-20,300760.SZ,2021-08-30,6,283.09562,317.33676194926,True,True,False,False,False,True,70,324.742,281.84195596938247,434.3515840306175,327.0,14.71106476320616,15.221312200685254,0,0,,,,,,,Q3_NO_LONGER_OVERSOLD,0,0,,0,0
2021-09-29,002594.SZ,2021-10-25,13,240.72,241.8489736908657,True,True,False,False,True,True,1,323.697,228.49952877371888,316.9740312262812,303.11,34.47033898305085,41.6619989271638,0,0,,,,,,,Q3_NO_LONGER_OVERSOLD,0,0,,0,0
2021-10-08,600089.SH,2021-10-25,11,863.3372,871.4931790521337,True,True,False,False,False,True,21,977.13176,820.713474155988,1052.076301844012,24.2,13.18077803203661,19.058817817615427,0,1,21.757208672823793,1.0,-3.1617970318793542,12.0,2021-10-27,0.0,Q3_NO_LONGER_OVERSOLD,0,0,,0,0
2021-11-01,000858.SZ,2021-11-09,6,3632.5615000000003,3635.4274194851905,True,True,False,False,False,True,26,3700.4482500000004,3450.740682738687,4251.055417261314,209.68,1.8688396603883994,7.236346924311121,0,1,7.772649549904674,1.0,-2.4752088777973524,16.0,2021-11-24,0.0,Q3_NO_LONGER_OVERSOLD,1,1,1.0,1,1
2021-11-02,601888.SH,2021-11-09,5,487.21567999999996,518.0995933012223,True,True,False,False,False,True,107,497.57732,474.73549607654513,631.3761319234547,231.66,2.126704953338132,4.811484313313685,0,1,7.8045788936873635,1.0,-16.20794715778706,65.0,2022-02-10,0.0,Q3_NO_LONGER_OVERSOLD,1,1,1.0,0,0
2021-11-02,000858.SZ,2021-11-09,5,3568.3970000000004,3580.8786302483786,True,True,False,False,False,True,26,3700.4482500000004,3450.740682738687,4251.055417261314,209.68,3.700576197099137,7.236346924311121,0,0,,,,,,,Q3_NO_LONGER_OVERSOLD,0,0,,0,0
2021-11-04,603259.SH,2021-11-09,3,300.91971,302.3960769411235,True,True,False,False,False,True,16,302.08542,289.71594712011483,360.09600787988506,123.2,0.3873824017708971,4.269517436938619,0,0,,,,,,,Q3_NO_LONGER_OVERSOLD,1,1,2.0,0,0
2021-11-16,000625.SZ,2021-11-30,10,201.97485,202.98168172894765,True,True,False,False,False,True,97,192.02535,177.51340510302896,245.616719896971,17.46,-4.926108374384242,8.175126204439763,0,1,-22.229994518631575,0.0,-50.56884067272256,111.0,2022-05-06,0.0,Q3_NO_LONGER_OVERSOLD,0,0,,0,0
2021-11-26,600036.SH,2021-11-30,2,259.9689,260.095360883434,True,True,True,False,False,True,26,256.80361,257.62790834064543,276.9636276593546,49.48,-1.217564870259491,-0.31995692778575835,1,1,7.780249533285357,1.0,-0.681881397028028,8.0,2021-12-09,0.0,Q2_OVERSOLD_NOT_TOP10,2,1,1.0,0,0
2021-12-01,002129.SZ,2021-12-06,3,178.59011999999998,182.05277096352035,True,True,False,False,False,True,99,173.80569999999997,172.97364096237033,210.22452903762968,41.42,-2.6789947842579487,0.4810322734726258,0,1,7.212021342950852,1.0,-9.586816061636206,38.0,2022-01-26,0.0,Q3_NO_LONGER_OVERSOLD,2,1,1.0,0,0
2021-12-20,603259.SH,2022-03-01,45,272.11001999999996,283.57286804048954,True,True,False,False,False,True,56,251.57925,199.983344437744,264.49499456225595,104.66,-7.545025354082869,25.800101357099827,0,1,12.254494786218984,1.0,-27.774575294157543,56.0,2022-03-17,0.0,Q3_NO_LONGER_OVERSOLD,4,1,30.0,3,1
2021-12-20,002460.SZ,2022-03-01,45,1321.07653,1386.8271041409914,True,True,False,False,True,True,8,1399.9940000000001,1195.9324906894526,1503.9079933105477,152.0,5.973724323147289,17.062962240695256,0,0,,,,,,,Q3_NO_LONGER_OVERSOLD,2,1,1.0,0,0
2021-12-20,002466.SZ,2022-03-01,45,770.3598999999999,794.8702406778182,True,True,False,False,True,True,4,744.384,593.6041932587732,815.0339707412268,100.0,-3.371917463512819,25.400731405463063,0,1,1.837573601773871,1.0,-17.30144534985063,36.0,2022-02-17,1.0,Q0_EXPIRED_TP,4,1,1.0,3,1
2021-12-21,002466.SZ,2022-03-01,44,763.84654,774.543885902837,True,True,False,False,True,True,4,744.384,593.6041932587732,815.0339707412268,100.0,-2.547964673637193,25.400731405463063,0,0,,,,,,,Q3_NO_LONGER_OVERSOLD,3,1,3.0,2,1
2021-12-21,300274.SZ,2022-03-01,44,918.0108799999999,933.7041674886652,True,True,False,False,False,True,22,833.34656,627.2845012803873,862.3258667196126,124.88,-9.222583505764115,32.8498565322445,0,0,,,,,,,Q3_NO_LONGER_OVERSOLD,4,1,26.0,1,1
2021-12-24,600111.SH,2022-03-01,41,870.5190000000001,878.6654131239204,True,True,False,False,True,True,5,928.4223000000001,739.1959266650013,1013.4621233349988,49.21,6.651583710407238,25.59894697860734,0,1,10.927469701064592,1.0,-15.909311426630868,31.0,2022-02-16,1.0,Q0_EXPIRED_TP,1,1,24.0,0,0
2021-12-24,002466.SZ,2022-03-01,41,707.4749599999999,711.4795789655524,True,True,False,False,True,True,4,744.384,593.6041932587732,815.0339707412268,100.0,5.217010083296825,25.400731405463063,0,0,,,,,,,Q3_NO_LONGER_OVERSOLD,2,1,17.0,1,1
2021-12-29,600036.SH,2022-03-01,38,247.10018,250.37965021038892,True,True,False,False,False,True,52,260.69536,255.40027169457252,273.78432630542756,50.0,5.501889962200757,2.0732508506333014,0,1,5.516341863497587,1.0,0.1712841345332671,14.0,2022-01-20,1.0,Q0_EXPIRED_TP,0,0,,0,0
2022-01-05,300059.SZ,2022-03-01,34,1959.08034,1978.6852075994454,True,True,False,False,True,True,3,1532.85328,1310.2888765919834,1920.2105834080166,26.9,-21.7564870259481,16.985903443437532,0,1,-5.7513210082683415,0.0,-34.29215555403974,63.0,2022-04-14,0.0,Q3_NO_LONGER_OVERSOLD,6,1,1.0,4,1
2022-01-06,300059.SZ,2022-03-01,33,1897.0735200000001,1946.0777870098225,True,True,False,False,True,True,3,1532.85328,1310.2888765919834,1920.2105834080166,26.9,-19.199057714958776,16.985903443437532,0,0,,,,,,,Q3_NO_LONGER_OVERSOLD,5,1,1.0,3,1
2022-01-07,600519.SH,2022-03-01,32,14514.508,14618.312157388704,True,True,False,False,True,True,1,13890.27952,13179.502727511317,14700.505356488677,1802.0,-4.300720906282185,5.393047121610928,0,1,0.9984159395398547,1.0,-16.94033737384134,61.0,2022-04-14,0.0,Q3_NO_LONGER_OVERSOLD,2,1,4.0,2,1
2022-01-13,600519.SH,2022-03-01,28,14031.612860000001,14080.83511452728,True,True,False,False,True,True,1,13890.27952,13179.502727511317,14700.505356488677,1802.0,-1.0072494260649156,5.393047121610928,0,0,,,,,,,Q3_NO_LONGER_OVERSOLD,1,1,25.0,1,1
2022-01-13,600276.SH,2022-03-01,28,3047.1714399999996,3114.1350722204097,True,True,False,False,False,True,38,2635.1486800000002,2535.6808664345463,2712.7317955654535,40.08,-13.521482729570323,3.9227260371024864,0,1,-29.55698724716474,0.0,-41.037685718536785,91.0,2022-06-07,0.0,Q3_NO_LONGER_OVERSOLD,5,1,1.0,0,0
2022-01-14,600030.SH,2022-03-01,27,141.69483,143.09198880138632,True,True,False,False,False,True,64,140.31348,138.2019816218633,155.5267843781367,23.38,-0.9748767827308824,1.52783509567469,0,1,1.0102995428563415,1.0,-3.031052548737423,9.0,2022-01-28,1.0,Q0_EXPIRED_TP,0,0,,0,0
2022-01-17,601888.SH,2022-03-01,26,416.27998,428.6431658388692,True,True,False,False,False,True,48,455.23449999999997,432.62043858389575,502.8454714161044,202.05,9.357769259045302,5.227229090268426,0,0,,,,,,,Q3_NO_LONGER_OVERSOLD,2,1,1.0,0,0
2022-01-19,002466.SZ,2022-03-01,24,647.14884,649.4632770535333,True,True,False,False,True,True,4,744.384,593.6041932587732,815.0339707412268,100.0,15.02516175413373,25.400731405463063,0,0,,,,,,,Q3_NO_LONGER_OVERSOLD,1,1,1.0,0,0
2022-01-20,000792.SZ,2022-03-01,23,198.59455,205.21978293767705,True,True,False,False,True,True,10,243.54544999999996,204.6460587524864,263.56546324751355,34.45,22.634508348794036,19.008131153193265,0,1,18.801769360068377,1.0,1.1233664294888923,13.0,2022-02-16,1.0,Q0_EXPIRED_TP,0,0,,0,0
2022-01-24,000661.SZ,2022-03-01,21,1274.8818,1418.503971861842,True,True,False,False,False,True,132,1360.57375,1169.8834434041578,1420.9691115958422,180.56,6.7215603830880655,16.299940619807952,0,1,11.89884859958246,1.0,-2.210549804516748,17.0,2022-02-24,1.0,Q0_EXPIRED_TP,1,1,1.0,1,1
2022-01-25,000661.SZ,2022-03-01,20,1221.79895,1299.2799385600538,True,True,False,False,False,True,132,1360.57375,1169.8834434041578,1420.9691115958422,180.56,11.358235329961609,16.299940619807952,0,0,,,,,,,Q3_NO_LONGER_OVERSOLD,0,0,,0,0
2022-01-27,300274.SZ,2022-03-01,18,753.024,760.7492425440853,True,True,False,False,False,True,22,833.34656,627.2845012803873,862.3258667196126,124.88,10.666666666666668,32.8498565322445,0,0,,,,,,,Q3_NO_LONGER_OVERSOLD,3,1,3.0,0,0
2022-01-28,000858.SZ,2022-03-01,17,3516.2855000000004,3535.52563672926,True,True,False,False,False,True,15,3424.29275,3313.7997592227343,3637.165340777265,190.1,-2.61619114830125,3.3343291328858715,0,1,-8.807756178930596,0.0,-25.48451548451548,75.0,2022-05-30,0.0,Q3_NO_LONGER_OVERSOLD,2,1,1.0,2,1
2022-02-07,000858.SZ,2022-03-01,16,3467.3645,3488.2878398230487,True,True,False,False,False,True,15,3424.29275,3313.7997592227343,3637.165340777265,190.1,-1.2422042735916627,3.3343291328858715,0,0,,,,,,,Q3_NO_LONGER_OVERSOLD,1,1,1.0,1,1
2022-02-08,000858.SZ,2022-03-01,15,3367.7500000000005,3425.868249331415,True,True,False,False,False,True,15,3424.29275,3313.7997592227343,3637.165340777265,190.1,1.6789473684210465,3.3343291328858715,0,0,,,,,,,Q3_NO_LONGER_OVERSOLD,0,0,,0,0
2022-02-08,002475.SZ,2022-03-01,15,1462.32575,1501.7976850138384,True,True,False,False,False,True,95,1453.873,1362.6351614981788,1606.917346501821,42.93,-0.578034682080919,6.69569089950004,0,1,-17.15409169654668,0.0,-39.759314759314755,60.0,2022-05-11,0.0,Q3_NO_LONGER_OVERSOLD,2,1,1.0,0,0
2022-02-09,603259.SH,2022-03-01,14,220.60467,226.38815796425746,True,True,False,False,False,True,56,251.57925,199.983344437744,264.49499456225595,104.66,14.040763506955688,25.800101357099827,0,0,,,,,,,Q3_NO_LONGER_OVERSOLD,2,1,1.0,2,1
2022-02-10,603259.SH,2022-03-01,13,204.26094,215.5369478160446,True,True,False,False,False,True,56,251.57925,199.983344437744,264.49499456225595,104.66,23.165618448637314,25.800101357099827,0,0,,,,,,,Q3_NO_LONGER_OVERSOLD,1,1,1.0,1,1
2022-02-11,603259.SH,2022-03-01,12,197.62353,204.76357441994253,True,True,False,False,False,True,56,251.57925,199.983344437744,264.49499456225595,104.66,27.302275189599136,25.800101357099827,0,0,,,,,,,Q3_NO_LONGER_OVERSOLD,0,0,,0,0
2022-02-14,300059.SZ,2022-03-01,11,1535.64638,1658.1907064281154,True,True,False,False,True,True,3,1532.85328,1310.2888765919834,1920.2105834080166,26.9,-0.18188432157146828,16.985903443437532,0,0,,,,,,,Q3_NO_LONGER_OVERSOLD,2,1,1.0,2,1
2022-02-15,300059.SZ,2022-03-01,10,1528.3843200000001,1599.132635155857,True,True,False,False,True,True,3,1532.85328,1310.2888765919834,1920.2105834080166,26.9,0.29239766081869956,16.985903443437532,0,0,,,,,,,Q3_NO_LONGER_OVERSOLD,1,1,1.0,1,1
2022-02-16,300059.SZ,2022-03-01,9,1534.52914,1555.7408536355626,True,True,False,False,True,True,3,1532.85328,1310.2888765919834,1920.2105834080166,26.9,-0.10921004732435957,16.985903443437532,0,0,,,,,,,Q3_NO_LONGER_OVERSOLD,0,0,,0,0
2022-02-24,600519.SH,2022-03-01,3,13184.958139999999,13277.79383771756,True,True,False,False,True,True,1,13890.27952,13179.502727511317,14700.505356488677,1802.0,5.349439660792132,5.393047121610928,0,0,,,,,,,Q3_NO_LONGER_OVERSOLD,0,0,,0,0
2022-03-03,300014.SZ,2022-05-05,40,1415.43702,1431.021243032847,True,True,False,False,False,True,35,1172.79576,966.695862424525,1477.073687575475,65.1,-17.142497799018997,21.320035140997227,0,0,,,,,,,Q3_NO_LONGER_OVERSOLD,8,1,1.0,0,0
2022-03-04,000002.SZ,2022-05-05,39,3044.80927,3047.127574675467,True,True,False,False,False,True,15,3161.97991,2946.8686795528615,3581.651549447138,19.52,3.848209513629075,7.29965444132985,0,0,,,,,,,Q3_NO_LONGER_OVERSOLD,6,1,2.0,0,0
2022-03-07,600519.SH,2022-05-05,38,12758.118,12949.651496330629,True,True,False,False,True,True,5,13729.738000000001,12807.55073603724,13834.927375962761,1830.0,7.61570005858232,7.200340509820968,0,0,,,,,,,Q3_NO_LONGER_OVERSOLD,1,1,6.0,1,1
2022-03-07,600036.SH,2022-05-05,38,242.63764,248.38308705606292,True,True,False,False,False,True,12,203.72014,188.6333408562544,259.1410361437456,39.66,-16.039349871685204,7.997949394981174,0,0,,,,,,,Q3_NO_LONGER_OVERSOLD,11,1,1.0,9,1
2022-03-08,002460.SZ,2022-05-05,37,1189.036,1208.10718189,True,True,False,False,False,True,13,1040.2147200000002,871.8348423556486,1272.4861046443516,109.0,-12.51612903225805,19.31327694926699,0,1,17.706849570514894,1.0,-26.80924668847757,48.0,2022-05-23,0.0,Q3_NO_LONGER_OVERSOLD,7,1,1.0,1,1
2022-03-09,600036.SH,2022-05-05,36,230.33971,236.60897402327123,True,True,False,False,False,True,12,203.72014,188.6333408562544,259.1410361437456,39.66,-11.556656904708273,7.997949394981174,0,0,,,,,,,Q3_NO_LONGER_OVERSOLD,9,1,1.0,8,1
2022-03-14,300059.SZ,2022-05-05,33,1312.757,1317.0268758086133,True,True,False,False,True,True,6,1506.2163199999998,1354.2819257296846,1532.8382912703155,22.31,14.73687209437844,11.218815771203117,0,0,,,,,,,Q3_NO_LONGER_OVERSOLD,1,1,1.0,1,1
2022-03-14,600036.SH,2022-05-05,33,218.71635,222.20781502826358,True,True,False,False,False,True,12,203.72014,188.6333408562544,259.1410361437456,39.66,-6.856465005931211,7.997949394981174,0,0,,,,,,,Q3_NO_LONGER_OVERSOLD,7,1,1.0,7,1
2022-03-14,601888.SH,2022-05-05,33,373.806,380.2230739294186,True,True,False,False,False,True,31,392.91164000000003,349.5251762294482,416.9213997705517,179.0,5.111111111111133,12.412972432655467,0,0,,,,,,,Q3_NO_LONGER_OVERSOLD,1,1,1.0,0,0
2022-03-15,600519.SH,2022-05-05,32,11980.822,12334.024852754359,True,True,False,False,True,True,5,13729.738000000001,12807.55073603724,13834.927375962761,1830.0,14.597629444791016,7.200340509820968,0,0,,,,,,,Q3_NO_LONGER_OVERSOLD,0,0,,0,0
2022-03-15,300059.SZ,2022-05-05,32,1275.32946,1287.5756154228582,True,True,False,False,True,True,6,1506.2163199999998,1354.2819257296846,1532.8382912703155,22.31,18.104095235124575,11.218815771203117,0,0,,,,,,,Q3_NO_LONGER_OVERSOLD,0,0,,0,0
2022-03-15,601318.SH,2022-05-05,32,109.22664999999999,112.16525711715059,True,True,False,False,False,True,41,115.29622,109.70055617916185,129.55830782083814,44.79,5.556858147713961,5.100852735604522,0,0,,,,,,,Q3_NO_LONGER_OVERSOLD,4,1,23.0,0,0
2022-03-15,600036.SH,2022-05-05,32,204.70605,212.89716000739253,True,True,False,False,False,True,12,203.72014,188.6333408562544,259.1410361437456,39.66,-0.4816223067173775,7.997949394981174,0,0,,,,,,,Q3_NO_LONGER_OVERSOLD,6,1,22.0,6,1
2022-03-29,601012.SH,2022-05-05,22,1017.5659200000001,1020.8681467674776,True,True,False,False,True,True,7,945.56704,789.8295398681302,1013.0306281318698,68.32,-7.075598601022337,19.717862180474,0,1,-12.752364240157288,0.0,-24.27229974096604,42.0,2022-06-06,0.0,Q3_NO_LONGER_OVERSOLD,4,1,2.0,3,1
2022-03-29,002475.SZ,2022-05-05,22,1039.68825,1044.1496225858803,True,True,False,False,False,True,39,1009.2583500000001,895.40657309433,1067.52484290567,31.5,-2.9268292682926744,12.715092822272123,0,0,,,,,,,Q3_NO_LONGER_OVERSOLD,2,1,7.0,0,0
2022-03-31,601012.SH,2022-05-05,20,988.13672,998.3944373265695,True,True,False,False,True,True,7,945.56704,789.8295398681302,1013.0306281318698,68.32,-4.308075910790965,19.717862180474,0,0,,,,,,,Q3_NO_LONGER_OVERSOLD,3,1,2.0,2,1
2022-04-06,601012.SH,2022-05-05,18,938.9968,962.7887017841994,True,True,False,False,True,True,7,945.56704,789.8295398681302,1013.0306281318698,68.32,0.6997084548104882,19.717862180474,0,0,,,,,,,Q3_NO_LONGER_OVERSOLD,2,1,1.0,1,1
2022-04-11,002460.SZ,2022-05-05,15,1073.968,1135.817400411865,True,True,False,False,False,True,13,1040.2147200000002,871.8348423556486,1272.4861046443516,109.0,-3.142857142857136,19.31327694926699,0,0,,,,,,,Q3_NO_LONGER_OVERSOLD,5,1,1.0,0,0
2022-04-14,300122.SZ,2022-05-05,12,490.09999999999997,525.4509767316438,True,True,False,False,False,True,42,414.04999999999995,337.3826993382403,629.6310756617595,93.5,-15.517241379310354,22.72413517709677,0,1,-6.645958234266682,0.0,-26.858083500229743,40.0,2022-06-16,0.0,Q3_NO_LONGER_OVERSOLD,5,1,1.0,0,0
2022-04-14,300274.SZ,2022-05-05,12,597.6704,603.6685544417986,True,True,False,False,False,True,26,431.59808,311.37749856716925,786.2940534328308,63.0,-27.786606129398407,38.60927073601537,0,0,,,,,,,Q3_NO_LONGER_OVERSOLD,4,1,1.0,2,1
2022-04-18,600036.SH,2022-05-05,10,225.15071,228.15960043670518,True,True,False,False,False,True,12,203.72014,188.6333408562544,259.1410361437456,39.66,-9.51832219405394,7.997949394981174,0,0,,,,,,,Q3_NO_LONGER_OVERSOLD,5,1,1.0,5,1
2022-04-19,600036.SH,2022-05-05,9,218.45690000000002,223.80907454767222,True,True,False,False,False,True,12,203.72014,188.6333408562544,259.1410361437456,39.66,-6.745843230403814,7.997949394981174,0,0,,,,,,,Q3_NO_LONGER_OVERSOLD,4,1,1.0,4,1
2022-04-20,600036.SH,2022-05-05,8,213.2679,219.16836454423532,True,True,False,False,False,True,12,203.72014,188.6333408562544,259.1410361437456,39.66,-4.476885644768858,7.997949394981174,0,0,,,,,,,Q3_NO_LONGER_OVERSOLD,3,1,1.0,3,1
2022-04-21,300274.SZ,2022-05-05,7,437.43232,481.30688923066486,True,True,False,False,False,True,26,431.59808,311.37749856716925,786.2940534328308,63.0,-1.333746898263033,38.60927073601537,0,0,,,,,,,Q3_NO_LONGER_OVERSOLD,2,1,1.0,1,1
2022-04-21,600036.SH,2022-05-05,7,214.20192,215.4291845969187,True,True,False,False,False,True,12,203.72014,188.6333408562544,259.1410361437456,39.66,-4.8934108527131865,7.997949394981174,0,0,,,,,,,Q3_NO_LONGER_OVERSOLD,2,1,2.0,2,1
2022-04-22,300274.SZ,2022-05-05,6,441.97760000000005,447.5196648997801,True,True,False,False,False,True,26,431.59808,311.37749856716925,786.2940534328308,63.0,-2.3484267075978615,38.60927073601537,0,0,,,,,,,Q3_NO_LONGER_OVERSOLD,1,1,1.0,0,0
2022-04-25,600036.SH,2022-05-05,5,201.48887,207.20353852501586,True,True,False,False,False,True,12,203.72014,188.6333408562544,259.1410361437456,39.66,1.1073911923770163,7.997949394981174,0,0,,,,,,,Q3_NO_LONGER_OVERSOLD,1,1,1.0,1,1
2022-04-25,601012.SH,2022-05-05,5,774.87768,802.9064811341182,True,True,False,False,True,True,7,945.56704,789.8295398681302,1013.0306281318698,68.32,22.027910263204365,19.717862180474,0,0,,,,,,,Q3_NO_LONGER_OVERSOLD,0,0,,0,0
2022-04-25,002466.SZ,2022-05-05,5,464.46459999999996,481.8014044065004,True,True,False,False,True,True,2,606.59542,461.93636921867125,661.6957707813286,78.3,30.60100166944908,31.315795945231173,0,0,,,,,,,Q3_NO_LONGER_OVERSOLD,1,1,1.0,0,0
2022-04-26,600036.SH,2022-05-05,4,199.30948999999998,201.45670832288468,True,True,False,False,False,True,12,203.72014,188.6333408562544,259.1410361437456,39.66,2.2129653736006283,7.997949394981174,0,0,,,,,,,Q3_NO_LONGER_OVERSOLD,0,0,,0,0
2022-07-27,603259.SH,2022-08-05,7,230.377488,230.73981745325722,True,True,False,False,False,True,27,228.89519199999998,214.3291573393683,264.3257382606317,95.88,-0.6434205064342113,6.796105038367628,0,1,-6.553924195303395,0.0,-28.309548483894677,51.0,2022-10-17,0.0,Q3_NO_LONGER_OVERSOLD,1,1,2.0,0,0
2022-07-29,000858.SZ,2022-08-05,5,3210.70048,3250.6714617949297,True,True,False,False,False,True,36,3224.738296,3127.802213066383,3545.4515637336162,177.45,0.43721973094170696,3.099175597762116,0,1,-2.4673011477159523,0.0,-11.069322834028704,40.0,2022-09-27,0.0,Q3_NO_LONGER_OVERSOLD,3,1,1.0,0,0
2022-08-02,300059.SZ,2022-08-05,3,1428.22008,1434.5270977413295,True,True,False,False,True,True,10,1464.53076,1414.24128526667,1611.6487147333303,21.34,2.5423728813559254,3.555933153503399,0,0,,,,,,,Q3_NO_LONGER_OVERSOLD,1,1,1.0,0,0
2022-08-03,601012.SH,2022-08-05,2,1093.230162,1103.106376470481,True,True,False,False,False,True,13,1090.730691,1081.9117213845063,1222.5620872154939,56.19,-0.22863172704890022,0.8151283918255592,0,1,-1.5712301907594528,0.0,-19.391196211456485,54.0,2022-10-27,0.0,Q3_NO_LONGER_OVERSOLD,1,1,1.0,1,1
2022-08-04,601012.SH,2022-08-05,1,1072.080792,1090.9332261410552,True,True,False,False,False,True,13,1090.730691,1081.9117213845063,1222.5620872154939,56.19,1.739598278335719,0.8151283918255592,0,0,,,,,,,Q3_NO_LONGER_OVERSOLD,0,0,,0,0
2022-08-19,002466.SZ,2022-08-31,8,846.7368,849.9239739724753,True,True,False,False,True,True,2,885.8169599999999,856.6362336299181,948.0219723700819,115.25,4.615384615384599,3.4064314845090093,0,1,13.385590477234006,1.0,9.375047340307896,2.0,2022-08-24,1.0,Q0_EXPIRED_TP,0,0,,0,0
2022-08-19,688599.SH,2022-08-31,8,73.612143,74.44041960538244,True,True,False,False,False,True,88,72.898353,67.2923396844445,91.4239653155555,73.5,-0.969663388280928,8.33083429977901,0,1,4.900961296612725,1.0,-10.65050057855813,42.0,2022-10-27,0.0,Q3_NO_LONGER_OVERSOLD,1,1,1.0,0,0
2022-08-19,002459.SZ,2022-08-31,8,128.70503799999997,129.6387480015799,True,True,False,False,False,True,133,122.18313799999999,116.97082321504972,148.4928675849503,66.77,-5.06732300564644,4.4560811334699135,0,1,5.627000867343111,1.0,-8.526124331595442,42.0,2022-10-27,0.0,Q3_NO_LONGER_OVERSOLD,2,1,1.0,0,0
2022-08-22,601012.SH,2022-08-31,7,1026.898047,1041.101207978354,True,True,False,False,True,True,9,984.40704,961.6208349526657,1197.845202247334,52.45,-4.137801909754712,2.3695623284260448,0,0,,,,,,,Q3_NO_LONGER_OVERSOLD,0,0,,0,0
2022-08-23,002271.SZ,2022-08-31,6,1074.14508,1137.9698256148274,True,True,False,False,False,True,140,1027.44312,969.495710836694,1412.270407163306,29.96,-4.34782608695653,5.97706709948167,0,1,-5.965240206705305,0.0,-27.211616337282265,44.0,2022-11-02,0.0,Q3_NO_LONGER_OVERSOLD,2,1,1.0,0,0
2022-08-24,000625.SZ,2022-08-31,5,220.351835,222.52123539866602,True,True,False,False,False,True,19,210.91026,208.6534620354336,274.1160559645663,15.02,-4.284772577455509,1.0816010156510902,0,1,2.31475867645841,1.0,-25.9440493846272,63.0,2022-11-30,0.0,Q3_NO_LONGER_OVERSOLD,0,0,,0,0
2022-08-25,002460.SZ,2022-08-31,4,1157.238,1162.6470433232462,True,True,True,False,False,True,12,1152.665,1161.8435067966973,1276.3590432033022,88.8,-0.3951650395165096,-0.7899951020084672,1,1,2.226213115920718,1.0,-16.296158903140224,41.0,2022-11-01,0.0,Q2_OVERSOLD_NOT_TOP10,1,1,4.0,0,0
2022-08-29,000858.SZ,2022-08-31,2,2975.83702,2984.446236159851,True,True,False,False,False,True,11,3008.9518679999996,2941.3494367225608,3283.522099277439,162.9,1.1127910492893855,2.2983475010968313,0,0,,,,,,,Q3_NO_LONGER_OVERSOLD,1,1,1.0,1,1
2022-08-29,601166.SH,2022-08-31,2,80.00948700000001,80.68607363065144,True,True,False,False,False,True,55,80.860149,80.03110311248413,85.91887538751585,16.73,1.0632014176019,1.0359046111742876,0,0,,,,,,,Q3_NO_LONGER_OVERSOLD,1,1,1.0,0,0
2022-08-30,000858.SZ,2022-08-31,1,2952.080716,2954.732428365978,True,True,False,False,False,True,11,3008.9518679999996,2941.3494367225608,3283.522099277439,162.9,1.92647686398828,2.2983475010968313,0,0,,,,,,,Q3_NO_LONGER_OVERSOLD,0,0,,0,0
2022-09-01,300750.SZ,2022-09-26,16,469.41016,470.516314395203,True,True,False,False,True,True,1,430.37464,390.916097450989,506.76331454901083,413.04,-8.315866022158536,10.093864848826817,0,1,-1.3981718838619202,0.0,-23.11007725428209,62.0,2022-12-07,0.0,Q3_NO_LONGER_OVERSOLD,0,0,,0,0
2022-09-01,002466.SZ,2022-09-26,16,836.8116799999999,846.7170510314663,True,True,False,False,True,True,8,852.1646,799.4640969552552,916.4728410447449,110.2,1.8346923647146074,6.5919787074183445,0,1,0.4175574221779625,1.0,-14.941832598643856,39.0,2022-11-04,0.0,Q3_NO_LONGER_OVERSOLD,1,1,1.0,1,1
2022-09-02,002466.SZ,2022-09-26,15,815.8758799999999,830.3831410994817,True,True,False,False,True,True,8,852.1646,799.4640969552552,916.4728410447449,110.2,4.447823607679147,6.5919787074183445,0,0,,,,,,,Q3_NO_LONGER_OVERSOLD,0,0,,0,0
2022-09-05,600519.SH,2022-09-26,14,13862.690999999999,13917.25275582759,True,True,False,False,True,True,2,14074.219799999999,13641.524283198267,14453.572286201734,1820.0,1.5258855585831066,3.1719000591060587,0,0,,,,,,,Q3_NO_LONGER_OVERSOLD,1,1,2.0,1,1
2022-09-07,600519.SH,2022-09-26,12,13734.338345999999,13780.970328034598,True,True,False,False,True,True,2,14074.219799999999,13641.524283198267,14453.572286201734,1820.0,2.474683857624549,3.1719000591060587,0,0,,,,,,,Q3_NO_LONGER_OVERSOLD,0,0,,0,0
2022-09-14,603259.SH,2022-09-26,8,180.075056,185.2853601020806,True,True,False,False,False,True,24,168.479676,156.89229022662153,223.5198517733785,69.0,-6.439192777482727,7.38556735747895,0,0,,,,,,,Q3_NO_LONGER_OVERSOLD,1,1,2.0,0,0
2022-09-16,300059.SZ,2022-09-26,6,1340.8054800000002,1411.1886298107177,True,True,False,False,True,True,9,1219.76988,1191.9851226952726,1640.1806753047279,18.15,-9.027081243731205,2.3309651081803384,0,0,,,,,,,Q3_NO_LONGER_OVERSOLD,4,1,1.0,4,1
2022-09-16,600030.SH,2022-09-26,6,113.64403200000001,115.93011968234133,True,True,False,False,False,True,111,111.176192,110.65097895384207,124.58969944615797,18.24,-2.1715526601520208,0.4746573876919902,0,1,3.2914258355483077,1.0,-6.306227832113387,34.0,2022-11-11,0.0,Q3_NO_LONGER_OVERSOLD,2,1,1.0,0,0
2022-09-19,300059.SZ,2022-09-26,5,1287.01188,1359.7330213581477,True,True,False,False,True,True,9,1219.76988,1191.9851226952726,1640.1806753047279,18.15,-5.224660397074188,2.3309651081803384,0,0,,,,,,,Q3_NO_LONGER_OVERSOLD,3,1,1.0,3,1
2022-09-19,601012.SH,2022-09-26,5,925.188804,929.7005538741456,True,True,False,False,False,True,12,938.26296,902.9932663887453,1058.7838414112546,48.05,1.413133832086455,3.905864520153668,0,0,,,,,,,Q3_NO_LONGER_OVERSOLD,0,0,,0,0
2022-09-20,300059.SZ,2022-09-26,4,1297.09818,1324.8782132151737,True,True,False,False,True,True,9,1219.76988,1191.9851226952726,1640.1806753047279,18.15,-5.961638154484183,2.3309651081803384,0,0,,,,,,,Q3_NO_LONGER_OVERSOLD,2,1,1.0,2,1
2022-09-20,600703.SH,2022-09-26,4,420.18101700000005,446.36729263260094,True,True,False,False,False,True,94,387.229866,373.8639220057087,595.6537018942913,17.79,-7.842132239876998,3.5750825922398644,0,0,,,,,,,Q3_NO_LONGER_OVERSOLD,3,1,1.0,1,1
2022-09-21,300059.SZ,2022-09-26,3,1270.8738,1289.6418623105942,True,True,False,False,True,True,9,1219.76988,1191.9851226952726,1640.1806753047279,18.15,-4.021164021164026,2.3309651081803384,0,0,,,,,,,Q3_NO_LONGER_OVERSOLD,1,1,1.0,1,1
2022-09-21,300760.SZ,2022-09-26,3,271.92,284.48775167654145,True,True,False,False,False,True,71,270.42650000000003,266.03274597053013,327.5408040294698,255.3,-0.5492424242424132,1.651583910635046,0,0,,,,,,,Q3_NO_LONGER_OVERSOLD,2,1,1.0,0,0
2022-09-21,600703.SH,2022-09-26,3,407.04362999999995,428.0109266516793,True,True,False,False,False,True,94,387.229866,373.8639220057087,595.6537018942913,17.79,-4.867724867724855,3.5750825922398644,0,0,,,,,,,Q3_NO_LONGER_OVERSOLD,2,1,1.0,0,0
2022-09-22,300059.SZ,2022-09-26,2,1248.01152,1254.2069558495996,True,True,False,False,True,True,9,1219.76988,1191.9851226952726,1640.1806753047279,18.15,-2.2629310344827513,2.3309651081803384,0,0,,,,,,,Q3_NO_LONGER_OVERSOLD,0,0,,0,0
2022-09-29,603799.SH,2022-10-12,4,158.18003600000003,162.00957367500786,True,True,False,False,False,True,58,152.889653,146.87576244920555,195.85409075079448,62.72,-3.344532681734891,4.094542523906397,0,0,,,,,,,Q3_NO_LONGER_OVERSOLD,2,1,1.0,0,0
2022-10-10,600519.SH,2022-10-12,2,13492.515599999999,13577.611378345531,True,True,True,False,True,True,1,13296.096,13371.87494499725,14527.65569420275,1773.66,-1.4557670772676334,-0.5667039611793601,1,0,,,,,,,Q1_EXACT_ELIGIBLE,2,1,1.0,2,1
2022-10-10,600036.SH,2022-10-12,2,172.18428,174.93458123718622,True,True,True,False,True,True,8,167.58187,169.34394350503015,197.4356458949698,31.25,-2.672955974842761,-1.040529391579803,1,1,4.74708231806275,1.0,-15.71812899274364,23.0,2022-11-11,0.0,Q1_EXACT_ELIGIBLE,2,1,1.0,1,1
2022-10-10,000568.SZ,2022-10-12,2,7076.679128000001,7156.378804321118,True,True,False,False,False,True,38,7170.55928,7090.584173193727,7896.524049206275,215.53,1.3266130949550536,1.127905752936731,0,1,5.894426001503926,1.0,-25.68215911223951,37.0,2022-12-01,0.0,Q3_NO_LONGER_OVERSOLD,0,0,,0,0
2022-10-10,002466.SZ,2022-10-12,2,752.2930799999999,763.2503194136987,True,True,False,False,True,True,3,790.9079999999999,751.8718137441667,917.595402255833,101.31,5.132962275819408,5.191867222876856,0,0,,,,,,,Q3_NO_LONGER_OVERSOLD,0,0,,0,0
2022-10-11,600519.SH,2022-10-12,1,13447.112454,13492.290555868209,True,True,True,False,True,True,1,13296.096,13371.87494499725,14527.65569420275,1773.66,-1.123040017078747,-0.5667039611793601,1,0,,,,,,,Q1_EXACT_ELIGIBLE,1,1,1.0,1,1
2022-10-11,002050.SZ,2022-10-12,1,321.19443,333.9445512518196,True,True,False,False,False,True,22,340.38576,325.2543458529392,470.7020641470608,21.59,5.974988420565075,4.652178930117157,0,0,,,,,,,Q3_NO_LONGER_OVERSOLD,0,0,,0,0
2022-10-12,002371.SZ,2022-10-28,12,1102.5567999999998,1126.2582278504465,True,True,False,False,False,True,23,1263.6631599999998,1008.3926185140581,1446.2362386859418,258.78,14.612068965517233,25.31459838154131,0,1,10.597667780822029,1.0,-1.5906814805375702,44.0,2022-12-14,0.0,Q3_NO_LONGER_OVERSOLD,1,1,1.0,0,0
2022-10-12,600036.SH,2022-10-28,12,167.58187,169.34394350503015,True,True,False,False,False,True,17,147.168828,142.77527784964693,189.9139899503531,27.6,-12.18093699515348,3.077248538069588,0,0,,,,,,,Q3_NO_LONGER_OVERSOLD,2,1,1.0,2,1
2022-10-13,600036.SH,2022-10-28,11,161.842394,165.4216251601408,True,True,False,False,False,True,17,147.168828,142.77527784964693,189.9139899503531,27.6,-9.066577450652403,3.077248538069588,0,0,,,,,,,Q3_NO_LONGER_OVERSOLD,1,1,7.0,1,1
2022-10-19,000568.SZ,2022-10-28,7,6616.027056000001,6717.869164068412,True,True,False,False,True,True,8,5395.248592,5259.564368698235,8412.380505701765,159.32,-18.451836028888223,2.5797616264433554,0,0,,,,,,,Q3_NO_LONGER_OVERSOLD,4,1,2.0,3,1
2022-10-20,600887.SH,2022-10-28,6,2404.7898,2484.4943299699707,True,True,False,True,True,True,5,2053.99208,2159.862578346568,2824.4809536534326,26.58,-14.587458745874592,-4.901723813725911,0,0,,,,,,,Q3_NO_LONGER_OVERSOLD,3,1,1.0,0,0
2022-10-24,000858.SZ,2022-10-28,4,2577.7389559999997,2628.5900868370795,True,True,False,False,True,True,6,2474.615,2423.2543396587234,3169.483543541276,137.56,-4.000558542204846,2.119491111630878,0,1,13.014502136358589,1.0,-5.245731178235613,26.0,2022-11-30,0.0,Q3_NO_LONGER_OVERSOLD,2,1,1.0,2,1
2022-10-24,600036.SH,2022-10-28,4,151.717092,152.01753375540295,True,True,False,False,False,True,17,147.168828,142.77527784964693,189.9139899503531,27.6,-2.997858672376885,3.077248538069588,0,0,,,,,,,Q3_NO_LONGER_OVERSOLD,0,0,,0,0
2022-10-24,601318.SH,2022-10-28,4,101.95588000000001,104.81098727578826,True,True,True,False,False,True,35,99.332612,99.75370297700198,116.022289822998,37.51,-2.572944297082236,-0.4221306722809737,1,0,,,,,,,Q2_OVERSOLD_NOT_TOP10,3,1,1.0,0,0
2022-10-24,000568.SZ,2022-10-28,4,5989.486400000001,6210.645526182514,True,True,False,False,True,True,8,5395.248592,5259.564368698235,8412.380505701765,159.32,-9.921348314606748,2.5797616264433554,0,0,,,,,,,Q3_NO_LONGER_OVERSOLD,2,1,1.0,2,1
2022-10-25,300059.SZ,2022-10-28,3,1044.94068,1105.5274107629252,True,True,True,False,True,True,4,1033.50954,1042.4419246141363,1297.9158853858637,15.83,-1.0939510939510844,-0.8568711985986743,1,0,,,,,,,Q1_EXACT_ELIGIBLE,2,1,1.0,2,1
2022-10-25,000858.SZ,2022-10-28,3,2557.762064,2575.3464743527948,True,True,False,False,True,True,6,2474.615,2423.2543396587234,3169.483543541276,137.56,-3.2507739938080538,2.119491111630878,0,0,,,,,,,Q3_NO_LONGER_OVERSOLD,1,1,2.0,1,1
2022-10-25,000568.SZ,2022-10-28,3,5921.515824,5992.870386657745,True,True,False,False,True,True,8,5395.248592,5259.564368698235,8412.380505701765,159.32,-8.887373565177858,2.5797616264433554,0,0,,,,,,,Q3_NO_LONGER_OVERSOLD,1,1,2.0,1,1
2022-10-26,300059.SZ,2022-10-28,2,1059.0615,1081.9802194153333,True,True,True,False,True,True,4,1033.50954,1042.4419246141363,1297.9158853858637,15.83,-2.412698412698411,-0.8568711985986743,1,0,,,,,,,Q1_EXACT_ELIGIBLE,1,1,2.0,1,1
2022-10-26,002714.SZ,2022-10-28,2,940.004166,958.0160545852312,True,True,True,False,False,True,16,880.536027,906.1687084632732,1144.259377636727,48.88,-6.326369728025238,-2.828687552756315,1,0,,,,,,,Q2_OVERSOLD_NOT_TOP10,2,1,1.0,0,0
2022-10-27,000858.SZ,2022-10-28,1,2467.41612,2474.0955338208432,True,True,False,False,True,True,6,2474.615,2423.2543396587234,3169.483543541276,137.56,0.29175784099197966,2.119491111630878,0,0,,,,,,,Q3_NO_LONGER_OVERSOLD,0,0,,0,0
2022-10-27,000568.SZ,2022-10-28,1,5360.25384,5495.867209390188,True,True,False,False,True,True,8,5395.248592,5259.564368698235,8412.380505701765,159.32,0.652856246076583,2.5797616264433554,0,0,,,,,,,Q3_NO_LONGER_OVERSOLD,0,0,,0,0
2022-10-28,300059.SZ,2022-11-04,5,1033.50954,1042.4419246141363,True,True,False,False,True,True,4,1155.8899800000002,1006.5453313631122,1276.4550526368878,16.05,11.8412491867274,14.837349494695706,0,0,,,,,,,Q3_NO_LONGER_OVERSOLD,0,0,,0,0
2022-10-31,000651.SZ,2022-11-04,4,5401.327655,5432.8487003563505,True,True,False,False,False,True,73,5682.03844,5343.01100822508,6242.243362774919,29.3,5.1970701081269555,6.3452504824155875,0,0,,,,,,,Q3_NO_LONGER_OVERSOLD,0,0,,0,0
2022-11-01,600522.SH,2022-11-04,3,176.15425499999998,178.51845711681773,True,True,False,False,False,True,38,180.28892699999997,168.35895331410927,225.6408326858907,20.0,2.347188264058686,7.086034601101865,0,1,-5.676303523410963,0.0,-29.92156358492991,43.0,2023-01-03,0.0,Q3_NO_LONGER_OVERSOLD,1,1,1.0,0,0
2022-11-23,002812.SZ,2022-12-01,6,456.9118,477.49868656078047,True,True,False,False,False,True,34,456.24584999999996,399.4141893303273,653.1022606696728,130.0,-0.14575023013195798,14.228753556542074,0,0,,,,,,,Q3_NO_LONGER_OVERSOLD,1,1,2.0,0,0
2022-11-28,600522.SH,2022-12-01,3,139.20062399999998,146.63819642478103,True,True,False,False,False,True,50,143.938269,135.66765542121206,194.4428342787879,16.88,3.403465346534662,6.096230935155367,0,0,,,,,,,Q3_NO_LONGER_OVERSOLD,0,0,,0,0
2022-11-28,603259.SH,2022-12-01,3,181.868156,186.20081069399183,True,True,False,False,False,True,86,191.264,183.18264595531767,215.32546124468232,79.3,5.166294202708044,4.411637359279963,0,1,6.738265986701266,1.0,-1.8877921555909616,22.0,2022-12-29,0.0,Q3_NO_LONGER_OVERSOLD,0,0,,0,0
2022-12-28,000625.SZ,2023-01-03,3,179.53517999999997,182.1713565391983,True,True,False,False,False,True,32,179.24466999999999,175.40147521284894,208.04267378715105,12.15,-0.16181229773462036,2.1910846430951425,0,1,15.403895272762636,1.0,-0.4255727972109269,16.0,2023-01-30,0.0,Q3_NO_LONGER_OVERSOLD,1,1,1.0,0,0
2022-12-30,002709.SZ,2023-01-03,1,615.7944,629.5556203103183,True,True,False,False,False,True,52,623.6568,622.7888980030184,736.4937019969816,43.6,1.276789785681709,0.13935733275987072,0,1,15.538268097973235,1.0,-1.6808879194200377,14.0,2023-01-30,0.0,Q3_NO_LONGER_OVERSOLD,0,0,,0,0
2023-03-08,600519.SH,2023-03-31,17,13545.129336000002,13547.428561838973,True,True,False,False,True,True,6,13924.456,13223.28921048393,13898.651424316067,1825.0,2.8004654262830053,5.302514210761999,0,1,3.358107895598216,1.0,-2.2696760253321235,16.0,2023-03-31,1.0,Q0_EXPIRED_TP,1,1,2.0,1,1
2023-03-10,002594.SZ,2023-03-31,15,248.075742,252.74134681884578,True,True,False,False,True,True,9,261.217206,233.62100509688847,269.62258420311156,258.97,5.297359545940594,11.812380009094925,0,1,7.839512102970262,1.0,-2.9639895104068503,33.0,2023-04-28,0.0,Q3_NO_LONGER_OVERSOLD,2,1,1.0,2,1
2023-03-10,600519.SH,2023-03-31,15,13388.9,13402.729455093153,True,True,False,False,True,True,6,13924.456,13223.28921048393,13898.651424316067,1825.0,4.0000000000000036,5.302514210761999,0,0,,,,,,,Q3_NO_LONGER_OVERSOLD,0,0,,0,0
2023-03-13,002594.SZ,2023-03-31,14,245.371947,248.54711225888263,True,True,False,False,True,True,9,261.217206,233.62100509688847,269.62258420311156,258.97,6.457648966692986,11.812380009094925,0,0,,,,,,,Q3_NO_LONGER_OVERSOLD,1,1,1.0,1,1
2023-03-14,300274.SZ,2023-03-31,13,718.039668,735.2865234922077,True,True,False,False,False,True,49,712.198634,628.5998994848248,817.755581215175,105.58,-0.8134695421869176,13.29919629062768,0,0,,,,,,,Q3_NO_LONGER_OVERSOLD,3,1,1.0,1,1
2023-03-14,002594.SZ,2023-03-31,13,244.85159399999998,245.16965898422413,True,True,False,False,True,True,9,261.217206,233.62100509688847,269.62258420311156,258.97,6.683890324193675,11.812380009094925,0,0,,,,,,,Q3_NO_LONGER_OVERSOLD,0,0,,0,0
2023-03-16,601012.SH,2023-03-31,11,769.068,784.6189853236867,True,True,False,False,False,True,50,776.9509469999999,720.7839727474675,860.7851425525328,40.55,1.024999999999987,7.792483792118254,0,0,,,,,,,Q3_NO_LONGER_OVERSOLD,2,1,1.0,0,0
2023-03-16,300274.SZ,2023-03-31,11,668.5267170000001,696.9950049797901,True,True,False,False,False,True,49,712.198634,628.5998994848248,817.755581215175,105.58,6.532561211012888,13.29919629062768,0,0,,,,,,,Q3_NO_LONGER_OVERSOLD,1,1,1.0,0,0
2023-04-27,600036.SH,2023-05-22,14,176.67839800000002,177.96935672917024,True,True,False,False,False,True,101,185.17932000000002,178.86895376179763,192.62133763820242,33.98,4.811523138216356,3.527927069225223,0,1,-0.6278320762058595,0.0,-3.208313559515019,57.0,2023-07-25,0.0,Q3_NO_LONGER_OVERSOLD,0,0,,0,0
2023-05-04,000651.SZ,2023-05-22,12,6860.65919,6901.677172084069,True,True,False,False,False,True,34,6818.046400000001,5938.006429661235,8270.066228838768,34.7,-0.6211180124223503,14.820461728415001,0,1,6.144996620188443,1.0,-8.199145487281069,25.0,2023-06-09,0.0,Q3_NO_LONGER_OVERSOLD,2,1,1.0,0,0
2023-05-09,688981.SH,2023-05-22,9,52.78,54.64611023380318,True,True,False,False,False,True,50,54.55,49.33553157705843,65.52146842294157,55.0,3.3535430087154205,10.56939746315888,0,1,-1.9912914951639944,0.0,-7.516899480160088,57.0,2023-08-01,0.0,Q3_NO_LONGER_OVERSOLD,1,1,1.0,0,0
2023-05-12,601899.SH,2023-05-22,6,22.473864000000003,23.202361284284834,True,True,False,False,False,True,95,22.31012,21.09287582550756,28.45605857449245,10.9,-0.7285974499089298,5.770878208178853,0,0,,,,,,,Q3_NO_LONGER_OVERSOLD,0,0,,0,0
2023-05-29,300059.SZ,2023-07-25,39,1182.897189,1203.5955067300272,True,True,False,False,True,True,1,1222.5715,1114.5460364318646,1195.2234835681352,14.81,3.353994866919918,9.692328538888418,0,0,,,,,,,Q3_NO_LONGER_OVERSOLD,2,1,1.0,1,1
2023-05-29,601012.SH,2023-07-25,39,581.6076750000001,595.4732779827737,True,True,False,False,False,True,15,569.4978,535.0630890002126,600.1709409997875,28.78,-2.082138101083364,6.435635667586426,0,0,,,,,,,Q3_NO_LONGER_OVERSOLD,3,1,1.0,1,1
2023-05-30,300059.SZ,2023-07-25,38,1168.323507,1184.0125649086622,True,True,False,False,True,True,1,1222.5715,1114.5460364318646,1195.2234835681352,14.81,4.643233888128884,9.692328538888418,0,0,,,,,,,Q3_NO_LONGER_OVERSOLD,1,1,1.0,0,0
2023-05-30,601012.SH,2023-07-25,38,567.1876500000001,585.2279979643366,True,True,False,False,False,True,15,569.4978,535.0630890002126,600.1709409997875,28.78,0.4072990658382514,6.435635667586426,0,0,,,,,,,Q3_NO_LONGER_OVERSOLD,2,1,1.0,0,0
2023-06-07,300750.SZ,2023-07-25,32,377.7006,381.499076647085,True,True,False,False,False,True,11,412.4097,398.1013886545772,423.85929334542294,224.9,9.189580318379154,3.5941375119989294,0,1,8.015096907867838,1.0,-2.325641456076233,35.0,2023-07-31,0.0,Q3_NO_LONGER_OVERSOLD,1,1,28.0,1,1
2023-06-09,002415.SZ,2023-07-25,30,723.44016,742.2041913009707,True,True,False,False,False,True,104,771.0584400000001,734.5645084245764,783.3631795754238,33.4,6.582200247218806,4.968104387958028,0,0,,,,,,,Q3_NO_LONGER_OVERSOLD,1,1,1.0,0,0
2023-07-11,600570.SH,2023-07-25,10,1665.33446,1699.9941342240863,True,True,False,False,False,True,55,1717.68377,1494.7054503075315,2085.0030076924686,37.62,3.14347125201504,14.9178769400079,0,1,12.935015317595871,1.0,-2.8971028971028767,17.0,2023-08-04,0.0,Q3_NO_LONGER_OVERSOLD,1,1,1.0,0,0
2023-07-19,300750.SZ,2023-07-25,4,399.92900000000003,401.68142270448294,True,True,False,False,False,True,11,412.4097,398.1013886545772,423.85929334542294,224.9,3.1207289293849527,3.5941375119989294,0,0,,,,,,,Q3_NO_LONGER_OVERSOLD,0,0,,0,0
2023-07-20,300308.SZ,2023-07-25,3,611.39,624.9753590327309,True,True,False,False,True,True,6,631.37775,599.6161712295414,754.6973327704588,133.16,3.26923076923078,5.296985020489031,0,1,-5.693477162892338,0.0,-34.51667938245894,75.0,2023-11-13,0.0,Q3_NO_LONGER_OVERSOLD,1,1,1.0,1,1
2023-07-20,000063.SZ,2023-07-25,3,658.1916299999999,663.838276894707,True,True,False,False,False,True,20,669.16422,650.2304868787072,755.5711931212928,41.8,1.6670813635232706,2.911849490813645,0,1,-20.144973123840867,0.0,-47.10023992600859,141.0,2024-02-22,0.0,Q3_NO_LONGER_OVERSOLD,0,0,,0,0
2023-07-21,300308.SZ,2023-07-25,2,612.51872,615.6374844457557,True,True,False,False,True,True,6,631.37775,599.6161712295414,754.6973327704588,133.16,3.07893120393119,5.296985020489031,0,0,,,,,,,Q3_NO_LONGER_OVERSOLD,0,0,,0,0
2023-08-07,000063.SZ,2023-08-28,15,601.85475,607.2210003078359,True,True,False,False,False,True,57,561.23979,531.6257283801272,666.5647226198728,35.4,-6.748299319727891,5.570471863750348,0,0,,,,,,,Q3_NO_LONGER_OVERSOLD,0,0,,0,0
2023-08-07,300760.SZ,2023-08-28,15,280.63764000000003,293.2680294383713,True,True,False,False,False,True,47,294.85692,267.60947686815916,308.2410871318409,294.03,5.06677578959116,10.181793055581734,0,0,,,,,,,Q3_NO_LONGER_OVERSOLD,2,1,1.0,0,0
2023-08-09,603019.SH,2023-08-28,13,171.28783999999996,171.7617236915763,True,True,False,False,False,True,43,154.01375999999996,145.62317038713383,191.91154561286612,40.06,-10.084825636192274,5.761850666044466,0,0,,,,,,,Q3_NO_LONGER_OVERSOLD,2,1,2.0,0,0
2023-08-18,000858.SZ,2023-08-28,6,3011.40495,3014.805145811197,True,True,False,False,True,True,3,2900.17835,2845.5993377073764,3406.2931622926235,168.01,-3.693511893842105,1.9180146540445975,0,1,9.240903528696505,1.0,-11.483263314561876,46.0,2023-11-01,0.0,Q3_NO_LONGER_OVERSOLD,1,1,1.0,0,0
2023-08-18,000977.SZ,2023-08-28,6,271.35603,273.53415394512115,True,True,False,False,False,True,17,244.82402999999996,241.5127781565132,347.83590484348673,39.28,-9.77756049865559,1.3710462314921124,0,1,7.706372017077919,1.0,-30.83275021601012,54.0,2023-11-13,0.0,Q3_NO_LONGER_OVERSOLD,0,0,,0,0
2023-08-21,300274.SZ,2023-08-28,5,678.69432,694.8758069271629,True,True,False,False,False,True,31,681.9612000000001,643.3983797636076,799.2149922363924,108.0,0.48134777376656057,5.99361475709046,0,0,,,,,,,Q3_NO_LONGER_OVERSOLD,2,1,1.0,0,0
2023-08-21,600009.SH,2023-08-28,5,126.67875000000001,132.01419736493492,True,True,False,False,False,True,225,118.84770000000002,115.86978180662454,157.20046719337546,41.2,-6.181818181818177,2.5700559256643274,0,1,-11.699228208217027,0.0,-24.475915665342963,98.0,2024-01-16,0.0,Q3_NO_LONGER_OVERSOLD,3,1,1.0,0,0
2023-08-21,002594.SZ,2023-08-28,5,240.27024999999998,241.64741946944793,True,True,False,False,False,True,23,241.41824999999997,227.01539440165212,286.62235559834784,248.0,0.4777953158994874,6.344440048354283,0,0,,,,,,,Q3_NO_LONGER_OVERSOLD,0,0,,0,0
2023-08-21,601012.SH,2023-08-28,5,526.4249,530.5202330658992,True,True,False,False,False,True,11,516.0952,478.6197644057815,627.7105955942184,27.5,-1.962236208811552,7.8298972130298905,0,1,-11.755699669774852,0.0,-25.70964946655552,86.0,2023-12-28,0.0,Q3_NO_LONGER_OVERSOLD,2,1,1.0,2,1
2023-08-22,601012.SH,2023-08-28,4,503.62159999999994,517.2422224268836,True,True,False,False,False,True,11,516.0952,478.6197644057815,627.7105955942184,27.5,2.4767801857585203,7.8298972130298905,0,0,,,,,,,Q3_NO_LONGER_OVERSOLD,1,1,1.0,1,1
2023-08-23,601012.SH,2023-08-28,3,483.54689999999994,500.468230891796,True,True,False,False,False,True,11,516.0952,478.6197644057815,627.7105955942184,27.5,6.731156791616288,7.8298972130298905,0,0,,,,,,,Q3_NO_LONGER_OVERSOLD,0,0,,0,0
2023-08-25,300308.SZ,2023-08-28,1,502.98585,510.6404500233506,True,True,False,False,True,True,7,524.3845,501.72806061668905,671.5105373833111,114.0,4.254324450677882,4.515681135207639,0,0,,,,,,,Q3_NO_LONGER_OVERSOLD,0,0,,0,0
2023-09-08,300750.SZ,2023-10-10,16,406.19668,408.3455546413545,True,True,False,False,True,True,8,354.77984000000004,347.28221552955523,429.4491384704448,197.88,-12.658114290840583,2.158942823781529,0,1,-18.00484444688593,0.0,-36.91817379569734,101.0,2024-02-08,0.0,Q3_NO_LONGER_OVERSOLD,4,1,1.0,4,1
2023-09-11,300750.SZ,2023-10-10,15,403.62766,404.8564896622646,True,True,False,False,True,True,8,354.77984000000004,347.28221552955523,429.4491384704448,197.88,-12.102198347853555,2.158942823781529,0,0,,,,,,,Q3_NO_LONGER_OVERSOLD,3,1,1.0,3,1
2023-09-12,300750.SZ,2023-10-10,14,397.06846,400.2446155089057,True,True,False,False,True,True,8,354.77984000000004,347.28221552955523,429.4491384704448,197.88,-10.650208782636616,2.158942823781529,0,0,,,,,,,Q3_NO_LONGER_OVERSOLD,2,1,1.0,2,1
2023-09-13,300750.SZ,2023-10-10,13,394.6452,395.64915993511494,True,True,False,False,True,True,8,354.77984000000004,347.28221552955523,429.4491384704448,197.88,-10.101569713758064,2.158942823781529,0,0,,,,,,,Q3_NO_LONGER_OVERSOLD,1,1,2.0,1,1
2023-09-15,300750.SZ,2023-10-10,11,378.53872,383.7548326584798,True,True,False,False,True,True,8,354.77984000000004,347.28221552955523,429.4491384704448,197.88,-6.276472853292258,2.158942823781529,0,0,,,,,,,Q3_NO_LONGER_OVERSOLD,0,0,,0,0
2023-09-18,300308.SZ,2023-10-10,10,449.1365,450.80703422937756,True,True,False,False,False,True,17,514.7433500000001,441.43944099716396,557.792860002836,110.37,14.60732984293196,16.60565463685133,0,0,,,,,,,Q3_NO_LONGER_OVERSOLD,0,0,,0,0
2023-10-19,000977.SZ,2023-11-06,12,204.9597,210.75798015292978,True,True,False,False,False,True,23,204.89337,166.54794312752776,251.53667987247226,30.3,-0.03236245954691963,23.023656823615468,0,0,,,,,,,Q3_NO_LONGER_OVERSOLD,2,1,1.0,0,0
2023-10-23,300059.SZ,2023-11-06,10,1177.2311,1191.2666857312731,True,True,False,False,True,True,4,1278.43735,1182.6345129097263,1263.2371720902738,15.65,8.596973865199441,8.100798348473926,0,1,6.795375111896212,1.0,1.4727914111897888,9.0,2023-11-06,1.0,Q0_EXPIRED_TP,0,0,,0,0
2023-10-24,000063.SZ,2023-11-06,9,428.91363,451.4929653605043,True,True,False,False,False,True,16,443.16161999999997,372.78258881137606,569.4844831886239,26.55,3.3218785796105266,18.879377229775862,0,0,,,,,,,Q3_NO_LONGER_OVERSOLD,1,1,1.0,0,0
2023-10-24,601138.SH,2023-11-06,9,15.548799999999998,16.446518950002286,True,True,False,False,False,True,89,16.9161,13.70535440898579,22.10434559101421,14.92,8.793604651162813,23.426943187321836,0,0,,,,,,,Q3_NO_LONGER_OVERSOLD,1,1,1.0,0,0
2023-11-02,601012.SH,2023-11-06,2,436.7709,442.35626437527037,True,True,False,False,False,True,14,457.04049999999995,433.19849912934313,544.2250008706568,23.04,4.640785363676914,5.503712713357789,0,0,,,,,,,Q3_NO_LONGER_OVERSOLD,0,0,,0,0
2023-11-24,002594.SZ,2023-12-29,25,222.27124999999998,230.11787759180683,True,True,False,False,False,True,39,202.95,189.73401839164652,207.86348160835345,198.97,-8.692644685266316,6.9655308628277846,0,0,,,,,,,Q3_NO_LONGER_OVERSOLD,4,1,1.0,3,1
2023-11-27,002594.SZ,2023-12-29,24,214.12249999999997,223.55648535012526,True,True,False,False,False,True,39,202.95,189.73401839164652,207.86348160835345,198.97,-5.217807563427468,6.9655308628277846,0,0,,,,,,,Q3_NO_LONGER_OVERSOLD,3,1,1.0,2,1
2023-11-29,002594.SZ,2023-12-29,22,207.02949999999998,212.59571834525448,True,True,False,False,False,True,39,202.95,189.73401839164652,207.86348160835345,198.97,-1.9704921279334542,6.9655308628277846,0,0,,,,,,,Q3_NO_LONGER_OVERSOLD,1,1,1.0,1,1
2023-11-30,002594.SZ,2023-12-29,21,204.12875,206.75806590202401,True,True,False,False,False,True,39,202.95,189.73401839164652,207.86348160835345,198.97,-0.5774541802661348,6.9655308628277846,0,0,,,,,,,Q3_NO_LONGER_OVERSOLD,0,0,,0,0
2023-12-11,000568.SZ,2023-12-29,14,6222.263150000001,6327.234424277743,True,True,False,False,False,True,57,6149.26166,5487.080724803694,6755.8517891963065,179.46,-1.173230515009649,12.068000607372099,0,0,,,,,,,Q3_NO_LONGER_OVERSOLD,2,1,2.0,1,1
2023-12-13,000858.SZ,2023-12-29,12,2463.5587,2487.1161550509764,True,True,False,False,True,True,10,2583.80865,2363.1599873202213,2695.0537976797787,140.0,4.881148153685144,9.33701754700027,0,0,,,,,,,Q3_NO_LONGER_OVERSOLD,1,1,1.0,0,0
2023-12-13,000568.SZ,2023-12-29,12,5973.783900000001,6068.340092850419,True,True,False,False,False,True,57,6149.26166,5487.080724803694,6755.8517891963065,179.46,2.937464142283397,12.068000607372099,0,0,,,,,,,Q3_NO_LONGER_OVERSOLD,1,1,1.0,0,0
2023-12-14,002456.SZ,2023-12-29,11,179.08944,182.70736906456415,True,True,False,False,True,True,7,178.06724,157.34614091660308,207.4157070833969,8.2,-0.5707762557077611,13.169118074767127,0,1,9.13490121758614,1.0,-31.04845041063719,48.0,2024-03-01,0.0,Q3_NO_LONGER_OVERSOLD,2,1,1.0,0,0
2023-12-14,000628.SZ,2023-12-29,11,167.12002999999999,169.41440592082162,True,True,False,False,False,True,20,157.93272,147.56099087173297,200.342411128267,47.5,-5.497431995434654,7.028774384744141,0,1,44.67924500816973,1.0,-36.92391145097643,43.0,2024-02-23,0.0,Q3_NO_LONGER_OVERSOLD,0,0,,0,0
2023-12-20,000651.SZ,2023-12-29,7,6127.4752,6315.545812451005,True,True,False,False,False,True,97,6400.02848,6200.1275097095,6723.473674290499,32.21,4.4480519480519565,3.22414289024624,0,1,12.104633410839131,1.0,1.152866426178334,26.0,2024-01-29,0.0,Q3_NO_LONGER_OVERSOLD,1,1,1.0,1,1
2023-12-21,000651.SZ,2023-12-29,6,6264.74656,6271.854478877823,True,True,False,False,False,True,97,6400.02848,6200.1275097095,6723.473674290499,32.21,2.15941568751985,3.22414289024624,0,0,,,,,,,Q3_NO_LONGER_OVERSOLD,0,0,,0,0
2023-12-25,002555.SZ,2023-12-29,4,248.41392000000002,267.07235819449096,True,True,False,False,False,True,36,246.44861999999998,231.59040812396728,346.6663618760327,18.22,-0.7911392405063444,6.415728525371089,0,1,17.471539089853273,1.0,-15.41614883789949,39.0,2024-02-28,0.0,Q3_NO_LONGER_OVERSOLD,2,1,1.0,0,0
2023-12-27,300059.SZ,2023-12-29,2,1086.5503,1092.8509773361561,True,True,False,False,False,True,16,1136.7486,1092.5822054918601,1198.8082595081398,13.91,4.6199701937406745,4.042386402243925,0,0,,,,,,,Q3_NO_LONGER_OVERSOLD,0,0,,0,0
2024-01-04,000625.SZ,2024-01-25,15,225.87917,226.37695348288665,True,True,False,False,False,True,19,211.84482,193.49811737718633,247.23956462281362,13.72,-6.213211249182471,9.481592312885612,0,1,12.686864654118963,1.0,-23.01815831227596,30.0,2024-02-26,0.0,Q3_NO_LONGER_OVERSOLD,1,1,1.0,1,1
2024-01-05,000625.SZ,2024-01-25,14,219.96997000000002,220.80442208736275,True,True,False,False,False,True,19,211.84482,193.49811737718633,247.23956462281362,13.72,-3.6937541974479626,9.481592312885612,0,0,,,,,,,Q3_NO_LONGER_OVERSOLD,0,0,,0,0
2024-01-08,000063.SZ,2024-01-25,13,383.2218,390.5870545176033,True,True,False,False,False,True,12,404.83943999999997,366.27821711749687,430.10253888250304,23.85,5.641025641025643,10.527850437290187,0,0,,,,,,,Q3_NO_LONGER_OVERSOLD,0,0,,0,0
2024-01-08,000858.SZ,2024-01-25,13,2358.9615,2363.824024601964,True,True,False,False,False,True,11,2414.3906500000003,2248.83899303275,2558.3783419672495,128.0,2.3497267759563067,7.361650054990809,0,0,,,,,,,Q3_NO_LONGER_OVERSOLD,0,0,,0,0
2024-01-12,000661.SZ,2024-01-25,9,940.625,983.6413297308144,True,True,False,False,False,True,164,933.2505,849.3264105974488,1144.693239402551,122.68,-0.7839999999999958,9.88125276164622,0,0,,,,,,,Q3_NO_LONGER_OVERSOLD,2,1,1.0,0,0
2024-01-16,300033.SZ,2024-01-25,7,1181.03739,1233.1513978394405,True,True,False,False,False,True,79,1174.0403999999999,1042.0814657065844,1512.3741912934156,127.0,-0.5924444102485271,12.663015189886394,0,0,,,,,,,Q3_NO_LONGER_OVERSOLD,3,1,1.0,0,0
2024-01-17,600519.SH,2024-01-25,6,12391.4352,12545.423922462243,True,True,False,False,True,True,1,12870.7488,12404.255883511445,13530.365809288554,1626.82,3.8681039949270746,3.7607488983571136,0,1,5.907729356690894,1.0,1.296416417127988,13.0,2024-02-06,0.0,Q3_NO_LONGER_OVERSOLD,0,0,,0,0
2024-01-17,002475.SZ,2024-01-25,6,967.8152,996.7787531626087,True,True,False,False,False,True,66,992.6921400000001,930.2667066061837,1179.229649393817,29.0,2.5704225352112697,6.710487750503091,0,1,7.219372761109448,1.0,-9.700228849165017,37.0,2024-03-19,0.0,Q3_NO_LONGER_OVERSOLD,0,0,,0,0
2024-01-22,301236.SZ,2024-01-25,3,82.49980000000001,86.0373521929365,True,True,False,False,False,True,36,84.07231,80.43024043496435,118.12535556503563,36.42,1.906077348066293,4.528234088745053,0,1,15.202767971466354,1.0,-18.60402857348149,18.0,2024-02-26,0.0,Q3_NO_LONGER_OVERSOLD,0,0,,0,0
2024-01-30,603259.SH,2024-02-08,7,137.69070000000002,145.57350563595116,True,True,False,False,True,True,2,128.65664,107.16080305810272,204.08799494189725,53.65,-6.561125769569043,20.05942128881044,0,0,,,,,,,Q3_NO_LONGER_OVERSOLD,2,1,1.0,2,1
2024-01-30,002594.SZ,2024-02-08,7,176.26924999999997,181.96712127502713,True,True,False,False,False,True,22,185.69924999999998,168.0649324536735,206.43726754632647,181.49,5.349770308774793,10.492562183480668,0,0,,,,,,,Q3_NO_LONGER_OVERSOLD,3,1,1.0,0,0
2024-01-30,002129.SZ,2024-02-08,7,66.27474000000001,69.8530793458136,True,True,False,False,False,True,39,64.20033,54.551642758300794,93.19422024169918,11.64,-3.1300160513643926,17.68725331416534,0,1,-6.5866863796632105,0.0,-21.507064364207228,69.0,2024-05-22,0.0,Q3_NO_LONGER_OVERSOLD,3,1,1.0,0,0
2024-01-31,603259.SH,2024-02-08,6,131.2724,138.19450236804073,True,True,False,False,True,True,2,128.65664,107.16080305810272,204.08799494189725,53.65,-1.9926199261992572,20.05942128881044,0,0,,,,,,,Q3_NO_LONGER_OVERSOLD,1,1,3.0,1,1
2024-01-31,300418.SZ,2024-02-08,6,119.88571999999999,125.05056550283206,True,True,False,False,False,True,17,132.90096,113.92294575636777,153.71000024363224,32.15,10.856372218476062,16.658640730918293,0,1,39.428041617887864,1.0,-5.048190465578751,6.0,2024-02-19,0.0,Q3_NO_LONGER_OVERSOLD,1,1,3.0,0,0
2024-02-05,603259.SH,2024-02-08,3,116.81306,117.83586934628144,True,True,False,False,True,True,2,128.65664,107.16080305810272,204.08799494189725,53.65,10.138917686087524,20.05942128881044,0,0,,,,,,,Q3_NO_LONGER_OVERSOLD,0,0,,0,0
2024-04-08,600519.SH,2024-04-29,15,13095.947616,13132.294295273165,True,True,False,False,True,True,2,13389.3504,12796.221150948386,13610.83874185161,1696.95,2.2404089616358425,4.635190671174461,0,1,5.19682233937109,1.0,-1.7024693408321578,16.0,2024-05-06,0.0,Q3_NO_LONGER_OVERSOLD,4,1,1.0,4,1
2024-04-09,600519.SH,2024-04-29,14,13061.059872,13112.105600831115,True,True,False,False,True,True,2,13389.3504,12796.221150948386,13610.83874185161,1696.95,2.513506034098967,4.635190671174461,0,0,,,,,,,Q3_NO_LONGER_OVERSOLD,3,1,1.0,3,1
2024-04-10,600519.SH,2024-04-29,13,12949.167647999999,13031.181990815176,True,True,False,False,True,True,2,13389.3504,12796.221150948386,13610.83874185161,1696.95,3.399313098459933,4.635190671174461,0,0,,,,,,,Q3_NO_LONGER_OVERSOLD,2,1,1.0,2,1
2024-04-10,000977.SZ,2024-04-29,13,246.0843,247.42194374497572,True,True,False,False,False,True,37,255.30417000000003,222.3011049116851,284.81164408831495,37.91,3.746630727762801,14.84610933509587,0,1,12.570545419631626,1.0,-5.943113490283292,14.0,2024-05-06,0.0,Q3_NO_LONGER_OVERSOLD,0,0,,0,0
2024-04-11,600519.SH,2024-04-29,12,12949.3248,12976.547072627362,True,True,False,False,True,True,2,13389.3504,12796.221150948386,13610.83874185161,1696.95,3.398058252427183,4.635190671174461,0,0,,,,,,,Q3_NO_LONGER_OVERSOLD,1,1,1.0,1,1
2024-04-12,600519.SH,2024-04-29,11,12839.554128,12891.540060801795,True,True,False,False,True,True,2,13389.3504,12796.221150948386,13610.83874185161,1696.95,4.282051125132336,4.635190671174461,0,0,,,,,,,Q3_NO_LONGER_OVERSOLD,0,0,,0,0
2024-04-16,000625.SZ,2024-04-29,9,244.04996,246.11869574943654,True,True,False,False,True,True,8,241.68627999999998,233.19837609605395,274.12121690394605,16.7,-0.9685230024213176,3.639778306367747,0,1,-3.58132493313491,0.0,-21.00225913175552,56.0,2024-07-10,0.0,Q3_NO_LONGER_OVERSOLD,0,0,,0,0
2024-04-23,002230.SZ,2024-04-29,4,569.5329,582.455432657063,True,True,False,False,False,True,51,617.5707,569.94775547997,677.3930745200298,44.86,8.43459614010007,8.355668403312722,0,0,,,,,,,Q3_NO_LONGER_OVERSOLD,0,0,,0,0
2024-04-25,002466.SZ,2024-04-29,2,317.20385999999996,334.3183117829286,True,True,False,False,False,True,55,330.15425999999997,314.3625896857835,448.1003043142165,38.83,4.082674151569288,5.023393632811324,0,0,,,,,,,Q3_NO_LONGER_OVERSOLD,1,1,1.0,0,0
2024-04-26,600919.SH,2024-04-29,1,11.09849,11.103726102281868,True,True,False,False,False,True,13,11.4313,11.116215438444597,12.111028561555406,7.64,2.998696219035213,2.834458933439765,0,1,-3.22433989136676,0.0,-4.937993943229535,42.0,2024-07-02,0.0,Q3_NO_LONGER_OVERSOLD,0,0,,0,0
2024-05-07,000100.SZ,2024-05-21,10,16.712490000000003,17.03392830489995,True,True,False,False,False,True,76,16.4565,16.157192521355036,18.386829478644962,4.47,-1.5317286652078987,1.8524720693237073,0,1,6.430946014868081,1.0,-21.77020376586537,99.0,2024-09-27,0.0,Q3_NO_LONGER_OVERSOLD,0,0,,0,0
2024-05-28,000725.SZ,2024-07-09,29,21.7588,22.194346075969225,True,True,False,False,False,True,60,21.971899999999998,21.106307580057504,22.323491219942497,4.02,0.9793738625291759,4.101107769131329,0,1,4.499483038676097,1.0,-4.729416924538842,29.0,2024-07-10,0.0,Q3_NO_LONGER_OVERSOLD,2,1,1.0,0,0
2024-05-31,601138.SH,2024-07-09,26,25.888299999999997,25.934623262894082,True,True,False,False,True,True,7,32.769999999999996,28.548428006606244,33.33116519339376,27.1,26.582278481012644,14.78740613114271,0,1,17.235953981802986,1.0,3.344930931137835,8.0,2024-06-14,1.0,Q0_EXPIRED_TP,0,0,,0,0
2024-06-06,601012.SH,2024-07-09,22,334.8382,345.6566900591293,True,True,False,False,False,True,31,256.48839999999996,238.8504977852445,342.1264790147554,13.06,-23.39930151338767,7.384494643429251,0,1,-12.181185272863992,0.0,-23.302503947665233,40.0,2024-08-05,0.0,Q3_NO_LONGER_OVERSOLD,2,1,1.0,1,1
2024-06-07,300750.SZ,2024-07-09,21,360.62712,363.05526489823853,True,True,False,False,False,True,14,327.98682,323.17357232163465,360.02710447836535,175.3,-9.05098318728773,1.4893692091799693,0,1,1.3901215027090492,1.0,-8.530622816337097,29.0,2024-07-22,0.0,Q3_NO_LONGER_OVERSOLD,3,1,1.0,3,1
2024-06-07,601012.SH,2024-07-09,21,326.26259999999996,337.2828818741941,True,True,False,False,False,True,31,256.48839999999996,238.8504977852445,342.1264790147554,13.06,-21.38590203106333,7.384494643429251,0,0,,,,,,,Q3_NO_LONGER_OVERSOLD,1,1,1.0,0,0
2024-06-11,600519.SH,2024-07-09,20,12328.5744,12533.74177385838,True,True,False,False,True,True,2,11533.0006,11422.780123029712,12395.420269870287,1420.0,-6.453088363566184,0.9649181353676761,0,1,0.5216824393800606,1.0,-9.644495631756778,27.0,2024-07-19,0.0,Q3_NO_LONGER_OVERSOLD,3,1,1.0,3,1
2024-06-11,300750.SZ,2024-07-09,20,352.358082,358.3673357245232,True,True,False,False,False,True,14,327.98682,323.17357232163465,360.02710447836535,175.3,-6.916617851268702,1.4893692091799693,0,0,,,,,,,Q3_NO_LONGER_OVERSOLD,2,1,1.0,2,1
2024-06-11,000858.SZ,2024-07-09,20,2550.1092,2573.0995583503327,True,True,False,False,False,True,19,2339.99405,2305.9008690472137,2535.9392961527865,125.91,-8.239456961294056,1.4785189342017668,0,0,,,,,,,Q3_NO_LONGER_OVERSOLD,1,1,2.0,1,1
2024-06-12,600519.SH,2024-07-09,19,12349.632768,12404.144485639406,True,True,False,False,True,True,2,11533.0006,11422.780123029712,12395.420269870287,1420.0,-6.612602846912441,0.9649181353676761,0,0,,,,,,,Q3_NO_LONGER_OVERSOLD,2,1,1.0,2,1
2024-06-12,300750.SZ,2024-07-09,19,346.44096,352.83767416919665,True,True,False,False,False,True,14,327.98682,323.17357232163465,360.02710447836535,175.3,-5.326777757456858,1.4893692091799693,0,0,,,,,,,Q3_NO_LONGER_OVERSOLD,1,1,1.0,1,1
2024-06-13,600519.SH,2024-07-09,18,12218.646576,12263.471742644939,True,True,False,False,True,True,2,11533.0006,11422.780123029712,12395.420269870287,1420.0,-5.611472365087911,0.9649181353676761,0,0,,,,,,,Q3_NO_LONGER_OVERSOLD,1,1,17.0,1,1
2024-06-13,300750.SZ,2024-07-09,18,345.656988,348.2638993952914,True,True,False,False,False,True,14,327.98682,323.17357232163465,360.02710447836535,175.3,-5.112052877114115,1.4893692091799693,0,0,,,,,,,Q3_NO_LONGER_OVERSOLD,0,0,,0,0
2024-06-13,000858.SZ,2024-07-09,18,2477.9224,2490.9935518829866,True,True,False,False,False,True,19,2339.99405,2305.9008690472137,2535.9392961527865,125.91,-5.566290130796681,1.4785189342017668,0,0,,,,,,,Q3_NO_LONGER_OVERSOLD,0,0,,0,0
2024-06-28,300059.SZ,2024-07-09,7,857.7571200000001,902.0746821402413,True,True,False,False,False,True,26,822.8295100000001,767.9829509096235,1066.4525652903765,9.98,-4.07196969696969,7.141637587841587,0,0,,,,,,,Q3_NO_LONGER_OVERSOLD,2,1,1.0,0,0
2024-07-08,600519.SH,2024-07-09,1,11388.4,11461.939987648975,True,True,False,False,True,True,2,11533.0006,11422.780123029712,12395.420269870287,1420.0,1.269718309859158,0.9649181353676761,0,0,,,,,,,Q3_NO_LONGER_OVERSOLD,0,0,,0,0
2024-07-08,601919.SH,2024-07-09,1,29.995200000000004,30.16597182307386,True,True,False,False,False,True,21,30.245160000000002,29.9324055328478,33.9375575671522,14.29,0.8333333333333304,1.0448691362576534,0,1,1.728554133928233,1.0,-18.9753563441457,51.0,2024-09-20,0.0,Q3_NO_LONGER_OVERSOLD,0,0,,0,0
2024-07-25,300308.SZ,2024-09-20,39,802.45801,818.8668453170852,True,True,False,False,False,True,25,715.367,635.5605030983608,795.6000919016391,111.9,-10.8530301791118,12.55686854557232,0,1,7.199933708510119,1.0,-19.06064760762828,40.0,2024-09-24,0.0,Q3_NO_LONGER_OVERSOLD,2,1,25.0,1,1
2024-07-25,300502.SZ,2024-09-20,39,796.1120369999999,827.4607307123124,True,True,False,False,False,True,33,813.7014479999999,729.3070249567033,874.6518203432965,98.69,2.2094140249759864,11.57186481897754,0,1,13.964744747831642,1.0,-8.832761858698445,35.0,2024-09-13,1.0,Q0_EXPIRED_TP,2,1,1.0,1,1
2024-07-30,600519.SH,2024-09-20,36,11067.5198,11087.795827464573,True,True,False,False,True,True,1,10136.6384,10119.968642495112,11901.740337504887,1261.5,-8.410930513989234,0.1647214343618586,0,1,4.979956385509713,1.0,0.7986260334960527,22.0,2024-08-30,1.0,Q0_EXPIRED_TP,5,1,29.0,5,1
2024-08-02,002594.SZ,2024-09-20,33,243.607728,245.61697694925118,True,True,False,False,False,True,14,265.72936000000004,241.6390215013348,273.40071609866516,255.38,9.080841638981196,9.96955638579764,0,1,6.379967880191982,1.0,-1.999750379580556,19.0,2024-08-30,1.0,Q0_EXPIRED_TP,2,1,1.0,1,1
2024-08-05,002475.SZ,2024-09-20,32,1184.683437,1202.5335774790574,True,True,False,False,False,True,15,1256.43042,1201.9946876568815,1343.2724451431186,36.16,6.056215589684144,4.5287831054589,0,1,8.544910470004318,1.0,-1.2818167747745246,18.0,2024-08-30,1.0,Q0_EXPIRED_TP,0,0,,0,0
2024-08-05,300502.SZ,2024-09-20,32,726.51915,729.8939979195844,True,True,False,False,False,True,33,813.7014479999999,729.3070249567033,874.6518203432965,98.69,11.99999999999999,11.57186481897754,0,0,,,,,,,Q3_NO_LONGER_OVERSOLD,0,0,,0,0
2024-08-06,002594.SZ,2024-09-20,31,237.548144,239.0942928697495,True,True,False,False,False,True,14,265.72936000000004,241.6390215013348,273.40071609866516,255.38,11.863370315366485,9.96955638579764,0,0,,,,,,,Q3_NO_LONGER_OVERSOLD,0,0,,0,0
2024-08-22,000063.SZ,2024-09-20,19,403.95644799999997,412.67460693515955,True,True,False,False,False,True,66,405.298496,392.4207575373577,415.2237288626423,23.95,0.33222591362127574,3.281615005143146,0,0,,,,,,,Q3_NO_LONGER_OVERSOLD,0,0,,0,0
2024-08-22,000858.SZ,2024-09-20,19,2310.739614,2313.0729629192333,True,True,False,False,False,True,17,2106.193608,2060.7106696328383,2387.9835241671617,110.13,-8.851971237292345,2.2071481958826134,0,1,9.447704740723928,1.0,-10.7940152716272,22.0,2024-09-26,0.0,Q3_NO_LONGER_OVERSOLD,5,1,2.0,4,1
2024-08-23,688012.SH,2024-09-20,18,131.53404,135.79335397837883,True,True,True,False,False,True,106,120.99204,121.56098187867678,137.3746341213232,124.5,-8.014655369819101,-0.46803001249579035,1,0,,,,,,,Q2_OVERSOLD_NOT_TOP10,2,1,1.0,0,0
2024-08-26,000858.SZ,2024-09-20,17,2255.926632,2278.1653445960915,True,True,False,False,False,True,17,2106.193608,2060.7106696328383,2387.9835241671617,110.13,-6.63731798171352,2.2071481958826134,0,0,,,,,,,Q3_NO_LONGER_OVERSOLD,4,1,1.0,3,1
2024-08-28,601127.SH,2024-09-20,15,74.14304,74.50386854965413,True,True,False,False,False,True,44,78.49645,74.27166597878116,82.58720302121881,75.81,5.871636771300448,5.688284981281866,0,1,11.860904824260553,1.0,1.695643727910956,17.0,2024-09-25,0.0,Q3_NO_LONGER_OVERSOLD,0,0,,0,0
2024-08-28,000858.SZ,2024-09-20,15,2177.2404,2218.345982047518,True,True,False,False,False,True,17,2106.193608,2060.7106696328383,2387.9835241671617,110.13,-3.2631578947368456,2.2071481958826134,0,0,,,,,,,Q3_NO_LONGER_OVERSOLD,2,1,12.0,2,1
2024-08-28,600809.SH,2024-09-20,15,1072.52496,1092.8343157830527,True,True,False,False,False,True,80,998.886018,942.4754630128818,1190.1199551871182,151.9,-6.865942028985506,5.985360595679201,0,0,,,,,,,Q3_NO_LONGER_OVERSOLD,0,0,,0,0
2024-08-29,300308.SZ,2024-09-20,14,699.87832,701.2319264258804,True,True,False,False,False,True,25,715.367,635.5605030983608,795.6000919016391,111.9,2.213053263315823,12.55686854557232,0,0,,,,,,,Q3_NO_LONGER_OVERSOLD,1,1,2.0,0,0
2024-09-02,600150.SH,2024-09-20,12,116.18908,122.17168015086241,True,True,True,False,True,True,4,112.79329600000001,117.20207700713867,137.4449325928613,35.45,-2.9226361031518544,-3.7616918741722682,1,0,,,,,,,Q1_EXACT_ELIGIBLE,2,1,11.0,2,1
2024-09-05,688256.SH,2024-09-20,9,206.9,221.9091871949818,True,True,False,False,False,True,97,208.87,192.2260402438341,267.742959756166,209.5,0.9521507974867172,8.65853540709336,0,1,22.25002533076108,1.0,-1.108370302683093,14.0,2024-09-30,0.0,Q3_NO_LONGER_OVERSOLD,2,1,1.0,1,1
2024-09-06,688256.SH,2024-09-20,8,215.18,216.76004365003405,True,True,False,False,False,True,97,208.87,192.2260402438341,267.742959756166,209.5,-2.9324286643740094,8.65853540709336,0,0,,,,,,,Q3_NO_LONGER_OVERSOLD,1,1,1.0,0,0
2024-09-09,600519.SH,2024-09-20,7,11027.5,11068.704900247285,True,True,False,False,True,True,1,10136.6384,10119.968642495112,11901.740337504887,1261.5,-8.078545454545461,0.1647214343618586,0,1,13.065449104192648,1.0,-8.049498566425317,10.0,2024-09-26,0.0,Q3_NO_LONGER_OVERSOLD,4,1,3.0,4,1
2024-09-09,600036.SH,2024-09-20,7,183.19694399999997,184.31501825670307,True,True,False,False,False,True,37,187.437614,176.27197661096432,208.29621138903565,30.82,2.314814814814836,6.334323585466151,0,1,12.650986424212691,1.0,-0.6613221489254473,9.0,2024-09-25,0.0,Q3_NO_LONGER_OVERSOLD,0,0,,0,0
2024-09-11,600900.SH,2024-09-20,5,101.28374000000001,103.6527589329286,True,True,False,False,False,True,13,102.55889499999999,100.6837748967863,111.27613250321372,28.18,1.2589928057553879,1.8623855781489285,0,1,8.228584541518643,1.0,0.4771401883315374,10.0,2024-09-30,0.0,Q3_NO_LONGER_OVERSOLD,1,1,1.0,0,0
2024-09-12,600519.SH,2024-09-20,4,10707.181199999999,10869.475938882155,True,True,False,False,True,True,1,10136.6384,10119.968642495112,11901.740337504887,1261.5,-5.3285994636945055,0.1647214343618586,0,0,,,,,,,Q3_NO_LONGER_OVERSOLD,3,1,1.0,3,1
2024-09-13,600519.SH,2024-09-20,3,10459.1226,10694.152690943469,True,True,False,False,True,True,1,10136.6384,10119.968642495112,11901.740337504887,1261.5,-3.0832815746896447,0.1647214343618586,0,0,,,,,,,Q3_NO_LONGER_OVERSOLD,2,1,1.0,2,1
2024-09-13,000858.SZ,2024-09-20,3,2085.56712,2123.232141170072,True,True,False,False,False,True,17,2106.193608,2060.7106696328383,2387.9835241671617,110.13,0.9890109890109855,2.2071481958826134,0,0,,,,,,,Q3_NO_LONGER_OVERSOLD,1,1,1.0,1,1
2024-09-18,600519.SH,2024-09-20,2,10160.538,10461.757749915418,True,True,False,False,True,True,1,10136.6384,10119.968642495112,11901.740337504887,1261.5,-0.23521982792643614,0.1647214343618586,0,0,,,,,,,Q3_NO_LONGER_OVERSOLD,1,1,1.0,1,1
2024-09-18,000858.SZ,2024-09-20,2,2056.728234,2088.7773263031013,True,True,False,False,False,True,17,2106.193608,2060.7106696328383,2387.9835241671617,110.13,2.4050515368186476,2.2071481958826134,0,0,,,,,,,Q3_NO_LONGER_OVERSOLD,0,0,,0,0
2024-09-19,600519.SH,2024-09-20,1,10113.22,10270.101679696952,True,True,False,False,True,True,1,10136.6384,10119.968642495112,11901.740337504887,1261.5,0.23156225218081694,0.1647214343618586,0,0,,,,,,,Q3_NO_LONGER_OVERSOLD,0,0,,0,0
2024-09-19,600150.SH,2024-09-20,1,120.05095200000001,120.65625926105737,True,True,True,False,True,True,4,112.79329600000001,117.20207700713867,137.4449325928613,35.45,-6.04547975596228,-3.7616918741722682,1,0,,,,,,,Q1_EXACT_ELIGIBLE,1,1,1.0,1,1
2024-09-20,600276.SH,2024-09-24,2,2775.1292310000003,2787.3351756360425,True,True,False,False,False,True,56,2836.856526,2773.064946137237,2975.110716462764,43.38,2.2243034418168994,2.300399777928841,0,1,7.0921102706178285,1.0,-0.4959592646159749,3.0,2024-09-26,0.0,Q3_NO_LONGER_OVERSOLD,0,0,,0,0
