ts_code,signal_date,entry_date,exit_date,exit_type,levels_used,hold_days,total_cost,proceeds,pnl,return_pct
000651.SZ,2020-03-19,2020-03-20,2020-04-13,TAKE_PROFIT_DYN,2,15,393537.33511091996,428031.00054,34493.66542908002,8.76502998612771
600030.SH,2020-03-16,2020-03-17,2020-04-14,TAKE_PROFIT_DYN,2,19,396941.61999492,401765.4618705,4823.841875580023,1.2152522266729697
300750.SZ,2020-02-28,2020-03-02,2020-04-15,TAKE_PROFIT_DYN,3,31,575698.61673324,569829.9884112001,-5868.628322039847,-1.0193924653390611
601318.SH,2020-02-28,2020-03-02,2020-04-17,TAKE_PROFIT_DYN,4,33,778492.8685333799,768019.31681508,-10473.55171829986,-1.3453625770562572
600036.SH,2020-03-19,2020-03-20,2020-04-27,TAKE_PROFIT_DYN,1,25,199911.62351160002,221269.07923020003,21357.455718600017,10.683448687695108
002475.SZ,2020-03-17,2020-03-18,2020-04-28,TAKE_PROFIT_DYN,1,28,198369.68271119997,227971.90501488,29602.222303680028,14.92275528149982
000858.SZ,2020-03-17,2020-03-18,2020-04-28,TAKE_PROFIT_DYN,2,28,391140.31804847997,496072.96350696,104932.64545848005,26.82736619482785
000063.SZ,2020-03-17,2020-03-18,2020-05-07,TAKE_PROFIT_DYN,1,32,197178.1830018,203566.15605401996,6387.973052219953,3.2396956676295363
000725.SZ,2020-03-16,2020-03-17,2020-05-11,TAKE_PROFIT_DYN,2,35,399666.04916237993,418098.48629669996,18432.437134320033,4.611959703094805
002506.SZ,2020-03-26,2020-03-27,2020-05-21,TAKE_PROFIT_DYN,3,35,599592.69157788,560475.1663574401,-39117.525220439886,-6.524016348081019
600519.SH,2020-03-18,2020-03-19,2020-06-01,TAKE_PROFIT_DYN,1,48,199048.53716747998,277769.17130148003,78720.63413400005,39.54846152311298
000002.SZ,2020-03-18,2020-03-19,2020-06-02,TAKE_PROFIT_DYN,2,49,397292.06108591997,415890.48488832,18598.423802400008,4.681297620587952
002714.SZ,2020-05-11,2020-05-12,2020-06-18,TAKE_PROFIT_DYN,1,27,196597.45205099997,123175.14951204,-73422.30253895996,-37.346517858183255
000063.SZ,2020-05-25,2020-05-26,2020-06-18,TAKE_PROFIT_DYN,1,17,197992.20759317998,214535.32346646,16543.11587328001,8.355437860095789
002415.SZ,2020-05-25,2020-05-26,2020-06-18,TAKE_PROFIT_DYN,1,17,199121.62916645998,213368.96393352002,14247.334767060034,7.15509150196319
600703.SH,2020-06-15,2020-06-16,2020-07-06,TAKE_PROFIT_DYN,1,12,198348.65624573999,229161.21259680003,30812.556351060048,15.534542524394753
600030.SH,2020-09-07,2020-09-08,2020-10-12,TAKE_PROFIT_DYN,1,18,197919.11559419995,204532.96733496,6613.851740760059,3.3416942678344705
300059.SZ,2020-09-09,2020-09-10,2020-10-12,TAKE_PROFIT_DYN,1,16,198772.18933571997,206827.77223296004,8055.582897240063,4.052671012057143
600276.SH,2020-09-17,2020-09-18,2020-10-12,TAKE_PROFIT_DYN,1,10,198970.4388672,214816.68650178,15846.24763458001,7.964121567403469
000063.SZ,2020-09-10,2020-09-11,2020-10-13,TAKE_PROFIT_DYN,1,16,198189.4558644,214374.68712360002,16185.231259200023,8.16654508112372
000651.SZ,2020-09-28,2020-09-29,2020-10-14,TAKE_PROFIT_DYN,1,5,197829.0021708,212047.95450527998,14218.952334479982,7.18749636223901
600036.SH,2020-09-30,2020-10-09,2020-10-16,TAKE_PROFIT_DYN,1,5,196807.71670559997,212925.96681408,16118.250108480017,8.189846606772502
002456.SZ,2020-09-01,2020-09-02,2020-10-28,TAKE_PROFIT_DYN,4,34,796670.74855368,799289.52564474,2618.77709105995,0.3287151054327302
300136.SZ,2020-10-12,2020-10-13,2020-11-09,TAKE_PROFIT_DYN,2,19,396198.684882,411065.40815496,14866.723272960051,3.7523403888601528
600030.SH,2020-10-26,2020-10-27,2020-11-23,TAKE_PROFIT_DYN,2,19,395587.9161234,416231.71239924,20643.796275840024,5.218510332201447
000661.SZ,2020-09-16,2020-09-17,2020-12-01,TAKE_PROFIT_DYN,2,47,373024.51616430003,411688.99644246,38664.48027815996,10.365131138225253
600745.SH,2020-09-08,2020-09-09,2020-12-07,TAKE_PROFIT_DYN,4,57,784651.6203926399,795769.4944794601,11117.874086820171,1.4169185149017833
601012.SH,2020-11-13,2020-11-16,2020-12-09,TAKE_PROFIT_DYN,2,17,388590.10816626,433553.49841410003,44963.39024784003,11.570904483395198
300122.SZ,2020-11-11,2020-11-12,2020-12-21,TAKE_PROFIT_DYN,2,27,381826.59510995995,464278.94051580003,82452.34540584008,21.594186068179752
002475.SZ,2020-11-16,2020-11-17,2020-12-23,TAKE_PROFIT_DYN,3,26,596102.2983115199,625448.0772086399,29345.778897120035,4.922943424348968
002241.SZ,2020-11-16,2020-11-17,2020-12-25,TAKE_PROFIT_DYN,1,28,199252.79426051996,204760.45234224002,5507.658081720059,2.7641560070263713
000651.SZ,2020-12-09,2020-12-10,2021-01-05,TAKE_PROFIT_DYN,2,17,391023.17059805995,409706.48455884005,18683.3139607801,4.778058019478602
688981.SH,2020-12-16,2020-12-17,2021-01-11,TAKE_PROFIT_DYN,2,16,394675.76802653994,459880.89704172005,65205.12901518011,16.521188858697652
601318.SH,2021-01-28,2021-01-29,2021-02-25,TAKE_PROFIT_DYN,3,14,588100.2263135999,643527.14883984,55426.922526240116,9.42474089385644
300059.SZ,2021-02-22,2021-02-23,2021-04-02,TAKE_PROFIT_DYN,2,28,396753.38306604,358045.43759856,-38707.94546747999,-9.75617275607125
000333.SZ,2021-02-22,2021-02-23,2021-04-02,TAKE_PROFIT_DYN,2,28,389600.3797686,393983.0800425,4382.700273900002,1.124921971714471
000858.SZ,2021-03-08,2021-03-09,2021-04-02,TAKE_PROFIT_DYN,1,18,193843.98633599997,225313.92229824,31469.935962240037,16.23467230378328
600030.SH,2021-03-01,2021-03-02,2021-04-06,TAKE_PROFIT_DYN,3,24,595980.1445597999,585419.6955987,-10560.448961099959,-1.7719464410848904
601012.SH,2021-03-04,2021-03-05,2021-04-06,TAKE_PROFIT_DYN,2,21,391618.92045275995,402643.4741793,11024.553726540064,2.8151228530517156
002241.SZ,2021-01-29,2021-02-01,2021-04-13,TAKE_PROFIT_DYN,3,45,595738.8408371399,581554.44595746,-14184.394879679894,-2.3809753380773024
300750.SZ,2021-01-29,2021-02-01,2021-04-14,TAKE_PROFIT_DYN,2,46,370766.67427799996,380695.16194182,9928.487663820037,2.6778263400166544
002475.SZ,2021-01-28,2021-01-29,2021-04-19,TAKE_PROFIT_DYN,4,50,789994.34514,649409.8313088,-140584.51383119996,-17.795635461958412
600438.SH,2021-03-05,2021-03-08,2021-04-20,TAKE_PROFIT_DYN,2,30,396349.87518125994,388097.40434976004,-8252.4708314999,-2.082117681436346
300014.SZ,2021-03-23,2021-03-24,2021-04-20,TAKE_PROFIT_DYN,1,18,196577.4268458,236568.44371104002,39991.01686524003,20.343646524893185
601899.SH,2021-03-24,2021-03-25,2021-04-20,TAKE_PROFIT_DYN,1,17,199646.28954269996,226944.23151707998,27297.941974380024,13.67315267261283
601166.SH,2021-04-15,2021-04-16,2021-05-12,TAKE_PROFIT_DYN,1,15,199275.8232465,219523.0320252,20247.208778700005,10.16039399503804
600276.SH,2021-04-15,2021-04-16,2021-05-17,TAKE_PROFIT_DYN,1,18,197889.07778639995,203778.67494240004,5889.597156000091,2.9762113310555116
002352.SZ,2021-04-12,2021-04-13,2021-05-18,TAKE_PROFIT_DYN,2,22,392624.1857537999,399715.10358119995,7090.91782740003,1.806031845385725
600519.SH,2021-05-06,2021-05-07,2021-05-25,TAKE_PROFIT_DYN,2,12,384584.0658659999,431924.18693652004,47340.12107052014,12.309433820124724
600031.SH,2021-03-09,2021-03-10,2021-06-01,TAKE_PROFIT_DYN,4,55,794684.24819784,810798.4710788401,16114.22288100014,2.027751640672817
600009.SH,2021-02-03,2021-02-04,2021-06-03,TAKE_PROFIT_DYN,5,76,989362.2843304198,978128.6600521802,-11233.624278239673,-1.1354409255495685
002594.SZ,2021-02-24,2021-02-25,2021-06-08,TAKE_PROFIT_DYN,4,69,751573.9864432798,873030.5866888202,121456.60024554038,16.160298578230066
002340.SZ,2021-06-07,2021-06-08,2021-07-06,TAKE_PROFIT_DYN,3,19,597938.6096283599,629574.73506,31636.125431640074,5.290865136021748
000661.SZ,2021-05-24,2021-05-25,2021-07-19,TAKE_PROFIT_DYN,3,38,515953.41701904,534234.57121944,18281.154200399993,3.543179209088439
002594.SZ,2021-07-16,2021-07-19,2021-08-02,TAKE_PROFIT_DYN,1,10,198249.53147999998,249356.49344046,51106.96196046003,25.77910857036041
600031.SH,2021-06-11,2021-06-15,2021-08-03,TAKE_PROFIT_DYN,3,35,596542.8528259199,622989.642744,26446.78991808009,4.433342850860986
002241.SZ,2021-07-22,2021-07-23,2021-08-05,TAKE_PROFIT_DYN,1,9,199723.38658271998,220241.40573240002,20518.01914968004,10.273218124699701
600036.SH,2021-07-08,2021-07-09,2021-08-18,TAKE_PROFIT_DYN,2,28,395996.43030948,430591.20461316,34594.774303679995,8.736132867824947
300782.SZ,2021-07-13,2021-07-14,2021-08-24,TAKE_PROFIT_DYN,2,29,331649.43844031997,347237.90427024005,15588.465829920082,4.700284102162052
601919.SH,2021-07-23,2021-07-26,2021-08-30,TAKE_PROFIT_DYN,2,25,398609.71958807996,486064.6209279,87454.90133982006,21.9399821535198
002460.SZ,2021-08-16,2021-08-17,2021-08-30,TAKE_PROFIT_DYN,1,9,195726.3556248,242750.44855799997,47024.09293319998,24.025427124052413
300750.SZ,2021-07-27,2021-07-28,2021-09-14,TAKE_PROFIT_DYN,2,34,392894.5260239999,426785.8194475201,33891.29342352017,8.626053858905106
300760.SZ,2021-08-20,2021-08-23,2021-09-17,TAKE_PROFIT_DYN,1,19,199828.51891001998,250271.42217588,50442.90326586002,25.243095200327115
600519.SH,2021-07-26,2021-07-27,2021-09-24,TAKE_PROFIT_DYN,3,41,501118.7450068799,511598.81525382004,10480.07024694013,2.091334708861519
002714.SZ,2021-05-24,2021-05-25,2021-09-27,TAKE_PROFIT_DYN,5,86,987765.2742157198,802902.3467472,-184862.92746851977,-18.715268930191936
000858.SZ,2021-07-08,2021-07-09,2021-09-27,TAKE_PROFIT_DYN,5,54,963363.5604192598,889817.58338832,-73545.97703093977,-7.6342909419297795
002594.SZ,2021-09-29,2021-09-30,2021-10-15,TAKE_PROFIT_DYN,1,6,190800.15514559997,223406.24100911996,32606.085863519984,17.089129638620165
601318.SH,2021-03-18,2021-03-19,2021-10-21,TAKE_PROFIT_DYN,5,142,985328.2067428799,708292.52950896,-277035.67723391997,-28.116081051784203
000651.SZ,2021-05-25,2021-05-26,2021-10-22,TAKE_PROFIT_DYN,5,99,990438.6391099199,801945.51287886,-188493.1262310599,-19.03127753582529
000333.SZ,2021-07-05,2021-07-06,2021-10-22,TAKE_PROFIT_DYN,3,71,588664.93710024,654448.4246718,65783.48757155996,11.175030722164129
600111.SH,2021-09-29,2021-09-30,2021-10-25,TAKE_PROFIT_DYN,1,12,196529.36635332,240311.96891856001,43782.60256524003,22.277893313169177
600089.SH,2021-10-08,2021-10-11,2021-10-27,TAKE_PROFIT_DYN,1,12,199176.69848075998,242511.98839686,43335.28991610001,21.757208672823793
002466.SZ,2021-09-22,2021-09-23,2021-11-09,TAKE_PROFIT_DYN,2,28,389382.10503192,409927.98311856005,20545.878086640034,5.276533723848393
000858.SZ,2021-11-01,2021-11-02,2021-11-24,TAKE_PROFIT_DYN,1,16,183813.36105131995,198100.52943174003,14287.168380420073,7.772649549904674
603259.SH,2021-11-04,2021-11-05,2021-11-26,TAKE_PROFIT_DYN,2,15,388033.4074616999,428132.77014852007,40099.36268682015,10.333997515607747
601919.SH,2021-09-28,2021-09-29,2021-11-30,TAKE_PROFIT_DYN,2,39,397750.6382849999,409833.19769886,12082.559413860145,3.0377221934720415
600030.SH,2021-11-16,2021-11-17,2021-12-06,TAKE_PROFIT_DYN,1,13,198703.10237778,214484.43866220003,15781.336284420046,7.942169042945349
000651.SZ,2021-10-27,2021-10-28,2021-12-09,TAKE_PROFIT_DYN,2,30,395111.31623963994,409993.83404172,14882.517802080081,3.7666645298140864
600036.SH,2021-11-26,2021-11-29,2021-12-09,TAKE_PROFIT_DYN,2,8,397540.37363039993,428470.0066944,30929.633064000052,7.780249533285357
600036.SH,2021-12-29,2021-12-30,2022-01-20,TAKE_PROFIT_DYN,1,14,196596.45079074,207441.38310786002,10844.932317120023,5.516341863497587
002129.SZ,2021-12-01,2021-12-02,2022-01-26,TAKE_PROFIT_DYN,3,38,594728.5692348,637620.52058064,42891.95134584,7.212021342950852
600030.SH,2022-01-14,2022-01-17,2022-01-28,TAKE_PROFIT_DYN,1,9,199290.84215039996,201304.2766176,2013.4344672000443,1.0102995428563417
601888.SH,2021-11-02,2021-11-03,2022-02-10,TAKE_PROFIT_DYN,5,65,920044.0352703598,991849.5978596999,71805.56258934003,7.8045788936873635
600111.SH,2021-12-24,2021-12-27,2022-02-16,TAKE_PROFIT_DYN,2,31,395817.20472294,439070.00984064006,43252.805117700074,10.927469701064592
000792.SZ,2022-01-20,2022-01-21,2022-02-16,TAKE_PROFIT_DYN,1,13,199681.33365179997,237224.95746012,37543.62380832003,18.801769360068377
002460.SZ,2021-12-20,2021-12-21,2022-02-17,TAKE_PROFIT_DYN,2,36,391257.4654988999,419926.34828502004,28668.882786120113,7.327370162653349
002466.SZ,2021-12-20,2021-12-21,2022-02-17,TAKE_PROFIT_DYN,3,36,582136.72020504,592833.91090176,10697.190696720034,1.837573601773871
000661.SZ,2022-01-24,2022-01-25,2022-02-24,TAKE_PROFIT_DYN,1,17,184019.62066487997,205915.83672132,21896.216056440026,11.89884859958246
601012.SH,2021-12-01,2021-12-02,2022-03-01,TAKE_PROFIT_DYN,4,57,776987.9743625999,827277.165729,50289.191366400104,6.472325573333965
603259.SH,2021-12-20,2021-12-21,2022-03-17,TAKE_PROFIT_DYN,3,56,584796.0674555999,656459.87105196,71663.80359636014,12.254494786218984
000002.SZ,2022-03-04,2022-03-07,2022-03-31,TAKE_PROFIT_DYN,4,18,796955.1064675199,915582.2559453002,118627.14947778033,14.88504791739044
300059.SZ,2022-01-05,2022-01-06,2022-04-14,TAKE_PROFIT_DYN,5,63,992371.0714117199,935296.62550164,-57074.44591007987,-5.7513210082683415
600519.SH,2022-01-07,2022-01-10,2022-04-14,TAKE_PROFIT_DYN,5,61,898569.00521388,907540.4613897001,8971.456175820087,0.9984159395398549
601888.SH,2022-03-14,2022-03-15,2022-04-14,TAKE_PROFIT_DYN,1,20,184570.31380787998,198990.51463566002,14420.200827780034,7.812849493656972
002594.SZ,2021-12-16,2021-12-17,2022-05-05,TAKE_PROFIT_DYN,4,88,780736.6927760399,768269.74987134,-12466.942904699943,-1.5968178542206901
000625.SZ,2021-11-16,2021-11-17,2022-05-06,TAKE_PROFIT_DYN,5,111,996385.1237940599,774888.7653901799,-221496.35840387992,-22.229994518631575
002475.SZ,2022-02-08,2022-02-09,2022-05-11,TAKE_PROFIT_DYN,5,60,987941.4960214798,818469.1058857201,-169472.39013575972,-17.15409169654668
002466.SZ,2022-04-25,2022-04-26,2022-05-11,TAKE_PROFIT_DYN,1,8,198381.69783432,281413.92012426,83032.22228994002,41.854779546894
300274.SZ,2021-12-21,2021-12-22,2022-05-20,TAKE_PROFIT_DYN,5,96,969156.85228362,721163.39176296,-247993.46052066004,-25.58857835409347
002460.SZ,2022-03-08,2022-03-09,2022-05-23,TAKE_PROFIT_DYN,4,48,771001.4392680599,907521.50430576,136520.06503770011,17.706849570514894
000858.SZ,2022-01-28,2022-02-07,2022-05-30,TAKE_PROFIT_DYN,5,75,939939.0766365598,857151.53453592,-82787.54210063978,-8.807756178930596
300014.SZ,2022-03-03,2022-03-04,2022-06-01,TAKE_PROFIT_DYN,5,58,985791.7902432599,1245228.98406048,259437.19381722016,26.31764601662993
300750.SZ,2021-12-20,2021-12-21,2022-06-02,TAKE_PROFIT_DYN,5,106,876863.6852975998,752060.44536138,-124803.23993621976,-14.232912370394569
601012.SH,2022-03-29,2022-03-30,2022-06-06,TAKE_PROFIT_DYN,4,42,790893.4768534799,690035.85993348,-100857.61691999983,-12.752364240157288
002415.SZ,2022-05-06,2022-05-09,2022-06-06,TAKE_PROFIT_DYN,3,19,596366.6310201599,617508.05226156,21141.421241400065,3.5450375895839463
600276.SH,2022-01-13,2022-01-14,2022-06-07,TAKE_PROFIT_DYN,5,91,992205.8634688199,698939.70293772,-293266.1605310999,-29.55698724716474
601318.SH,2022-03-15,2022-03-16,2022-06-09,TAKE_PROFIT_DYN,3,55,593106.5276135999,590814.48259152,-2292.045022079954,-0.3864474449981416
600036.SH,2022-03-07,2022-03-08,2022-06-15,TAKE_PROFIT_DYN,5,65,989435.3763293999,927639.9590724001,-61795.41725699976,-6.245523329299984
300122.SZ,2022-04-14,2022-04-15,2022-06-16,TAKE_PROFIT_DYN,5,40,970556.6141270999,906053.8269123,-64502.7872147999,-6.645958234266682
002241.SZ,2022-06-23,2022-06-24,2022-08-05,TAKE_PROFIT_DYN,1,30,199643.28576191995,205313.20100028,5669.915238360059,2.8400230023871615
002466.SZ,2022-08-19,2022-08-22,2022-08-24,TAKE_PROFIT_DYN,1,2,196104.83200307997,222354.62172107998,26249.789718000015,13.385590477234006
600036.SH,2022-07-13,2022-07-14,2022-08-31,TAKE_PROFIT_DYN,3,34,591232.16840688,581978.48599296,-9253.682413919945,-1.5651520516643562
601888.SH,2022-08-08,2022-08-09,2022-09-26,TAKE_PROFIT_DYN,2,33,387908.2499291999,415782.72883224,27874.478903040057,7.1858432781792185
000858.SZ,2022-07-29,2022-08-01,2022-09-27,TAKE_PROFIT_DYN,4,40,772269.0347572198,753214.8319992,-19054.20275801979,-2.4673011477159523
300274.SZ,2022-08-31,2022-09-01,2022-10-12,TAKE_PROFIT_DYN,2,23,385710.48365849996,436686.4059705,50975.92231200007,13.216110132265186
300760.SZ,2022-09-21,2022-09-22,2022-10-14,TAKE_PROFIT_DYN,2,11,361725.29413019994,456151.34021184006,94426.04608164012,26.10435256088347
603259.SH,2022-07-27,2022-07-28,2022-10-17,TAKE_PROFIT_DYN,5,51,971719.0772889599,908033.3455721398,-63685.73171682004,-6.553924195303395
601012.SH,2022-08-03,2022-08-04,2022-10-27,TAKE_PROFIT_DYN,3,54,595402.4173897799,586047.2748512401,-9355.142538539832,-1.5712301907594528
688599.SH,2022-08-19,2022-08-22,2022-10-27,TAKE_PROFIT_DYN,2,42,393935.83669439994,413242.47958428,19306.64288988005,4.900961296612725
002459.SZ,2022-08-19,2022-08-22,2022-10-27,TAKE_PROFIT_DYN,2,42,395027.21037779993,417255.394932,22228.184554200096,5.627000867343111
601899.SH,2022-09-26,2022-09-27,2022-10-28,TAKE_PROFIT_DYN,2,18,399857.2898720399,427512.17508479994,27654.88521276001,6.916188828671841
002460.SZ,2022-08-25,2022-08-26,2022-11-01,TAKE_PROFIT_DYN,5,41,986643.8627245199,1008608.65780392,21964.795079400064,2.226213115920718
002271.SZ,2022-08-23,2022-08-24,2022-11-02,TAKE_PROFIT_DYN,3,44,595984.1496008399,560432.26348326,-35551.88611758,-5.965240206705305
600703.SH,2022-09-20,2022-09-21,2022-11-03,TAKE_PROFIT_DYN,2,26,397418.21987867996,403127.37869040004,5709.158811720088,1.4365619204532005
002594.SZ,2022-07-12,2022-07-13,2022-11-04,TAKE_PROFIT_DYN,5,76,937827.41874822,916941.1795414201,-20886.239206799888,-2.227087712436274
002466.SZ,2022-09-01,2022-09-02,2022-11-04,TAKE_PROFIT_DYN,2,39,393120.8108427599,394762.31596656004,1641.5051238001324,0.41755742217796255
002050.SZ,2022-10-11,2022-10-12,2022-11-04,TAKE_PROFIT_DYN,1,17,198878.32292327998,216078.82919568,17200.50627240003,8.648758708124946
603799.SH,2022-09-29,2022-09-30,2022-11-07,TAKE_PROFIT_DYN,2,21,391738.0704236999,399195.28038474004,7457.20996104012,1.9036214562895246
600030.SH,2022-09-16,2022-09-19,2022-11-11,TAKE_PROFIT_DYN,2,34,398260.27975734,411368.721498,13108.441740660055,3.2914258355483077
600036.SH,2022-10-10,2022-10-11,2022-11-11,TAKE_PROFIT_DYN,3,23,594843.7141646999,623081.4349399201,28237.720775220194,4.74708231806275
601166.SH,2022-08-29,2022-08-30,2022-11-14,TAKE_PROFIT_DYN,4,48,796843.9665786598,820677.1072941001,23833.14071544027,2.990941980494697
601318.SH,2022-10-24,2022-10-25,2022-11-14,TAKE_PROFIT_DYN,3,14,592517.7865807199,660897.8241764399,68380.03759572003,11.54058817209945
000651.SZ,2022-10-31,2022-11-01,2022-11-14,TAKE_PROFIT_DYN,1,9,198625.00407749997,220645.49094269998,22020.486865200015,11.08646263720554
300059.SZ,2022-08-02,2022-08-03,2022-11-15,TAKE_PROFIT_DYN,5,68,994437.6725883599,1007513.1379004399,13075.465312079992,1.3148602142200303
000625.SZ,2022-08-24,2022-08-25,2022-11-30,TAKE_PROFIT_DYN,3,63,598708.5787682999,612567.23754204,13858.658773740055,2.31475867645841
000858.SZ,2022-10-24,2022-10-25,2022-11-30,TAKE_PROFIT_DYN,2,26,390125.04014483996,440897.87182895996,50772.83168412,13.014502136358589
600519.SH,2022-09-05,2022-09-06,2022-12-01,TAKE_PROFIT_DYN,5,56,879689.2417513198,828125.2458,-51563.99595131981,-5.861614932184937
000568.SZ,2022-10-10,2022-10-11,2022-12-01,TAKE_PROFIT_DYN,5,37,956913.44182434,1013317.9965511201,56404.55472678004,5.894426001503926
600887.SH,2022-10-20,2022-10-21,2022-12-01,TAKE_PROFIT_DYN,3,29,596091.28444866,636069.0329213401,39977.748472680105,6.706648715667189
002714.SZ,2022-10-26,2022-10-27,2022-12-06,TAKE_PROFIT_DYN,3,28,592937.31462966,623962.4404725,31025.12584284006,5.23244617556544
300750.SZ,2022-09-01,2022-09-02,2022-12-07,TAKE_PROFIT_DYN,2,62,370418.2357075199,365239.15208316,-5179.083624359919,-1.3981718838619202
002371.SZ,2022-10-12,2022-10-13,2022-12-14,TAKE_PROFIT_DYN,1,44,180355.00811328,199468.43269920003,19113.42458592003,10.597667780822029
603259.SH,2022-11-28,2022-11-29,2022-12-29,TAKE_PROFIT_DYN,2,22,396635.23435536,423361.57144320005,26726.337087840075,6.738265986701266
600522.SH,2022-11-01,2022-11-02,2023-01-03,TAKE_PROFIT_DYN,2,43,396859.5166536,374332.56592679996,-22526.950726800016,-5.676303523410963
300274.SZ,2022-12-06,2022-12-07,2023-01-03,TAKE_PROFIT_DYN,2,18,390162.0867744599,438363.60902856,48201.52225410007,12.35423017458993
002241.SZ,2022-11-11,2022-11-14,2023-01-05,TAKE_PROFIT_DYN,2,37,398417.47761815996,432493.89719597995,34076.419577819994,8.552942953591648
002812.SZ,2022-11-23,2022-11-24,2023-01-06,TAKE_PROFIT_DYN,3,30,580060.1064257999,651250.6639335001,71190.55750770017,12.272962184274384
601012.SH,2022-12-22,2022-12-23,2023-01-18,TAKE_PROFIT_DYN,1,17,197228.2460148,219610.83325608002,22382.58724128001,11.348570853081775
000625.SZ,2022-12-28,2022-12-29,2023-01-30,TAKE_PROFIT_DYN,1,16,199024.50692123998,229682.03353452001,30657.52661328003,15.403895272762636
002709.SZ,2022-12-30,2023-01-03,2023-01-30,TAKE_PROFIT_DYN,2,14,394726.83229979995,456060.5457571801,61333.71345738013,15.538268097973235
300014.SZ,2023-01-11,2023-01-12,2023-02-01,TAKE_PROFIT_DYN,1,9,196828.74317105996,210571.29744048003,13742.55426942007,6.981985480381129
300750.SZ,2023-02-17,2023-02-20,2023-03-31,TAKE_PROFIT_DYN,3,29,517921.89469019993,536698.9921316401,18777.097441440157,3.6254689430868456
600519.SH,2023-03-08,2023-03-09,2023-03-31,TAKE_PROFIT_DYN,2,16,352343.485494,364175.5599,11832.07440599997,3.358107895598216
300059.SZ,2023-03-07,2023-03-08,2023-04-03,TAKE_PROFIT_DYN,2,18,397745.6319837,424414.1884725,26668.556488800037,6.704927557794763
300274.SZ,2023-03-14,2023-03-15,2023-04-18,TAKE_PROFIT_DYN,2,23,381202.80996797996,395965.59192612005,14762.781958140084,3.872684453553771
002594.SZ,2023-03-10,2023-03-13,2023-04-28,TAKE_PROFIT_DYN,2,33,387063.18626975996,417407.0516035201,30343.865333760157,7.839512102970262
000858.SZ,2023-04-10,2023-04-11,2023-05-22,TAKE_PROFIT_DYN,2,26,378045.83636819996,368031.8298699,-10014.006498299947,-2.6488868636941545
000651.SZ,2023-05-04,2023-05-05,2023-06-09,TAKE_PROFIT_DYN,3,25,593550.0859087799,630023.718627,36473.63271822012,6.144996620188443
601899.SH,2023-05-12,2023-05-15,2023-06-09,TAKE_PROFIT_DYN,1,19,198988.46155187997,212375.21363855997,13386.752086680004,6.727401168026937
600519.SH,2023-04-12,2023-04-13,2023-06-16,TAKE_PROFIT_DYN,2,43,331216.8940079999,352795.32308843994,21578.429080440023,6.514893856808776
601012.SH,2023-03-16,2023-03-17,2023-06-29,TAKE_PROFIT_DYN,5,68,994349.56168548,816862.7424571201,-177486.81922835985,-17.84953964554572
600036.SH,2023-04-27,2023-04-28,2023-07-25,TAKE_PROFIT_DYN,2,57,396388.92433139996,393900.26751792006,-2488.6568134799018,-0.6278320762058595
600809.SH,2023-05-22,2023-05-23,2023-07-25,TAKE_PROFIT_DYN,4,43,776400.23458998,851514.2964169199,75114.06182693993,9.67465728119054
300059.SZ,2023-05-29,2023-05-30,2023-07-25,TAKE_PROFIT_DYN,2,38,399332.62949579995,412265.69089073996,12933.061394940014,3.238668828858134
002415.SZ,2023-06-09,2023-06-12,2023-07-27,TAKE_PROFIT_DYN,1,31,199643.28576191995,218118.21233111998,18474.926569200034,9.253968396028046
300750.SZ,2023-06-07,2023-06-08,2023-07-31,TAKE_PROFIT_DYN,2,35,389064.7055294999,420248.61871199997,31183.91318250005,8.015096907867838
688981.SH,2023-05-09,2023-05-10,2023-08-01,TAKE_PROFIT_DYN,1,57,198838.27251287998,194878.8229032,-3959.449609679985,-1.9912914951639942
600570.SH,2023-07-11,2023-07-12,2023-08-04,TAKE_PROFIT_DYN,1,17,199000.47667499998,224741.21881500003,25740.742140000046,12.935015317595871
300418.SZ,2023-06-26,2023-06-27,2023-08-14,TAKE_PROFIT_DYN,2,34,392998.65709103993,365057.56317384006,-27941.093917199876,-7.109717403112448
600276.SH,2023-07-31,2023-08-01,2023-08-28,TAKE_PROFIT_DYN,3,19,596074.2630242399,609455.9312028001,13381.668178560212,2.244966610480217
002230.SZ,2023-08-16,2023-08-17,2023-10-10,TAKE_PROFIT_DYN,4,32,788394.3312445199,756541.715985,-31852.615259519895,-4.04018826584394
002475.SZ,2023-09-07,2023-09-08,2023-10-11,TAKE_PROFIT_DYN,1,17,197899.09038899996,211213.76944536,13314.679056360037,6.728014277472455
300760.SZ,2023-08-07,2023-08-08,2023-10-30,TAKE_PROFIT_DYN,4,53,737874.74356596,786086.64775872,48211.904192760005,6.5338873044717865
000858.SZ,2023-08-18,2023-08-21,2023-11-01,TAKE_PROFIT_DYN,3,46,576423.5291614799,629690.271408,53266.74224652012,9.240903528696505
300014.SZ,2023-02-20,2023-02-21,2023-11-06,TAKE_PROFIT_DYN,5,172,985860.8772011999,704211.93886428,-281648.9383369199,-28.568832058383776
300059.SZ,2023-10-23,2023-10-24,2023-11-06,TAKE_PROFIT_DYN,1,9,198946.40862095996,212465.56335840002,13519.154737440054,6.795375111896212
603019.SH,2023-08-09,2023-08-10,2023-11-07,TAKE_PROFIT_DYN,4,57,791502.24309156,808139.7826286401,16637.539537080098,2.102020516340531
300274.SZ,2023-08-21,2023-08-22,2023-11-09,TAKE_PROFIT_DYN,4,51,775043.5269376799,791001.98526096,15958.458323280094,2.059040269174881
300308.SZ,2023-07-20,2023-07-21,2023-11-13,TAKE_PROFIT_DYN,3,75,582347.9861198999,549192.1365216,-33155.849598299945,-5.693477162892338
000977.SZ,2023-08-18,2023-08-21,2023-11-13,TAKE_PROFIT_DYN,3,54,591332.2944328799,636902.5608990001,45570.26646612026,7.706372017077919
601012.SH,2023-08-21,2023-08-22,2023-12-28,TAKE_PROFIT_DYN,5,86,992956.8086638197,876227.7883867201,-116729.02027709957,-11.755699669774852
600519.SH,2023-10-13,2023-10-16,2023-12-29,TAKE_PROFIT_DYN,5,54,851312.5247226598,867436.2820134,16123.757290740148,1.893988027016628
600009.SH,2023-08-21,2023-08-22,2024-01-16,TAKE_PROFIT_DYN,5,98,990861.1709396399,874938.0613248,-115923.1096148399,-11.699228208217027
601318.SH,2023-11-09,2023-11-10,2024-01-25,TAKE_PROFIT_DYN,3,53,591314.2717482,577632.015774,-13682.255974199972,-2.3138721028580727
000651.SZ,2023-12-20,2023-12-21,2024-01-29,TAKE_PROFIT_DYN,1,26,199290.84215039999,223414.26801407998,24123.425863679993,12.104633410839133
601138.SH,2023-10-24,2023-10-25,2024-02-06,TAKE_PROFIT_DYN,2,73,398884.06489932,442964.3460462,44080.28114688001,11.050900506142318
000858.SZ,2023-12-13,2023-12-14,2024-02-06,TAKE_PROFIT_DYN,3,37,579992.0207281199,596279.1531708001,16287.132442680188,2.808164916171326
600519.SH,2024-01-17,2024-01-18,2024-02-06,TAKE_PROFIT_DYN,1,13,157598.364924,166908.84979428,9310.484870279994,5.907729356690894
300750.SZ,2023-09-08,2023-09-11,2024-02-08,TAKE_PROFIT_DYN,5,101,932737.01158638,764799.1635517199,-167937.8480346601,-18.00484444688593
002230.SZ,2024-01-03,2024-01-04,2024-02-08,TAKE_PROFIT_DYN,2,25,394232.20973135997,408368.31602688,14136.106295520032,3.585730933845497
300418.SZ,2024-01-31,2024-02-01,2024-02-19,TAKE_PROFIT_DYN,2,6,398468.54189141997,555576.88442256,157108.34253114002,39.428041617887864
000568.SZ,2023-12-11,2023-12-12,2024-02-21,TAKE_PROFIT_DYN,5,44,976997.7213796799,987862.05081828,10864.329438600107,1.1120117479146117
300059.SZ,2023-12-27,2023-12-28,2024-02-21,TAKE_PROFIT_DYN,3,32,597915.5806423799,633194.0964756,35278.515833220095,5.900250298765934
000063.SZ,2023-07-20,2023-07-21,2024-02-22,TAKE_PROFIT_DYN,5,141,989502.4607668198,790167.4559855999,-199335.00478121988,-20.144973123840867
000628.SZ,2023-12-14,2023-12-15,2024-02-23,TAKE_PROFIT_DYN,3,43,594250.96809078,859757.8140874801,265506.8459967001,44.67924500816973
000625.SZ,2024-01-04,2024-01-05,2024-02-26,TAKE_PROFIT_DYN,3,30,599008.9568463,675004.41246744,75995.45562113996,12.686864654118965
301236.SZ,2024-01-22,2024-01-23,2024-02-26,TAKE_PROFIT_DYN,1,18,198304.60079429997,228452.38912980002,30147.788335500052,15.202767971466354
002555.SZ,2023-12-25,2023-12-26,2024-02-28,TAKE_PROFIT_DYN,4,39,796610.67293808,935790.8180543999,139180.14511631988,17.471539089853273
000661.SZ,2024-01-12,2024-01-15,2024-02-28,TAKE_PROFIT_DYN,2,26,386536.523373,407118.51859536,20581.995222360012,5.324721980411358
300033.SZ,2024-01-16,2024-01-17,2024-02-28,TAKE_PROFIT_DYN,2,24,390763.8441907199,435619.29053412,44855.44634340011,11.478914185701258
002456.SZ,2023-12-14,2023-12-15,2024-03-01,TAKE_PROFIT_DYN,5,48,998836.2089105399,1090078.90992,91242.70100946014,9.13490121758614
603259.SH,2024-01-30,2024-01-31,2024-03-04,TAKE_PROFIT_DYN,2,17,393307.04525112,458343.24319476006,65036.19794364006,16.5357317467109
002594.SZ,2023-08-14,2023-08-15,2024-03-12,TAKE_PROFIT_DYN,5,137,958622.59308816,802585.57104,-156037.02204816008,-16.277210987224258
601012.SH,2024-01-29,2024-01-30,2024-03-12,TAKE_PROFIT_DYN,3,24,597213.69720012,688398.8069851199,91185.10978499998,15.268422377533785
002475.SZ,2024-01-17,2024-01-18,2024-03-19,TAKE_PROFIT_DYN,2,37,396565.14613715996,425194.66227743996,28629.51614028,7.219372761109448
601318.SH,2024-03-22,2024-03-25,2024-04-29,TAKE_PROFIT_DYN,2,23,395158.37547186,427184.15611211996,32025.780640259967,8.104543046068015
600519.SH,2024-04-08,2024-04-09,2024-05-06,TAKE_PROFIT_DYN,3,16,494201.03787053993,519883.78780799994,25682.74993746,5.19682233937109
000977.SZ,2024-04-10,2024-04-11,2024-05-06,TAKE_PROFIT_DYN,1,14,196877.80492379997,221626.41881292,24748.613889120024,12.570545419631626
000628.SZ,2024-03-29,2024-04-01,2024-05-21,TAKE_PROFIT_DYN,3,31,592326.5458710599,460896.74305884005,-131429.80281221983,-22.18874094507154
002129.SZ,2024-01-30,2024-01-31,2024-05-22,TAKE_PROFIT_DYN,4,69,798307.8090787799,745725.7773504001,-52582.03172837978,-6.5866863796632105
601138.SH,2024-05-31,2024-06-03,2024-06-14,TAKE_PROFIT_DYN,1,8,199568.19124241994,233965.67284728002,34397.48160486008,17.235953981802986
002230.SZ,2024-04-23,2024-04-24,2024-06-18,TAKE_PROFIT_DYN,2,35,397099.8191159999,418307.79927419993,21207.980158200022,5.3407176576942215
600919.SH,2024-04-26,2024-04-29,2024-07-02,TAKE_PROFIT_DYN,2,42,398986.19344584,386121.52244952,-12864.670996319968,-3.22433989136676
000977.SZ,2024-05-28,2024-05-29,2024-07-09,TAKE_PROFIT_DYN,1,28,199673.32356972,208612.3540248,8939.030455080007,4.476827597833199
000625.SZ,2024-04-16,2024-04-17,2024-07-10,TAKE_PROFIT_DYN,3,56,596828.21200002,575453.85443568,-21374.357564339996,-3.5813249331349106
000725.SZ,2024-05-28,2024-05-29,2024-07-10,TAKE_PROFIT_DYN,2,29,399853.2848309999,417844.61556156,17991.33073056006,4.499483038676097
603019.SH,2024-03-27,2024-03-28,2024-07-17,TAKE_PROFIT_DYN,2,73,397832.74162631994,385241.0740992001,-12591.667527119862,-3.1650656694684725
000858.SZ,2024-06-11,2024-06-12,2024-07-17,TAKE_PROFIT_DYN,2,25,381700.43631719996,363136.03070976003,-18564.405607439927,-4.863606074584775
600519.SH,2024-06-11,2024-06-12,2024-07-19,TAKE_PROFIT_DYN,3,27,455072.7881699999,457446.82299228,2374.0348222801113,0.5216824393800606
300750.SZ,2024-06-07,2024-06-11,2024-07-22,TAKE_PROFIT_DYN,2,29,376473.85776,381707.3018088,5233.44404880004,1.3901215027090492
300059.SZ,2024-06-28,2024-07-01,2024-07-31,TAKE_PROFIT_DYN,2,22,399054.27914351993,414757.05689088,15702.777747360058,3.9349979609446946
601012.SH,2024-06-06,2024-06-07,2024-08-05,TAKE_PROFIT_DYN,2,40,399788.20291409997,351089.26121808,-48698.94169601996,-12.181185272863992
600519.SH,2024-07-30,2024-07-31,2024-08-30,TAKE_PROFIT_DYN,1,22,137483.04630059996,144329.64204383997,6846.595743240003,4.979956385509713
002594.SZ,2024-08-02,2024-08-05,2024-08-30,TAKE_PROFIT_DYN,2,19,368367.65469503996,391869.3927456,23501.73805056006,6.379967880191982
002475.SZ,2024-08-05,2024-08-06,2024-08-30,TAKE_PROFIT_DYN,1,18,199050.539688,216059.2300944,17008.690406400012,8.544910470004318
002466.SZ,2024-04-25,2024-04-26,2024-09-11,TAKE_PROFIT_DYN,5,94,992384.0877950998,861267.1541165999,-131116.9336784999,-13.212317215788726
300502.SZ,2024-07-25,2024-07-26,2024-09-13,TAKE_PROFIT_DYN,2,35,395026.2091175399,450190.61090784,55164.40179030009,13.964744747831642
601919.SH,2024-07-08,2024-07-09,2024-09-20,TAKE_PROFIT_DYN,5,51,995770.3499944198,1012982.77954368,17212.42954926018,1.7285541339282333
000063.SZ,2024-08-22,2024-08-23,2024-09-23,TAKE_PROFIT_DYN,1,19,199451.04379199998,206223.56388612,6772.520094120031,3.3955801711335427
601138.SH,2024-07-18,2024-07-19,2024-09-24,TAKE_PROFIT_DYN,4,45,797744.0995524,777393.96722064,-20350.1323317599,-2.550959931032771
300308.SZ,2024-07-25,2024-07-26,2024-09-24,TAKE_PROFIT_DYN,3,40,586515.2313220198,628743.93916752,42228.707845500205,7.199933708510119
601899.SH,2024-07-23,2024-07-24,2024-09-25,TAKE_PROFIT_DYN,4,43,797994.4146173999,888186.71269152,90192.29807412007,11.302372099604602
601127.SH,2024-08-28,2024-08-29,2024-09-25,TAKE_PROFIT_DYN,1,17,198097.33992047998,221593.47686784,23496.136947360035,11.860904824260553
600036.SH,2024-09-09,2024-09-10,2024-09-25,TAKE_PROFIT_DYN,1,9,199901.61090899995,225191.13656688,25289.52565788006,12.650986424212693
000858.SZ,2024-08-22,2024-08-23,2024-09-26,TAKE_PROFIT_DYN,4,22,773453.5256447999,846527.13105444,73073.60540964012,9.447704740723928
600809.SH,2024-08-28,2024-08-29,2024-09-26,TAKE_PROFIT_DYN,1,18,194644.99454399996,214625.75636304,19980.761819040054,10.265232797714383
600519.SH,2024-09-09,2024-09-10,2024-09-26,TAKE_PROFIT_DYN,3,10,396801.44355851994,448645.3342113601,51843.89065284014,13.065449104192647
600276.SH,2024-09-20,2024-09-23,2024-09-26,TAKE_PROFIT_DYN,1,3,197496.58376448,211503.25926576002,14006.675501280028,7.0921102706178285
000100.SZ,2024-05-07,2024-05-08,2024-09-27,TAKE_PROFIT_DYN,5,99,999394.9121356199,1063665.4594104,64270.547274779994,6.430946014868081
688012.SH,2024-08-23,2024-08-26,2024-09-27,TAKE_PROFIT_DYN,2,22,388789.35895799997,423705.28706352,34915.928105520026,8.980679975166685
688256.SH,2024-09-05,2024-09-06,2024-09-30,TAKE_PROFIT_DYN,2,14,380017.31782014,464571.2672964,84553.94947626,22.25002533076108
600900.SH,2024-09-11,2024-09-12,2024-09-30,TAKE_PROFIT_DYN,1,10,199691.34625439998,216123.11750304,16431.771248640027,8.228584541518643
600150.SH,2024-09-19,2024-09-20,2024-12-18,TAKE_PROFIT_DYN,3,58,593537.0695254,620087.1952968,26550.125771400053,4.47320430931633
600418.SH,2024-11-27,2024-11-28,2025-01-22,TAKE_PROFIT_DYN,1,38,197240.26113792,235337.25565152,38096.99451360002,19.31501930377224
603019.SH,2025-01-02,2025-01-03,2025-02-05,TAKE_PROFIT_DYN,2,17,389808.64190268004,417868.5733398,28059.931437119958,7.198386187683706
600030.SH,2024-12-31,2025-01-02,2025-02-07,TAKE_PROFIT_DYN,2,20,395882.28663984,395766.52467264,-115.76196719997097,-0.029241512213777625
300059.SZ,2025-01-02,2025-01-03,2025-02-07,TAKE_PROFIT_DYN,2,19,398093.06929391995,420261.35644152004,22168.287147600087,5.568619214325684
300033.SZ,2025-01-02,2025-01-03,2025-02-07,TAKE_PROFIT_DYN,2,19,365482.02262572,450342.34350336,84860.32087763998,23.218740081380986
300750.SZ,2025-01-07,2025-01-08,2025-02-14,TAKE_PROFIT_DYN,1,21,197040.00908592,214214.48116992004,17174.472084000037,8.716235937905914
000858.SZ,2025-01-06,2025-01-07,2025-02-17,TAKE_PROFIT_DYN,1,23,197048.01916799997,199418.55662519997,2370.5374572,1.2030252662316376
688256.SH,2025-01-16,2025-01-17,2025-02-21,TAKE_PROFIT_DYN,1,19,173318.15100599997,206534.01676248,33215.86575648002,19.16467811575612
600519.SH,2025-01-03,2025-01-06,2025-02-28,TAKE_PROFIT_DYN,2,33,289664.5932179999,302870.23954704,13205.646329040115,4.558943908999476
688256.SH,2025-03-25,2025-03-26,2025-04-21,TAKE_PROFIT_DYN,1,17,192947.8584033,210163.62016584,17215.76176254,8.922494348994318
002261.SZ,2025-03-24,2025-03-25,2025-04-28,TAKE_PROFIT_DYN,1,23,197688.82573440002,202970.29724928,5281.471514879988,2.6716085217561965
600989.SH,2025-03-28,2025-03-31,2025-04-29,TAKE_PROFIT_DYN,1,20,199370.94297119995,213154.3494828,13783.406511600042,6.913448021154776
000063.SZ,2025-03-03,2025-03-04,2025-05-07,TAKE_PROFIT_DYN,2,42,395609.94384911994,405910.64727576,10300.703426640073,2.6037524048102836
600050.SH,2025-03-19,2025-03-20,2025-05-07,TAKE_PROFIT_DYN,1,30,199893.60082691995,191692.17314279996,-8201.42768411999,-4.102896566069308
300846.SZ,2025-03-25,2025-03-26,2025-05-07,TAKE_PROFIT_DYN,3,26,595191.15147492,572710.6888272001,-22480.46264771989,-3.7770156011244347
300059.SZ,2025-04-01,2025-04-02,2025-05-07,TAKE_PROFIT_DYN,2,21,398868.04473515996,419460.76735200005,20592.722616840096,5.1627907747067665
002475.SZ,2025-04-02,2025-04-03,2025-05-07,TAKE_PROFIT_DYN,2,20,395480.78127557994,409965.50124288,14484.719967300072,3.6625597634810965
300308.SZ,2025-01-10,2025-01-13,2025-05-08,TAKE_PROFIT_DYN,5,73,973270.0294317,980797.5009597599,7527.471528059919,0.7734206644023827
300502.SZ,2025-02-28,2025-03-03,2025-05-08,TAKE_PROFIT_DYN,2,44,389522.28146831994,501415.33550724003,111893.05403892009,28.725713357688992
300750.SZ,2025-04-01,2025-04-02,2025-05-08,TAKE_PROFIT_DYN,3,22,548330.1687864,591206.09362848,42875.924842079985,7.81936272756536
601318.SH,2025-04-07,2025-04-08,2025-05-08,TAKE_PROFIT_DYN,1,19,199305.86105429995,213111.42513012,13805.56407582006,6.926822925723594
600036.SH,2025-04-07,2025-04-08,2025-05-08,TAKE_PROFIT_DYN,1,19,195990.68833344002,206899.37288064,10908.684547199984,5.565919809741665
002594.SZ,2025-04-08,2025-04-09,2025-05-13,TAKE_PROFIT_DYN,1,21,192121.8186888,225203.11545600003,33081.29676720002,17.218917139643203
601658.SH,2025-03-28,2025-03-31,2025-05-14,TAKE_PROFIT_DYN,3,28,599250.2605689599,621644.4508824,22394.190313440165,3.737034722718007
600309.SH,2025-04-15,2025-04-16,2025-05-15,TAKE_PROFIT_DYN,1,18,197193.20190569997,202817.56641300002,5624.364507300052,2.8522101436284233
601899.SH,2025-04-07,2025-04-08,2025-05-21,TAKE_PROFIT_DYN,1,28,199162.68083711996,236511.18678528004,37348.50594816008,18.75276321406046
603259.SH,2025-04-08,2025-04-09,2025-05-23,TAKE_PROFIT_DYN,1,29,199451.04379199998,254032.30860480003,54581.264812800044,27.365745385479556
688981.SH,2025-04-01,2025-04-02,2025-06-23,TAKE_PROFIT_DYN,4,53,783998.79870312,781358.97951936,-2639.8191837599734,-0.3367121465143475
688256.SH,2025-05-27,2025-05-28,2025-06-26,TAKE_PROFIT_DYN,1,20,185213.12289479998,189754.58782764,4541.464932840026,2.4520211429184493
000858.SZ,2025-06-13,2025-06-16,2025-07-09,TAKE_PROFIT_DYN,2,17,378908.92271231994,390064.57345151994,11155.650739200006,2.9441509741563254
600519.SH,2025-06-13,2025-06-16,2025-07-10,TAKE_PROFIT_DYN,1,18,140296.5876312,142500.86497152,2204.277340319997,1.571155348492451
300308.SZ,2025-10-14,2025-10-15,2025-10-24,TAKE_PROFIT_DYN,1,7,172717.39484999998,237162.03976080002,64444.64491080004,37.312191378736536
002460.SZ,2025-11-24,2025-11-25,2025-12-22,TAKE_PROFIT_DYN,1,19,195011.45579916,213760.28162412,18748.82582495999,9.614217661278927
601138.SH,2025-11-24,2025-11-25,2025-12-25,TAKE_PROFIT_DYN,1,22,197508.59888759998,235659.687417,38151.08852940003,19.316165850131622
300502.SZ,2026-01-12,2026-01-13,2026-02-02,TAKE_PROFIT_DYN,1,14,192872.76388379998,228217.8025512,35345.03866740002,18.325572753597463
300750.SZ,2025-11-21,2025-11-24,2026-02-06,TAKE_PROFIT_DYN,4,52,721818.5340366,734665.2697296,12846.735693000024,1.7797735978262685
300274.SZ,2025-12-16,2025-12-17,2026-03-11,TAKE_PROFIT_DYN,3,52,590278.96863936,590035.157217,-243.81142236001324,-0.04130443998742119
300308.SZ,2026-02-06,2026-02-09,2026-03-18,TAKE_PROFIT_DYN,1,21,168512.10175799998,174304.81558511997,5792.713827119995,3.437565472561077
002475.SZ,2026-01-08,2026-01-09,2026-04-08,TAKE_PROFIT_DYN,5,56,983976.5053918799,999135.18372096,15158.67832908011,1.540552873571203
601138.SH,2026-01-29,2026-01-30,2026-04-08,TAKE_PROFIT_DYN,5,41,990499.7159857799,1028370.66085908,37870.94487330015,3.823418044659373
688256.SH,2026-02-03,2026-02-04,2026-04-08,TAKE_PROFIT_DYN,3,38,411773.2882262999,462824.34596639994,51051.05774010002,12.397855616133041
601899.SH,2026-03-16,2026-03-17,2026-04-15,TAKE_PROFIT_DYN,3,20,595225.1943237599,649505.350494,54280.15617024014,9.119263883295172
603986.SH,2026-03-31,2026-04-01,2026-04-21,TAKE_PROFIT_DYN,1,13,175220.54549999998,209819.22710363998,34598.68160364,19.7457903723054
300059.SZ,2026-03-20,2026-03-23,2026-05-11,TAKE_PROFIT_DYN,2,31,399045.2678011799,432661.50316224,33616.23536106013,8.424165896338625
300274.SZ,2026-04-01,2026-04-02,2026-05-11,TAKE_PROFIT_DYN,2,23,395257.50023759995,446945.33019708,51687.829959480034,13.077001683310016
300274.SZ,2026-07-01,2026-07-02,2026-08-11,TAKE_PROFIT_DYN,2,28,378756.73115279997,347098.2946596,-31658.43649319996,-8.358514552822074
600487.SH,2026-07-06,2026-07-07,2026-08-18,TAKE_PROFIT_DYN,2,30,390521.53920779994,321369.63731136004,-69151.9018964399,-17.707576907721744
688525.SH,2026-07-15,2026-07-16,2026-08-25,FINAL_SETTLE,2,28,366661.50721199997,295644.97292616,-71016.53428584,-19.368418251981645
688008.SH,2026-07-16,2026-07-17,2026-08-25,FINAL_SETTLE,2,27,382760.77093253995,368748.14026247995,-14012.630670059996,-3.6609369962131426
688256.SH,2026-07-16,2026-07-17,2026-08-25,FINAL_SETTLE,3,27,435297.8980349999,403480.92926592,-31816.96876907989,-7.309240157764709
300308.SZ,2026-07-17,2026-07-20,2026-08-25,FINAL_SETTLE,3,26,478445.2064191799,422255.84148,-56189.36493917991,-11.744158826402947
600584.SH,2026-07-20,2026-07-21,2026-08-25,FINAL_SETTLE,1,25,199671.3210492,192191.2935228,-7480.027526399994,-3.746170199653699
300502.SZ,2026-07-28,2026-07-29,2026-08-25,FINAL_SETTLE,2,19,330471.95637456,320131.81876896,-10340.1376056,-3.1289001702402826
002384.SZ,2026-07-29,2026-07-30,2026-08-25,FINAL_SETTLE,1,18,196101.82822229998,209554.69330224,13452.865079940006,6.860142611567042
002475.SZ,2026-08-03,2026-08-04,2026-08-25,FINAL_SETTLE,1,15,200051.799948,202624.90594632,2573.1059983200103,1.2862198685484683
600276.SH,2026-08-20,2026-08-21,2026-08-25,FINAL_SETTLE,2,2,394813.94194242,385188.16733892006,-9625.774603499915,-2.438053366642191
