model,signal_date,horizon_days,group,n_signals,mean_fwd_return_pct,median_fwd_return_pct
Model1,2020-10-26,1,selected_Top10,10,-0.179,-0.167
Model1,2020-10-26,1,non_selected,2,-0.45,-0.45
Model1,2020-10-26,3,selected_Top10,10,1.17,1.198
Model1,2020-10-26,3,non_selected,2,0.59,0.59
Model1,2020-10-26,5,selected_Top10,10,-2.565,-2.574
Model1,2020-10-26,5,non_selected,2,-0.517,-0.517
Model1,2020-10-26,10,selected_Top10,10,4.74,5.191
Model1,2020-10-26,10,non_selected,2,2.744,2.744
Model1,2020-10-26,20,selected_Top10,10,2.524,3.244
Model1,2020-10-26,20,non_selected,2,4.707,4.707
Model1,2022-01-21,1,selected_Top10,10,-0.186,-0.146
Model1,2022-01-21,1,non_selected,67,-0.2,-0.223
Model1,2022-01-21,3,selected_Top10,10,-3.455,-3.056
Model1,2022-01-21,3,non_selected,67,-3.165,-3.071
Model1,2022-01-21,5,selected_Top10,10,-5.655,-5.924
Model1,2022-01-21,5,non_selected,67,-5.306,-5.617
Model1,2022-01-21,10,selected_Top10,10,-5.663,-4.024
Model1,2022-01-21,10,non_selected,67,-5.337,-4.516
Model1,2022-01-21,20,selected_Top10,10,-2.407,-2.487
Model1,2022-01-21,20,non_selected,67,-2.185,-2.435
Model1,2023-08-11,1,selected_Top10,10,-0.213,0.175
Model1,2023-08-11,1,non_selected,87,-0.295,-0.214
Model1,2023-08-11,3,selected_Top10,10,-2.981,-2.126
Model1,2023-08-11,3,non_selected,87,-2.671,-2.537
Model1,2023-08-11,5,selected_Top10,10,-3.275,-2.993
Model1,2023-08-11,5,non_selected,87,-3.219,-3.312
Model1,2023-08-11,10,selected_Top10,10,-6.88,-6.677
Model1,2023-08-11,10,non_selected,87,-6.402,-7.194
Model1,2023-08-11,20,selected_Top10,10,-2.516,-3.299
Model1,2023-08-11,20,non_selected,87,-3.197,-3.79
Model1,2022-04-21,1,selected_Top10,10,0.152,0.276
Model1,2022-04-21,1,non_selected,202,-0.088,0.0
Model1,2022-04-21,3,selected_Top10,10,-5.271,-5.322
Model1,2022-04-21,3,non_selected,202,-6.464,-5.969
Model1,2022-04-21,5,selected_Top10,10,-2.647,-2.347
Model1,2022-04-21,5,non_selected,202,-3.454,-3.091
Model1,2022-04-21,10,selected_Top10,10,-1.915,-1.991
Model1,2022-04-21,10,non_selected,202,-1.077,-1.415
Model1,2022-04-21,20,selected_Top10,10,-1.29,-0.813
Model1,2022-04-21,20,non_selected,202,0.23,-0.228
Model1,2026-06-29,1,selected_Top10,10,1.506,1.672
Model1,2026-06-29,1,non_selected,23,0.526,-0.763
Model1,2026-06-29,3,selected_Top10,10,1.273,1.904
Model1,2026-06-29,3,non_selected,23,0.641,0.917
Model1,2026-06-29,5,selected_Top10,10,4.436,4.037
Model1,2026-06-29,5,non_selected,23,4.037,4.0
Model1,2026-06-29,10,selected_Top10,10,-1.694,-2.169
Model1,2026-06-29,10,non_selected,23,-1.376,-0.244
Model1,2026-06-29,20,selected_Top10,10,-2.6,-3.921
Model1,2026-06-29,20,non_selected,23,0.059,3.486
Model1,2022-08-31,1,selected_Top10,10,-0.653,-0.467
Model1,2022-08-31,1,non_selected,152,-0.754,-0.734
Model1,2022-08-31,3,selected_Top10,10,0.09,0.561
Model1,2022-08-31,3,non_selected,152,-0.894,-0.841
Model1,2022-08-31,5,selected_Top10,10,2.547,2.976
Model1,2022-08-31,5,non_selected,152,1.935,1.596
Model1,2022-08-31,10,selected_Top10,10,-3.257,-4.246
Model1,2022-08-31,10,non_selected,152,-3.756,-4.072
Model1,2022-08-31,20,selected_Top10,10,-7.635,-8.33
Model1,2022-08-31,20,non_selected,152,-7.547,-7.537
Model1,2026-01-30,1,selected_Top10,10,-2.274,-2.342
Model1,2026-01-30,1,non_selected,20,-2.098,-2.407
Model1,2026-01-30,3,selected_Top10,10,1.187,1.179
Model1,2026-01-30,3,non_selected,20,0.655,0.699
Model1,2026-01-30,5,selected_Top10,10,0.592,0.6
Model1,2026-01-30,5,non_selected,20,0.134,0.368
Model1,2026-01-30,10,selected_Top10,10,2.759,2.835
Model1,2026-01-30,10,non_selected,20,1.543,1.47
Model1,2026-01-30,20,selected_Top10,10,0.985,1.476
Model1,2026-01-30,20,non_selected,20,-1.409,-1.804
Model1,2026-02-04,1,selected_Top10,10,-1.647,-1.681
Model1,2026-02-04,1,non_selected,19,-1.521,-1.439
Model1,2026-02-04,3,selected_Top10,10,0.768,0.74
Model1,2026-02-04,3,non_selected,19,0.918,0.931
Model1,2026-02-04,5,selected_Top10,10,-0.345,-0.491
Model1,2026-02-04,5,non_selected,19,-0.009,0.159
Model1,2026-02-04,10,selected_Top10,10,3.032,2.609
Model1,2026-02-04,10,non_selected,19,4.087,4.579
Model1,2026-02-04,20,selected_Top10,10,-1.211,-0.939
Model1,2026-02-04,20,non_selected,19,-0.627,-0.698
Model1,2026-08-18,1,selected_Top10,10,-1.435,-1.512
Model1,2026-08-18,1,non_selected,8,-1.465,-1.499
Model1,2026-08-18,3,selected_Top10,10,-1.199,-1.29
Model1,2026-08-18,3,non_selected,8,-1.301,-1.313
Model1,2026-08-18,5,selected_Top10,10,-0.972,-1.124
Model1,2026-08-18,5,non_selected,8,-1.143,-1.177
Model1,2026-08-18,10,selected_Top10,10,3.304,3.226
Model1,2026-08-18,10,non_selected,8,2.958,2.945
Model1,2025-06-10,1,selected_Top10,10,0.726,0.328
Model1,2025-06-10,3,selected_Top10,10,-2.039,-2.694
Model1,2025-06-10,5,selected_Top10,10,-2.553,-3.158
Model1,2025-06-10,10,selected_Top10,10,-2.03,-2.957
Model1,2025-06-10,20,selected_Top10,10,-1.76,-2.748
Model1,2026-06-24,1,selected_Top10,10,-1.024,-1.191
Model1,2026-06-24,1,non_selected,62,-0.478,-0.556
Model1,2026-06-24,3,selected_Top10,10,-1.646,-1.409
Model1,2026-06-24,3,non_selected,62,-0.762,-0.909
Model1,2026-06-24,5,selected_Top10,10,-1.895,-1.935
Model1,2026-06-24,5,non_selected,62,-0.58,-1.031
Model1,2026-06-24,10,selected_Top10,10,0.713,0.901
Model1,2026-06-24,10,non_selected,62,0.648,0.591
Model1,2026-06-24,20,selected_Top10,10,5.545,5.903
Model1,2026-06-24,20,non_selected,62,4.6,5.609
Model1,2022-04-12,1,selected_Top10,10,-1.995,-2.43
Model1,2022-04-12,1,non_selected,26,-1.254,-1.521
Model1,2022-04-12,3,selected_Top10,10,-2.03,-2.263
Model1,2022-04-12,3,non_selected,26,-1.876,-2.018
Model1,2022-04-12,5,selected_Top10,10,0.135,0.178
Model1,2022-04-12,5,non_selected,26,-1.266,-1.466
Model1,2022-04-12,10,selected_Top10,10,-15.866,-16.452
Model1,2022-04-12,10,non_selected,26,-16.105,-16.321
Model1,2022-04-12,20,selected_Top10,10,0.627,0.351
Model1,2022-04-12,20,non_selected,26,-2.669,-2.238
Model1,2022-10-10,1,selected_Top10,10,-0.156,-0.421
Model1,2022-10-10,1,non_selected,140,0.37,0.0
Model1,2022-10-10,3,selected_Top10,10,2.347,2.985
Model1,2022-10-10,3,non_selected,140,2.816,3.122
Model1,2022-10-10,5,selected_Top10,10,5.965,6.773
Model1,2022-10-10,5,non_selected,140,5.915,6.562
Model1,2022-10-10,10,selected_Top10,10,5.4,7.7
Model1,2022-10-10,10,non_selected,140,2.829,2.786
Model1,2022-10-10,20,selected_Top10,10,11.134,13.225
Model1,2022-10-10,20,non_selected,140,8.668,10.715
Model1,2012-11-27,1,selected_Top10,9,-1.629,-1.452
Model1,2012-11-27,3,selected_Top10,9,-1.199,-1.926
Model1,2012-11-27,5,selected_Top10,9,-1.795,-2.293
Model1,2012-11-27,10,selected_Top10,9,3.906,3.785
Model1,2012-11-27,20,selected_Top10,9,10.959,11.142
Model1,2019-01-02,1,selected_Top10,10,0.311,0.045
Model1,2019-01-02,1,non_selected,1,4.734,4.734
Model1,2019-01-02,3,selected_Top10,10,2.122,2.21
Model1,2019-01-02,3,non_selected,1,5.194,5.194
Model1,2019-01-02,5,selected_Top10,10,2.663,2.975
Model1,2019-01-02,5,non_selected,1,8.35,8.35
Model1,2019-01-02,10,selected_Top10,10,3.942,3.824
Model1,2019-01-02,10,non_selected,1,14.267,14.267
Model1,2019-01-02,20,selected_Top10,10,5.178,4.381
Model1,2019-01-02,20,non_selected,1,27.745,27.745
Model1,2021-02-25,1,selected_Top10,10,-2.263,-2.195
Model1,2021-02-25,1,non_selected,13,-1.77,-2.045
Model1,2021-02-25,3,selected_Top10,10,0.193,-0.503
Model1,2021-02-25,3,non_selected,13,-0.238,-0.508
Model1,2021-02-25,5,selected_Top10,10,-4.052,-4.127
Model1,2021-02-25,5,non_selected,13,-4.097,-4.092
Model1,2021-02-25,10,selected_Top10,10,-6.52,-7.813
Model1,2021-02-25,10,non_selected,13,-7.825,-7.975
Model1,2021-02-25,20,selected_Top10,10,-10.689,-10.89
Model1,2021-02-25,20,non_selected,13,-10.871,-10.912
Model1,2018-05-29,1,selected_Top10,10,-2.876,-2.719
Model1,2018-05-29,1,non_selected,15,-2.376,-2.529
Model1,2018-05-29,3,selected_Top10,10,-3.193,-3.439
Model1,2018-05-29,3,non_selected,15,-2.178,-2.76
Model1,2018-05-29,5,selected_Top10,10,-2.001,-1.927
Model1,2018-05-29,5,non_selected,15,-1.032,-1.478
Model1,2018-05-29,10,selected_Top10,10,-4.11,-3.74
Model1,2018-05-29,10,non_selected,15,-2.686,-2.846
Model1,2018-05-29,20,selected_Top10,10,-13.179,-13.249
Model1,2018-05-29,20,non_selected,15,-11.489,-12.971
Model1,2021-08-17,1,selected_Top10,10,0.131,0.055
Model1,2021-08-17,1,non_selected,38,0.293,0.306
Model1,2021-08-17,3,selected_Top10,10,-0.782,-1.618
Model1,2021-08-17,3,non_selected,38,-0.017,0.227
Model1,2021-08-17,5,selected_Top10,10,3.201,2.867
Model1,2021-08-17,5,non_selected,38,3.057,3.231
Model1,2021-08-17,10,selected_Top10,10,-3.357,-3.335
Model1,2021-08-17,10,non_selected,38,-1.664,-1.471
Model1,2021-08-17,20,selected_Top10,10,-4.375,-4.336
Model1,2021-08-17,20,non_selected,38,-1.856,-2.096
Model1,2025-04-01,1,selected_Top10,10,0.096,0.079
Model1,2025-04-01,1,non_selected,24,0.045,0.125
Model1,2025-04-01,3,selected_Top10,10,-10.417,-11.074
Model1,2025-04-01,3,non_selected,24,-10.749,-11.002
Model1,2025-04-01,5,selected_Top10,10,-9.738,-11.497
Model1,2025-04-01,5,non_selected,24,-10.42,-11.375
Model1,2025-04-01,10,selected_Top10,10,-7.39,-9.124
Model1,2025-04-01,10,non_selected,24,-8.072,-8.91
Model1,2025-04-01,20,selected_Top10,10,-5.828,-5.924
Model1,2025-04-01,20,non_selected,24,-6.087,-5.768
Model1,2024-12-31,1,selected_Top10,10,-3.905,-3.884
Model1,2024-12-31,1,non_selected,109,-3.739,-3.682
Model1,2024-12-31,3,selected_Top10,10,-6.909,-6.007
Model1,2024-12-31,3,non_selected,109,-6.365,-6.066
Model1,2024-12-31,5,selected_Top10,10,-6.419,-6.344
Model1,2024-12-31,5,non_selected,109,-5.906,-5.371
Model1,2024-12-31,10,selected_Top10,10,-4.444,-4.716
Model1,2024-12-31,10,non_selected,109,-4.105,-4.193
Model1,2024-12-31,20,selected_Top10,10,-0.338,-0.261
Model1,2024-12-31,20,non_selected,109,1.58,0.306
Model1,2009-08-17,1,selected_Top10,5,1.467,1.158
Model1,2009-08-17,3,selected_Top10,5,0.626,0.289
Model1,2009-08-17,5,selected_Top10,5,3.601,3.427
Model1,2009-08-17,10,selected_Top10,5,-8.696,-9.274
Model1,2009-08-17,20,selected_Top10,5,6.296,4.315
Model1,2010-04-22,1,selected_Top10,3,-0.813,-0.642
Model1,2010-04-22,3,selected_Top10,3,-3.368,-3.373
Model1,2010-04-22,5,selected_Top10,3,-4.008,-3.85
Model1,2010-04-22,10,selected_Top10,3,-9.626,-9.461
Model1,2010-04-22,20,selected_Top10,3,-11.426,-10.695
Model1,2021-07-19,1,selected_Top10,6,-0.123,0.065
Model1,2021-07-19,3,selected_Top10,6,-0.673,-0.639
Model1,2021-07-19,5,selected_Top10,6,-4.057,-3.826
Model1,2021-07-19,10,selected_Top10,6,-4.619,-3.533
Model1,2021-07-19,20,selected_Top10,6,-0.938,-0.808
Model1,2019-11-13,1,selected_Top10,10,0.165,0.167
Model1,2019-11-13,1,non_selected,9,0.055,0.292
Model1,2019-11-13,3,selected_Top10,10,0.028,0.053
Model1,2019-11-13,3,non_selected,9,-0.208,-0.22
Model1,2019-11-13,5,selected_Top10,10,0.431,0.552
Model1,2019-11-13,5,non_selected,9,0.548,0.659
Model1,2019-11-13,10,selected_Top10,10,0.561,0.672
Model1,2019-11-13,10,non_selected,9,0.853,0.434
Model1,2019-11-13,20,selected_Top10,10,2.325,2.25
Model1,2019-11-13,20,non_selected,9,2.197,2.256
Model1,2021-12-06,1,selected_Top10,10,-0.539,-0.746
Model1,2021-12-06,1,non_selected,12,-0.323,-0.308
Model1,2021-12-06,3,selected_Top10,10,2.747,2.214
Model1,2021-12-06,3,non_selected,12,3.189,3.525
Model1,2021-12-06,5,selected_Top10,10,2.818,2.746
Model1,2021-12-06,5,non_selected,12,3.258,3.3
Model1,2021-12-06,10,selected_Top10,10,-2.581,-2.568
Model1,2021-12-06,10,non_selected,12,0.209,0.881
Model1,2021-12-06,20,selected_Top10,10,-5.04,-6.055
Model1,2021-12-06,20,non_selected,12,1.669,3.222
Model1,2026-01-26,1,selected_Top10,5,-0.836,-1.053
Model1,2026-01-26,3,selected_Top10,5,4.367,5.789
Model1,2026-01-26,5,selected_Top10,5,1.505,2.114
Model1,2026-01-26,10,selected_Top10,5,3.594,4.39
Model1,2026-01-26,20,selected_Top10,5,-1.983,-1.718
Model1,2024-06-27,1,selected_Top10,10,-0.317,-0.408
Model1,2024-06-27,1,non_selected,75,0.146,0.0
Model1,2024-06-27,3,selected_Top10,10,-1.52,-2.291
Model1,2024-06-27,3,non_selected,75,-0.836,-0.926
Model1,2024-06-27,5,selected_Top10,10,-3.335,-3.574
Model1,2024-06-27,5,non_selected,75,-2.296,-2.493
Model1,2024-06-27,10,selected_Top10,10,-1.119,-0.313
Model1,2024-06-27,10,non_selected,75,0.145,0.155
Model1,2024-06-27,20,selected_Top10,10,-4.259,-5.243
Model1,2024-06-27,20,non_selected,75,-3.416,-3.795
Model1,2019-04-30,1,selected_Top10,10,-7.389,-7.407
Model1,2019-04-30,1,non_selected,23,-6.028,-6.218
Model1,2019-04-30,3,selected_Top10,10,-6.779,-6.761
Model1,2019-04-30,3,non_selected,23,-6.277,-6.25
Model1,2019-04-30,5,selected_Top10,10,-4.338,-4.346
Model1,2019-04-30,5,non_selected,23,-4.597,-4.59
Model1,2019-04-30,10,selected_Top10,10,-6.56,-6.568
Model1,2019-04-30,10,non_selected,23,-6.988,-7.087
Model1,2019-04-30,20,selected_Top10,10,-7.128,-7.158
Model1,2019-04-30,20,non_selected,23,-7.579,-7.435
Model1,2026-05-25,1,selected_Top10,10,0.272,0.098
Model1,2026-05-25,1,non_selected,37,0.464,0.642
Model1,2026-05-25,3,selected_Top10,10,-1.579,-1.227
Model1,2026-05-25,3,non_selected,37,-1.242,-1.071
Model1,2026-05-25,5,selected_Top10,10,-0.364,0.088
Model1,2026-05-25,5,non_selected,37,-0.071,0.08
Model1,2026-05-25,10,selected_Top10,10,-4.68,-3.416
Model1,2026-05-25,10,non_selected,37,-3.498,-3.095
Model1,2026-05-25,20,selected_Top10,10,-7.419,-7.017
Model1,2026-05-25,20,non_selected,37,-7.228,-7.119
Model1,2023-10-23,1,selected_Top10,10,0.977,1.035
Model1,2023-10-23,1,non_selected,502,0.766,0.671
Model1,2023-10-23,3,selected_Top10,10,1.713,1.289
Model1,2023-10-23,3,non_selected,502,1.324,1.224
Model1,2023-10-23,5,selected_Top10,10,4.21,3.832
Model1,2023-10-23,5,non_selected,502,4.198,4.369
Model1,2023-10-23,10,selected_Top10,10,6.129,5.901
Model1,2023-10-23,10,non_selected,502,5.588,5.757
Model1,2023-10-23,20,selected_Top10,10,5.804,6.225
Model1,2023-10-23,20,non_selected,502,5.514,5.16
Model1,2022-12-22,1,selected_Top10,10,-0.861,-0.66
Model1,2022-12-22,1,non_selected,178,-0.789,-0.799
Model1,2022-12-22,3,selected_Top10,10,2.511,1.918
Model1,2022-12-22,3,non_selected,178,2.574,2.382
Model1,2022-12-22,5,selected_Top10,10,1.868,1.177
Model1,2022-12-22,5,non_selected,178,1.933,1.686
Model1,2022-12-22,10,selected_Top10,10,5.355,4.758
Model1,2022-12-22,10,non_selected,178,4.984,4.844
Model1,2022-12-22,20,selected_Top10,10,9.746,8.812
Model1,2022-12-22,20,non_selected,178,9.94,9.783
Model1,2023-03-27,1,selected_Top10,8,-0.014,-0.429
Model1,2023-03-27,3,selected_Top10,8,0.411,0.054
Model1,2023-03-27,5,selected_Top10,8,0.858,0.102
Model1,2023-03-27,10,selected_Top10,8,2.469,1.95
Model1,2023-03-27,20,selected_Top10,8,2.518,2.496
Model1,2009-05-21,1,selected_Top10,1,-0.662,-0.662
Model1,2009-05-21,3,selected_Top10,1,-0.993,-0.993
Model1,2009-05-21,5,selected_Top10,1,5.464,5.464
Model1,2009-05-21,10,selected_Top10,1,8.278,8.278
Model1,2009-05-21,20,selected_Top10,1,13.742,13.742
Model1,2017-04-19,1,selected_Top10,10,0.127,0.162
Model1,2017-04-19,1,non_selected,14,0.324,-0.108
Model1,2017-04-19,3,selected_Top10,10,-0.685,-0.754
Model1,2017-04-19,3,non_selected,14,-0.871,-1.079
Model1,2017-04-19,5,selected_Top10,10,-0.659,-0.584
Model1,2017-04-19,5,non_selected,14,-1.019,-1.579
Model1,2017-04-19,10,selected_Top10,10,-0.926,-0.644
Model1,2017-04-19,10,non_selected,14,-1.361,-1.11
Model1,2017-04-19,20,selected_Top10,10,-2.329,-2.119
Model1,2017-04-19,20,non_selected,14,-1.844,-1.343
Model1,2013-10-29,1,selected_Top10,10,1.832,1.729
Model1,2013-10-29,1,non_selected,17,1.987,1.623
Model1,2013-10-29,3,selected_Top10,10,0.331,0.144
Model1,2013-10-29,3,non_selected,17,1.307,0.867
Model1,2013-10-29,5,selected_Top10,10,0.878,1.163
Model1,2013-10-29,5,non_selected,17,2.087,1.407
Model1,2013-10-29,10,selected_Top10,10,-0.722,-0.712
Model1,2013-10-29,10,non_selected,17,0.276,0.096
Model1,2013-10-29,20,selected_Top10,10,2.044,2.547
Model1,2013-10-29,20,non_selected,17,3.572,3.143
Model1,2022-09-01,1,selected_Top10,10,0.128,0.123
Model1,2022-09-01,1,non_selected,185,-0.119,-0.236
Model1,2022-09-01,3,selected_Top10,10,2.221,2.738
Model1,2022-09-01,3,non_selected,185,1.46,1.384
Model1,2022-09-01,5,selected_Top10,10,1.985,2.472
Model1,2022-09-01,5,non_selected,185,1.309,1.207
Model1,2022-09-01,10,selected_Top10,10,-4.647,-4.151
Model1,2022-09-01,10,non_selected,185,-4.619,-4.656
Model1,2022-09-01,20,selected_Top10,10,-8.967,-8.858
Model1,2022-09-01,20,non_selected,185,-8.66,-8.727
Model1,2023-10-24,1,selected_Top10,10,0.638,0.496
Model1,2023-10-24,1,non_selected,124,0.473,0.556
Model1,2023-10-24,3,selected_Top10,10,2.804,2.856
Model1,2023-10-24,3,non_selected,124,2.125,2.09
Model1,2023-10-24,5,selected_Top10,10,3.202,3.485
Model1,2023-10-24,5,non_selected,124,2.408,2.726
Model1,2023-10-24,10,selected_Top10,10,4.858,4.932
Model1,2023-10-24,10,non_selected,124,4.709,4.811
Model1,2023-10-24,20,selected_Top10,10,5.487,5.555
Model1,2023-10-24,20,non_selected,124,4.496,4.058
Model1,2010-08-25,1,selected_Top10,1,0.142,0.142
Model1,2010-08-25,3,selected_Top10,1,2.036,2.036
Model1,2010-08-25,5,selected_Top10,1,1.042,1.042
Model1,2010-08-25,10,selected_Top10,1,3.362,3.362
Model1,2010-08-25,20,selected_Top10,1,-0.568,-0.568
Model1,2017-12-12,1,selected_Top10,3,0.241,0.21
Model1,2017-12-12,3,selected_Top10,3,-2.126,-2.191
Model1,2017-12-12,5,selected_Top10,3,-2.192,-2.204
Model1,2017-12-12,10,selected_Top10,3,-4.63,-4.617
Model1,2017-12-12,20,selected_Top10,3,-1.133,-1.096
Model1,2026-08-31,1,selected_Top10,8,-0.774,-0.706
Model1,2026-08-31,3,selected_Top10,8,-2.161,-1.842
Model1,2019-11-15,1,selected_Top10,10,0.736,0.648
Model1,2019-11-15,1,non_selected,7,1.303,0.514
Model1,2019-11-15,3,selected_Top10,10,1.113,1.311
Model1,2019-11-15,3,non_selected,7,2.351,1.295
Model1,2019-11-15,5,selected_Top10,10,0.907,0.85
Model1,2019-11-15,5,non_selected,7,1.267,1.157
Model1,2019-11-15,10,selected_Top10,10,1.02,1.067
Model1,2019-11-15,10,non_selected,7,0.73,0.681
Model1,2019-11-15,20,selected_Top10,10,4.635,4.031
Model1,2019-11-15,20,non_selected,7,3.819,3.375
Model1,2023-06-05,1,selected_Top10,10,-0.978,-0.812
Model1,2023-06-05,1,non_selected,3,-1.863,-2.362
Model1,2023-06-05,3,selected_Top10,10,-2.481,-2.164
Model1,2023-06-05,3,non_selected,3,-4.016,-4.837
Model1,2023-06-05,5,selected_Top10,10,-0.632,-0.124
Model1,2023-06-05,5,non_selected,3,-2.175,-2.7
Model1,2023-06-05,10,selected_Top10,10,3.689,5.163
Model1,2023-06-05,10,non_selected,3,-0.462,-3.037
Model1,2023-06-05,20,selected_Top10,10,4.357,5.186
Model1,2023-06-05,20,non_selected,3,-1.174,-4.049
Model1,2023-03-21,1,selected_Top10,1,-0.148,-0.148
Model1,2023-03-21,3,selected_Top10,1,-1.111,-1.111
Model1,2023-03-21,5,selected_Top10,1,-2.963,-2.963
Model1,2023-03-21,10,selected_Top10,1,-1.63,-1.63
Model1,2023-03-21,20,selected_Top10,1,0.593,0.593
Model1,2025-10-24,1,selected_Top10,5,0.374,0.383
Model1,2025-10-24,3,selected_Top10,5,-0.028,0.0
Model1,2025-10-24,5,selected_Top10,5,0.537,0.512
Model1,2025-10-24,10,selected_Top10,5,-0.555,-0.51
Model1,2025-10-24,20,selected_Top10,5,-0.228,-0.221
Model1,2026-02-02,1,selected_Top10,10,1.712,1.91
Model1,2026-02-02,1,non_selected,306,1.641,1.509
Model1,2026-02-02,3,selected_Top10,10,1.401,1.552
Model1,2026-02-02,3,non_selected,306,1.608,1.657
Model1,2026-02-02,5,selected_Top10,10,2.747,2.797
Model1,2026-02-02,5,non_selected,306,2.874,2.819
Model1,2026-02-02,10,selected_Top10,10,2.56,2.759
Model1,2026-02-02,10,non_selected,306,2.921,2.611
Model1,2026-02-02,20,selected_Top10,10,1.973,2.21
Model1,2026-02-02,20,non_selected,306,2.134,1.781
Model1,2011-04-29,1,selected_Top10,2,1.835,1.835
Model1,2011-04-29,3,selected_Top10,2,-0.294,-0.294
Model1,2011-04-29,5,selected_Top10,2,0.906,0.906
Model1,2011-04-29,10,selected_Top10,2,0.095,0.095
Model1,2011-04-29,20,selected_Top10,2,-8.763,-8.763
Model1,2010-09-17,1,selected_Top10,5,-0.046,-0.083
Model1,2010-09-17,3,selected_Top10,5,1.028,1.059
Model1,2010-09-17,5,selected_Top10,5,0.286,0.323
Model1,2010-09-17,10,selected_Top10,5,12.561,13.036
Model1,2010-09-17,20,selected_Top10,5,18.702,18.773
Model1,2008-06-12,1,selected_Top10,5,-2.728,-2.7
Model1,2008-06-12,3,selected_Top10,5,-6.536,-6.16
Model1,2008-06-12,5,selected_Top10,5,-9.888,-9.099
Model1,2008-06-12,10,selected_Top10,5,-2.778,-2.603
Model1,2008-06-12,20,selected_Top10,5,-1.799,-2.304
Model1,2024-01-04,1,selected_Top10,10,-1.503,-1.523
Model1,2024-01-04,1,non_selected,6,-1.3,-1.165
Model1,2024-01-04,3,selected_Top10,10,-4.511,-4.556
Model1,2024-01-04,3,non_selected,6,-4.09,-3.878
Model1,2024-01-04,5,selected_Top10,10,-4.321,-4.454
Model1,2024-01-04,5,non_selected,6,-3.872,-3.546
Model1,2024-01-04,10,selected_Top10,10,-6.422,-6.369
Model1,2024-01-04,10,non_selected,6,-6.778,-6.76
Model1,2024-01-04,20,selected_Top10,10,-15.9,-16.309
Model1,2024-01-04,20,non_selected,6,-15.98,-15.658
Model1,2022-01-13,1,selected_Top10,10,-0.774,-0.787
Model1,2022-01-13,1,non_selected,76,-0.357,-0.433
Model1,2022-01-13,3,selected_Top10,10,0.742,0.74
Model1,2022-01-13,3,non_selected,76,1.597,0.954
Model1,2022-01-13,5,selected_Top10,10,1.11,1.377
Model1,2022-01-13,5,non_selected,76,1.156,1.105
Model1,2022-01-13,10,selected_Top10,10,-3.262,-2.211
Model1,2022-01-13,10,non_selected,76,-4.237,-4.007
Model1,2022-01-13,20,selected_Top10,10,-2.07,-1.939
Model1,2022-01-13,20,non_selected,76,-4.013,-4.187
Model1,2014-03-20,1,selected_Top10,1,3.586,3.586
Model1,2014-03-20,3,selected_Top10,1,3.862,3.862
Model1,2014-03-20,5,selected_Top10,1,2.759,2.759
Model1,2014-03-20,10,selected_Top10,1,4.276,4.276
Model1,2014-03-20,20,selected_Top10,1,6.759,6.759
Model1,2021-07-30,1,selected_Top10,10,4.059,4.484
Model1,2021-07-30,1,non_selected,20,2.499,2.498
Model1,2021-07-30,3,selected_Top10,10,4.046,4.411
Model1,2021-07-30,3,non_selected,20,2.602,2.917
Model1,2021-07-30,5,selected_Top10,10,2.664,2.826
Model1,2021-07-30,5,non_selected,20,1.61,1.901
Model1,2021-07-30,10,selected_Top10,10,6.454,6.758
Model1,2021-07-30,10,non_selected,20,4.463,4.536
Model1,2021-07-30,20,selected_Top10,10,-0.266,-1.056
Model1,2021-07-30,20,non_selected,20,2.45,2.598
Model1,2019-08-07,1,selected_Top10,10,1.187,1.28
Model1,2019-08-07,1,non_selected,85,0.914,0.906
Model1,2019-08-07,3,selected_Top10,10,2.139,2.221
Model1,2019-08-07,3,non_selected,85,1.547,1.411
Model1,2019-08-07,5,selected_Top10,10,1.7,1.712
Model1,2019-08-07,5,non_selected,85,1.556,1.434
Model1,2019-08-07,10,selected_Top10,10,5.367,5.185
Model1,2019-08-07,10,non_selected,85,4.441,4.628
Model1,2019-08-07,20,selected_Top10,10,8.411,8.313
Model1,2019-08-07,20,non_selected,85,7.972,7.63
Model1,2014-05-19,1,selected_Top10,7,0.056,-0.068
Model1,2014-05-19,3,selected_Top10,7,1.084,0.969
Model1,2014-05-19,5,selected_Top10,7,2.014,2.179
Model1,2014-05-19,10,selected_Top10,7,1.843,2.031
Model1,2014-05-19,20,selected_Top10,7,3.658,3.632
Model1,2022-09-08,1,selected_Top10,9,0.671,0.515
Model1,2022-09-08,3,selected_Top10,9,0.213,-0.385
Model1,2022-09-08,5,selected_Top10,9,-2.044,-2.921
Model1,2022-09-08,10,selected_Top10,9,-6.256,-7.268
Model1,2022-09-08,20,selected_Top10,9,-6.972,-7.732
Model1,2024-07-09,1,selected_Top10,6,-0.76,-0.7
Model1,2024-07-09,3,selected_Top10,6,1.703,1.75
Model1,2024-07-09,5,selected_Top10,6,0.652,0.672
Model1,2024-07-09,10,selected_Top10,6,-1.012,-0.931
Model1,2024-07-09,20,selected_Top10,6,-0.944,-1.0
Model1,2025-08-01,1,selected_Top10,10,0.381,0.365
Model1,2025-08-01,1,non_selected,5,0.287,0.306
Model1,2025-08-01,3,selected_Top10,10,1.256,1.406
Model1,2025-08-01,3,non_selected,5,0.814,0.676
Model1,2025-08-01,5,selected_Top10,10,1.668,1.734
Model1,2025-08-01,5,non_selected,5,1.378,1.449
Model1,2025-08-01,10,selected_Top10,10,0.953,0.89
Model1,2025-08-01,10,non_selected,5,0.928,0.817
Model1,2025-08-01,20,selected_Top10,10,1.392,1.481
Model1,2025-08-01,20,non_selected,5,1.915,2.029
Model1,2023-02-06,1,selected_Top10,10,0.719,0.46
Model1,2023-02-06,1,non_selected,3,0.47,0.435
Model1,2023-02-06,3,selected_Top10,10,1.196,0.747
Model1,2023-02-06,3,non_selected,3,0.672,0.72
Model1,2023-02-06,5,selected_Top10,10,0.716,-0.045
Model1,2023-02-06,5,non_selected,3,-0.219,-0.109
Model1,2023-02-06,10,selected_Top10,10,1.209,0.835
Model1,2023-02-06,10,non_selected,3,0.999,0.89
Model1,2023-02-06,20,selected_Top10,10,0.377,0.24
Model1,2023-02-06,20,non_selected,3,0.205,0.218
Model1,2021-03-09,1,selected_Top10,10,0.235,0.074
Model1,2021-03-09,1,non_selected,177,0.52,0.412
Model1,2021-03-09,3,selected_Top10,10,2.491,1.983
Model1,2021-03-09,3,non_selected,177,2.704,3.011
Model1,2021-03-09,5,selected_Top10,10,0.198,0.333
Model1,2021-03-09,5,non_selected,177,0.772,1.285
Model1,2021-03-09,10,selected_Top10,10,0.897,0.931
Model1,2021-03-09,10,non_selected,177,0.739,0.952
Model1,2021-03-09,20,selected_Top10,10,3.852,4.162
Model1,2021-03-09,20,non_selected,177,3.771,3.396
Model1,2024-11-18,1,selected_Top10,10,1.916,1.689
Model1,2024-11-18,3,selected_Top10,10,2.223,2.403
Model1,2024-11-18,5,selected_Top10,10,-2.139,-2.129
Model1,2024-11-18,10,selected_Top10,10,1.442,1.51
Model1,2024-11-18,20,selected_Top10,10,1.031,1.049
Model1,2021-01-28,1,selected_Top10,10,-0.794,-0.729
Model1,2021-01-28,1,non_selected,14,-0.646,-0.682
Model1,2021-01-28,3,selected_Top10,10,-0.375,-0.347
Model1,2021-01-28,3,non_selected,14,0.218,-0.091
Model1,2021-01-28,5,selected_Top10,10,-2.97,-3.355
Model1,2021-01-28,5,non_selected,14,-1.711,-1.422
Model1,2021-01-28,10,selected_Top10,10,0.827,0.02
Model1,2021-01-28,10,non_selected,14,2.627,3.978
Model1,2021-01-28,20,selected_Top10,10,-0.443,-2.144
Model1,2021-01-28,20,non_selected,14,3.508,4.273
Model1,2026-07-16,1,selected_Top10,10,-6.115,-5.975
Model1,2026-07-16,1,non_selected,223,-6.55,-7.019
Model1,2026-07-16,3,selected_Top10,10,-3.321,-3.541
Model1,2026-07-16,3,non_selected,223,-2.029,-1.888
Model1,2026-07-16,5,selected_Top10,10,-4.515,-5.16
Model1,2026-07-16,5,non_selected,223,-4.541,-4.332
Model1,2026-07-16,10,selected_Top10,10,-10.508,-9.47
Model1,2026-07-16,10,non_selected,223,-11.835,-13.561
Model1,2026-07-16,20,selected_Top10,10,-0.873,0.909
Model1,2026-07-16,20,non_selected,223,-2.342,-2.538
Model1,2023-05-08,1,selected_Top10,6,-0.692,-0.622
Model1,2023-05-08,3,selected_Top10,6,-0.055,-0.119
Model1,2023-05-08,5,selected_Top10,6,0.909,0.932
Model1,2023-05-08,10,selected_Top10,6,3.515,3.846
Model1,2023-05-08,20,selected_Top10,6,1.513,1.946
Model1,2017-07-17,1,selected_Top10,10,0.41,0.455
Model1,2017-07-17,1,non_selected,24,0.408,0.21
Model1,2017-07-17,3,selected_Top10,10,2.114,1.695
Model1,2017-07-17,3,non_selected,24,2.094,1.966
Model1,2017-07-17,5,selected_Top10,10,2.857,2.958
Model1,2017-07-17,5,non_selected,24,2.851,3.008
Model1,2017-07-17,10,selected_Top10,10,4.695,4.98
Model1,2017-07-17,10,non_selected,24,4.135,4.006
Model1,2017-07-17,20,selected_Top10,10,6.909,6.98
Model1,2017-07-17,20,non_selected,24,5.348,4.806
Model1,2024-08-05,1,selected_Top10,10,1.261,1.248
Model1,2024-08-05,1,non_selected,107,0.547,0.457
Model1,2024-08-05,3,selected_Top10,10,0.36,0.543
Model1,2024-08-05,3,non_selected,107,0.194,0.152
Model1,2024-08-05,5,selected_Top10,10,-0.187,-0.504
Model1,2024-08-05,5,non_selected,107,-0.528,-0.595
Model1,2024-08-05,10,selected_Top10,10,1.154,1.156
Model1,2024-08-05,10,non_selected,107,0.529,0.082
Model1,2024-08-05,20,selected_Top10,10,-3.374,-3.375
Model1,2024-08-05,20,non_selected,107,-2.473,-2.374
Model1,2024-05-29,1,selected_Top10,9,0.204,0.0
Model1,2024-05-29,3,selected_Top10,9,0.534,0.095
Model1,2024-05-29,5,selected_Top10,9,0.146,0.0
Model1,2024-05-29,10,selected_Top10,9,-0.77,-2.448
Model1,2024-05-29,20,selected_Top10,9,-2.611,-5.838
Model1,2024-09-13,1,selected_Top10,10,-0.528,-0.656
Model1,2024-09-13,1,non_selected,36,-0.3,-0.361
Model1,2024-09-13,3,selected_Top10,10,0.953,0.962
Model1,2024-09-13,3,non_selected,36,0.655,0.836
Model1,2024-09-13,5,selected_Top10,10,5.361,4.414
Model1,2024-09-13,5,non_selected,36,5.084,5.424
Model1,2024-09-13,10,selected_Top10,10,37.748,37.044
Model1,2024-09-13,10,non_selected,36,39.133,37.006
Model1,2024-09-13,20,selected_Top10,10,23.018,22.764
Model1,2024-09-13,20,non_selected,36,25.975,23.909
Model1,2021-07-02,1,selected_Top10,10,-0.054,0.122
Model1,2021-07-02,1,non_selected,15,-0.049,-0.086
Model1,2021-07-02,3,selected_Top10,10,1.324,1.061
Model1,2021-07-02,3,non_selected,15,1.294,1.114
Model1,2021-07-02,5,selected_Top10,10,1.977,1.218
Model1,2021-07-02,5,non_selected,15,1.297,1.013
Model1,2021-07-02,10,selected_Top10,10,4.29,3.263
Model1,2021-07-02,10,non_selected,15,3.044,2.985
Model1,2021-07-02,20,selected_Top10,10,0.265,-1.583
Model1,2021-07-02,20,non_selected,15,-1.228,-1.824
Model1,2021-12-17,1,selected_Top10,10,-3.34,-3.969
Model1,2021-12-17,1,non_selected,20,-2.627,-2.59
Model1,2021-12-17,3,selected_Top10,10,-1.888,-2.676
Model1,2021-12-17,3,non_selected,20,-1.356,-1.149
Model1,2021-12-17,5,selected_Top10,10,-5.334,-7.504
Model1,2021-12-17,5,non_selected,20,-3.856,-3.941
Model1,2021-12-17,10,selected_Top10,10,-3.1,-4.491
Model1,2021-12-17,10,non_selected,20,-1.943,-2.031
Model1,2021-12-17,20,selected_Top10,10,-7.116,-7.277
Model1,2021-12-17,20,non_selected,20,-6.102,-5.637
Model1,2024-06-06,1,selected_Top10,10,-0.088,0.12
Model1,2024-06-06,1,non_selected,70,0.233,0.236
Model1,2024-06-06,3,selected_Top10,10,0.793,1.255
Model1,2024-06-06,3,non_selected,70,1.351,1.362
Model1,2024-06-06,5,selected_Top10,10,0.316,0.833
Model1,2024-06-06,5,non_selected,70,0.957,1.267
Model1,2024-06-06,10,selected_Top10,10,-2.301,-1.419
Model1,2024-06-06,10,non_selected,70,-1.641,-1.617
Model1,2024-06-06,20,selected_Top10,10,-7.141,-6.044
Model1,2024-06-06,20,non_selected,70,-6.181,-5.69
Model1,2022-02-22,1,selected_Top10,2,0.881,0.881
Model1,2022-02-22,3,selected_Top10,2,-2.042,-2.042
Model1,2022-02-22,5,selected_Top10,2,-2.593,-2.593
Model1,2022-02-22,10,selected_Top10,2,-11.052,-11.052
Model1,2022-02-22,20,selected_Top10,2,-9.191,-9.191
Model1,2026-04-01,1,selected_Top10,10,-3.28,-3.277
Model1,2026-04-01,1,non_selected,5,-3.058,-3.048
Model1,2026-04-01,3,selected_Top10,10,-5.516,-5.508
Model1,2026-04-01,3,non_selected,5,-5.379,-5.37
Model1,2026-04-01,5,selected_Top10,10,-2.43,-2.366
Model1,2026-04-01,5,non_selected,5,-2.28,-2.309
Model1,2026-04-01,10,selected_Top10,10,2.692,2.792
Model1,2026-04-01,10,non_selected,5,2.922,3.041
Model1,2026-04-01,20,selected_Top10,10,2.119,2.14
Model1,2026-04-01,20,non_selected,5,2.197,2.222
Model1,2022-05-26,1,selected_Top10,6,0.659,0.722
Model1,2022-05-26,3,selected_Top10,6,3.083,3.03
Model1,2022-05-26,5,selected_Top10,6,1.895,1.754
Model1,2022-05-26,10,selected_Top10,6,6.264,6.138
Model1,2022-05-26,20,selected_Top10,6,12.65,12.705
Model1,2019-06-06,1,selected_Top10,10,0.982,0.957
Model1,2019-06-06,1,non_selected,43,0.934,1.011
Model1,2019-06-06,3,selected_Top10,10,3.614,3.857
Model1,2019-06-06,3,non_selected,43,3.572,3.632
Model1,2019-06-06,5,selected_Top10,10,2.515,2.564
Model1,2019-06-06,5,non_selected,43,2.5,2.486
Model1,2019-06-06,10,selected_Top10,10,7.261,7.311
Model1,2019-06-06,10,non_selected,43,7.089,7.186
Model1,2019-06-06,20,selected_Top10,10,8.944,8.234
Model1,2019-06-06,20,non_selected,43,9.257,8.816
Model1,2011-05-23,1,selected_Top10,10,-0.233,-0.184
Model1,2011-05-23,1,non_selected,6,-0.487,-0.435
Model1,2011-05-23,3,selected_Top10,10,-1.556,-1.338
Model1,2011-05-23,3,non_selected,6,-1.38,-1.42
Model1,2011-05-23,5,selected_Top10,10,-2.868,-2.209
Model1,2011-05-23,5,non_selected,6,-3.327,-2.929
Model1,2011-05-23,10,selected_Top10,10,-0.997,-0.941
Model1,2011-05-23,10,non_selected,6,-1.258,-1.552
Model1,2011-05-23,20,selected_Top10,10,-4.133,-3.707
Model1,2011-05-23,20,non_selected,6,-4.44,-4.204
Model1,2022-04-07,1,selected_Top10,10,-0.639,-0.877
Model1,2022-04-07,1,non_selected,50,-0.74,-0.64
Model1,2022-04-07,3,selected_Top10,10,-4.379,-4.096
Model1,2022-04-07,3,non_selected,50,-4.264,-4.155
Model1,2022-04-07,5,selected_Top10,10,-6.072,-6.147
Model1,2022-04-07,5,non_selected,50,-5.513,-5.202
Model1,2022-04-07,10,selected_Top10,10,-8.76,-7.881
Model1,2022-04-07,10,non_selected,50,-8.495,-7.719
Model1,2022-04-07,20,selected_Top10,10,-6.642,-6.498
Model1,2022-04-07,20,non_selected,50,-8.95,-8.488
Model1,2026-08-21,1,selected_Top10,10,0.277,0.743
Model1,2026-08-21,1,non_selected,10,0.17,0.504
Model1,2026-08-21,3,selected_Top10,10,2.097,2.355
Model1,2026-08-21,3,non_selected,10,2.11,2.296
Model1,2026-08-21,5,selected_Top10,10,2.006,1.87
Model1,2026-08-21,5,non_selected,10,2.13,1.869
Model1,2025-10-15,1,selected_Top10,10,0.388,0.401
Model1,2025-10-15,3,selected_Top10,10,1.266,1.591
Model1,2025-10-15,5,selected_Top10,10,5.855,7.02
Model1,2025-10-15,10,selected_Top10,10,14.288,17.049
Model1,2025-10-15,20,selected_Top10,10,5.186,6.609
Model1,2024-11-15,1,selected_Top10,7,0.979,1.015
Model1,2024-11-15,3,selected_Top10,7,1.277,1.261
Model1,2024-11-15,5,selected_Top10,7,-0.935,-0.867
Model1,2024-11-15,10,selected_Top10,7,-1.706,-1.732
Model1,2024-11-15,20,selected_Top10,7,0.809,0.768
Model1,2025-09-23,1,selected_Top10,10,0.641,0.5
Model1,2025-09-23,1,non_selected,29,1.048,1.043
Model1,2025-09-23,3,selected_Top10,10,-0.263,-0.288
Model1,2025-09-23,3,non_selected,29,0.235,0.298
Model1,2025-09-23,5,selected_Top10,10,0.671,0.241
Model1,2025-09-23,5,non_selected,29,1.3,1.341
Model1,2025-09-23,10,selected_Top10,10,1.314,1.257
Model1,2025-09-23,10,non_selected,29,1.558,1.449
Model1,2025-09-23,20,selected_Top10,10,-0.565,-1.505
Model1,2025-09-23,20,non_selected,29,1.033,-0.227
Model1,2016-09-14,1,selected_Top10,10,0.667,0.594
Model1,2016-09-14,1,non_selected,37,0.92,0.753
Model1,2016-09-14,3,selected_Top10,10,0.832,0.862
Model1,2016-09-14,3,non_selected,37,0.907,0.905
Model1,2016-09-14,5,selected_Top10,10,1.122,1.332
Model1,2016-09-14,5,non_selected,37,1.275,1.203
Model1,2016-09-14,10,selected_Top10,10,0.423,0.563
Model1,2016-09-14,10,non_selected,37,0.825,0.906
Model1,2016-09-14,20,selected_Top10,10,2.879,3.039
Model1,2016-09-14,20,non_selected,37,3.032,2.669
Model1,2022-08-24,1,selected_Top10,10,0.645,0.983
Model1,2022-08-24,1,non_selected,54,0.368,0.701
Model1,2022-08-24,3,selected_Top10,10,0.376,0.348
Model1,2022-08-24,3,non_selected,54,-0.231,0.166
Model1,2022-08-24,5,selected_Top10,10,0.024,1.579
Model1,2022-08-24,5,non_selected,54,-0.336,0.793
Model1,2022-08-24,10,selected_Top10,10,-2.071,-2.239
Model1,2022-08-24,10,non_selected,54,-1.67,-1.999
Model1,2022-08-24,20,selected_Top10,10,-7.787,-8.225
Model1,2022-08-24,20,non_selected,54,-8.563,-9.143
Model1,2011-04-27,1,selected_Top10,8,-1.941,-2.022
Model1,2011-04-27,3,selected_Top10,8,0.32,0.213
Model1,2011-04-27,5,selected_Top10,8,-1.813,-1.81
Model1,2011-04-27,10,selected_Top10,8,-1.606,-1.955
Model1,2011-04-27,20,selected_Top10,8,-6.145,-6.794
Model1,2009-11-27,1,selected_Top10,1,3.173,3.173
Model1,2009-11-27,3,selected_Top10,1,5.052,5.052
Model1,2009-11-27,5,selected_Top10,1,8.309,8.309
Model1,2009-11-27,10,selected_Top10,1,4.927,4.927
Model1,2009-11-27,20,selected_Top10,1,0.543,0.543
Model1,2023-09-19,1,selected_Top10,10,-0.372,-0.441
Model1,2023-09-19,1,non_selected,1,2.098,2.098
Model1,2023-09-19,3,selected_Top10,10,3.182,2.912
Model1,2023-09-19,3,non_selected,1,1.199,1.199
Model1,2023-09-19,5,selected_Top10,10,2.439,1.971
Model1,2023-09-19,5,non_selected,1,0.779,0.779
Model1,2023-09-19,10,selected_Top10,10,5.063,4.669
Model1,2023-09-19,10,non_selected,1,-0.899,-0.899
Model1,2023-09-19,20,selected_Top10,10,-4.464,-6.589
Model1,2023-09-19,20,non_selected,1,-2.758,-2.758
Model1,2018-09-12,1,selected_Top10,10,0.634,0.563
Model1,2018-09-12,1,non_selected,4,0.906,0.548
Model1,2018-09-12,3,selected_Top10,10,-0.957,-1.416
Model1,2018-09-12,3,non_selected,4,0.915,-0.806
Model1,2018-09-12,5,selected_Top10,10,1.831,1.444
Model1,2018-09-12,5,non_selected,4,0.554,0.807
Model1,2018-09-12,10,selected_Top10,10,3.483,3.026
Model1,2018-09-12,10,non_selected,4,5.784,5.665
Model1,2018-09-12,20,selected_Top10,10,-10.701,-11.367
Model1,2018-09-12,20,non_selected,4,-3.333,-9.249
Model1,2023-07-17,1,selected_Top10,2,-0.253,-0.253
Model1,2023-07-17,3,selected_Top10,2,-0.839,-0.839
Model1,2023-07-17,5,selected_Top10,2,0.255,0.255
Model1,2023-07-17,10,selected_Top10,2,0.756,0.756
Model1,2023-07-17,20,selected_Top10,2,-5.467,-5.467
Model1,2020-03-17,1,selected_Top10,10,-2.101,-1.896
Model1,2020-03-17,1,non_selected,165,-1.33,-1.509
Model1,2020-03-17,3,selected_Top10,10,-0.521,-0.434
Model1,2020-03-17,3,non_selected,165,-0.755,-0.892
Model1,2020-03-17,5,selected_Top10,10,-2.654,-2.568
Model1,2020-03-17,5,non_selected,165,-2.119,-2.238
Model1,2020-03-17,10,selected_Top10,10,-2.831,-3.254
Model1,2020-03-17,10,non_selected,165,-1.061,-1.089
Model1,2020-03-17,20,selected_Top10,10,1.001,1.674
Model1,2020-03-17,20,non_selected,165,2.272,1.846
Model1,2026-07-30,1,selected_Top10,10,5.484,5.337
Model1,2026-07-30,1,non_selected,32,6.353,6.712
Model1,2026-07-30,3,selected_Top10,10,12.626,13.347
Model1,2026-07-30,3,non_selected,32,11.248,10.897
Model1,2026-07-30,5,selected_Top10,10,14.432,16.287
Model1,2026-07-30,5,non_selected,32,12.734,12.755
Model1,2026-07-30,10,selected_Top10,10,17.443,18.776
Model1,2026-07-30,10,non_selected,32,12.945,11.864
Model1,2026-07-30,20,selected_Top10,10,15.745,17.774
Model1,2026-07-30,20,non_selected,32,8.963,7.042
Model1,2008-03-18,1,selected_Top10,5,4.074,3.953
Model1,2008-03-18,3,selected_Top10,5,8.458,9.873
Model1,2008-03-18,5,selected_Top10,5,5.431,7.141
Model1,2008-03-18,10,selected_Top10,5,-4.402,-4.873
Model1,2008-03-18,20,selected_Top10,5,-6.302,-7.346
Model1,2025-02-21,1,selected_Top10,2,0.081,0.081
Model1,2025-02-21,3,selected_Top10,2,0.017,0.017
Model1,2025-02-21,5,selected_Top10,2,0.265,0.265
Model1,2025-02-21,10,selected_Top10,2,0.492,0.492
Model1,2025-02-21,20,selected_Top10,2,2.544,2.544
Model1,2012-06-26,1,selected_Top10,10,0.03,-0.044
Model1,2012-06-26,3,selected_Top10,10,0.068,0.022
Model1,2012-06-26,5,selected_Top10,10,0.302,0.04
Model1,2012-06-26,10,selected_Top10,10,-1.992,-1.893
Model1,2012-06-26,20,selected_Top10,10,-2.749,-2.531
Model1,2021-08-31,1,selected_Top10,10,0.305,-0.608
Model1,2021-08-31,3,selected_Top10,10,-0.669,-1.903
Model1,2021-08-31,5,selected_Top10,10,1.687,0.271
Model1,2021-08-31,10,selected_Top10,10,-0.427,-2.176
Model1,2021-08-31,20,selected_Top10,10,-2.477,-4.478
Model1,2021-01-26,1,selected_Top10,4,-0.113,-0.057
Model1,2021-01-26,3,selected_Top10,4,-1.75,-1.836
Model1,2021-01-26,5,selected_Top10,4,-1.35,-1.185
Model1,2021-01-26,10,selected_Top10,4,-1.604,-1.231
Model1,2021-01-26,20,selected_Top10,4,1.632,3.59
Model1,2018-10-10,1,selected_Top10,6,-5.66,-6.163
Model1,2018-10-10,3,selected_Top10,6,-5.873,-6.297
Model1,2018-10-10,5,selected_Top10,6,-7.648,-7.781
Model1,2018-10-10,10,selected_Top10,6,-3.994,-4.929
Model1,2018-10-10,20,selected_Top10,6,-2.765,-3.067
Model1,2026-06-08,1,selected_Top10,10,2.206,2.039
Model1,2026-06-08,1,non_selected,465,2.362,2.304
Model1,2026-06-08,3,selected_Top10,10,0.944,0.604
Model1,2026-06-08,3,non_selected,465,0.631,0.362
Model1,2026-06-08,5,selected_Top10,10,5.139,4.338
Model1,2026-06-08,5,non_selected,465,4.593,4.032
Model1,2026-06-08,10,selected_Top10,10,7.537,5.797
Model1,2026-06-08,10,non_selected,465,6.581,5.364
Model1,2026-06-08,20,selected_Top10,10,5.837,3.196
Model1,2026-06-08,20,non_selected,465,4.003,2.158
Model1,2024-12-16,1,selected_Top10,10,-0.139,-0.306
Model1,2024-12-16,1,non_selected,44,-0.098,-0.037
Model1,2024-12-16,3,selected_Top10,10,0.095,0.051
Model1,2024-12-16,3,non_selected,44,-0.234,-0.158
Model1,2024-12-16,5,selected_Top10,10,-0.349,-1.32
Model1,2024-12-16,5,non_selected,44,-1.129,-1.354
Model1,2024-12-16,10,selected_Top10,10,-0.042,-0.297
Model1,2024-12-16,10,non_selected,44,-0.836,-0.781
Model1,2024-12-16,20,selected_Top10,10,-4.416,-3.236
Model1,2024-12-16,20,non_selected,44,-4.838,-4.346
Model1,2021-04-30,1,selected_Top10,8,0.611,1.023
Model1,2021-04-30,3,selected_Top10,8,-2.126,-1.667
Model1,2021-04-30,5,selected_Top10,8,-0.102,0.405
Model1,2021-04-30,10,selected_Top10,8,5.673,7.225
Model1,2021-04-30,20,selected_Top10,8,9.921,11.084
Model1,2011-01-20,1,selected_Top10,9,1.032,1.232
Model1,2011-01-20,3,selected_Top10,9,-0.239,0.162
Model1,2011-01-20,5,selected_Top10,9,2.258,2.512
Model1,2011-01-20,10,selected_Top10,9,4.551,4.839
Model1,2011-01-20,20,selected_Top10,9,7.155,6.967
Model1,2013-11-14,1,selected_Top10,7,2.609,2.288
Model1,2013-11-14,3,selected_Top10,7,6.263,6.427
Model1,2013-11-14,5,selected_Top10,7,5.802,5.556
Model1,2013-11-14,10,selected_Top10,7,6.604,6.21
Model1,2013-11-14,20,selected_Top10,7,4.704,4.575
Model2,2024-06-11,1,selected_Top10,10,0.048,0.0
Model2,2024-06-11,1,non_selected,55,0.022,0.0
Model2,2024-06-11,3,selected_Top10,10,-0.502,-0.551
Model2,2024-06-11,3,non_selected,55,-0.269,-0.176
Model2,2024-06-11,5,selected_Top10,10,-1.246,-1.033
Model2,2024-06-11,5,non_selected,55,-0.727,-0.447
Model2,2024-06-11,10,selected_Top10,10,-3.634,-3.315
Model2,2024-06-11,10,non_selected,55,-3.438,-3.263
Model2,2024-06-11,20,selected_Top10,10,-5.599,-5.163
Model2,2024-06-11,20,non_selected,55,-5.525,-5.594
Model2,2009-08-12,1,selected_Top10,3,1.571,1.564
Model2,2009-08-12,3,selected_Top10,3,-6.997,-7.248
Model2,2009-08-12,5,selected_Top10,3,-11.023,-11.141
Model2,2009-08-12,10,selected_Top10,3,-6.127,-6.443
Model2,2009-08-12,20,selected_Top10,3,-5.682,-6.04
Model2,2021-04-13,1,selected_Top10,10,1.082,1.121
Model2,2021-04-13,1,non_selected,13,0.779,0.553
Model2,2021-04-13,3,selected_Top10,10,0.924,0.909
Model2,2021-04-13,3,non_selected,13,0.829,0.804
Model2,2021-04-13,5,selected_Top10,10,2.295,2.555
Model2,2021-04-13,5,non_selected,13,2.401,2.412
Model2,2021-04-13,10,selected_Top10,10,-0.024,0.049
Model2,2021-04-13,10,non_selected,13,1.114,0.402
Model2,2021-04-13,20,selected_Top10,10,5.245,6.536
Model2,2021-04-13,20,non_selected,13,3.255,2.208
Model2,2018-10-16,1,selected_Top10,10,0.826,0.84
Model2,2018-10-16,1,non_selected,45,0.896,0.925
Model2,2018-10-16,3,selected_Top10,10,1.311,1.894
Model2,2018-10-16,3,non_selected,45,1.272,0.784
Model2,2018-10-16,5,selected_Top10,10,6.13,4.922
Model2,2018-10-16,5,non_selected,45,4.2,4.049
Model2,2018-10-16,10,selected_Top10,10,5.932,2.958
Model2,2018-10-16,10,non_selected,45,2.998,2.682
Model2,2018-10-16,20,selected_Top10,10,14.131,12.729
Model2,2018-10-16,20,non_selected,45,10.697,11.392
Model2,2018-10-08,1,selected_Top10,9,-1.213,-0.962
Model2,2018-10-08,3,selected_Top10,9,-7.279,-7.465
Model2,2018-10-08,5,selected_Top10,9,-7.516,-8.128
Model2,2018-10-08,10,selected_Top10,9,-5.438,-5.505
Model2,2018-10-08,20,selected_Top10,9,-3.9,-3.976
Model2,2017-05-09,1,selected_Top10,10,-0.061,-0.12
Model2,2017-05-09,1,non_selected,5,0.416,0.628
Model2,2017-05-09,3,selected_Top10,10,0.244,0.006
Model2,2017-05-09,3,non_selected,5,0.871,0.503
Model2,2017-05-09,5,selected_Top10,10,2.395,1.946
Model2,2017-05-09,5,non_selected,5,1.651,1.786
Model2,2017-05-09,10,selected_Top10,10,2.415,2.469
Model2,2017-05-09,10,non_selected,5,1.508,1.5
Model2,2017-05-09,20,selected_Top10,10,5.141,5.708
Model2,2017-05-09,20,non_selected,5,4.275,4.429
Model2,2009-12-22,1,selected_Top10,4,0.635,0.645
Model2,2009-12-22,3,selected_Top10,4,3.14,3.072
Model2,2009-12-22,5,selected_Top10,4,5.526,5.393
Model2,2009-12-22,10,selected_Top10,4,6.674,6.697
Model2,2009-12-22,20,selected_Top10,4,1.521,1.342
Model2,2019-10-23,1,selected_Top10,2,-0.838,-0.838
Model2,2019-10-23,3,selected_Top10,2,2.23,2.23
Model2,2019-10-23,5,selected_Top10,2,2.633,2.633
Model2,2019-10-23,10,selected_Top10,2,2.11,2.11
Model2,2019-10-23,20,selected_Top10,2,3.159,3.159
Model2,2025-11-20,1,selected_Top10,10,-3.005,-3.387
Model2,2025-11-20,1,non_selected,101,-2.921,-3.105
Model2,2025-11-20,3,selected_Top10,10,-1.347,-1.445
Model2,2025-11-20,3,non_selected,101,-0.766,-0.965
Model2,2025-11-20,5,selected_Top10,10,-1.255,-1.332
Model2,2025-11-20,5,non_selected,101,-0.776,-0.921
Model2,2025-11-20,10,selected_Top10,10,-1.272,-0.957
Model2,2025-11-20,10,non_selected,101,-0.702,-0.762
Model2,2025-11-20,20,selected_Top10,10,-0.632,-0.2
Model2,2025-11-20,20,non_selected,101,0.358,0.503
Model2,2018-05-29,1,selected_Top10,10,-2.876,-2.719
Model2,2018-05-29,1,non_selected,15,-2.376,-2.529
Model2,2018-05-29,3,selected_Top10,10,-3.193,-3.439
Model2,2018-05-29,3,non_selected,15,-2.178,-2.76
Model2,2018-05-29,5,selected_Top10,10,-2.001,-1.927
Model2,2018-05-29,5,non_selected,15,-1.032,-1.478
Model2,2018-05-29,10,selected_Top10,10,-4.11,-3.74
Model2,2018-05-29,10,non_selected,15,-2.686,-2.846
Model2,2018-05-29,20,selected_Top10,10,-13.179,-13.249
Model2,2018-05-29,20,non_selected,15,-11.489,-12.971
Model2,2020-09-09,1,selected_Top10,10,-0.894,-1.151
Model2,2020-09-09,1,non_selected,118,-0.976,-0.944
Model2,2020-09-09,3,selected_Top10,10,1.84,1.84
Model2,2020-09-09,3,non_selected,118,1.024,1.02
Model2,2020-09-09,5,selected_Top10,10,1.484,1.583
Model2,2020-09-09,5,non_selected,118,0.941,0.93
Model2,2020-09-09,10,selected_Top10,10,2.586,2.301
Model2,2020-09-09,10,non_selected,118,1.839,1.628
Model2,2020-09-09,20,selected_Top10,10,5.774,5.224
Model2,2020-09-09,20,non_selected,118,5.271,4.916
Model2,2024-11-22,1,selected_Top10,10,-0.434,-0.339
Model2,2024-11-22,1,non_selected,32,-0.574,-0.64
Model2,2024-11-22,3,selected_Top10,10,1.076,1.429
Model2,2024-11-22,3,non_selected,32,0.517,0.721
Model2,2024-11-22,5,selected_Top10,10,1.565,1.958
Model2,2024-11-22,5,non_selected,32,0.718,0.862
Model2,2024-11-22,10,selected_Top10,10,2.16,1.962
Model2,2024-11-22,10,non_selected,32,2.536,2.504
Model2,2024-11-22,20,selected_Top10,10,-0.932,-1.502
Model2,2024-11-22,20,non_selected,32,0.984,1.733
Model2,2021-02-25,1,selected_Top10,10,-2.263,-2.195
Model2,2021-02-25,1,non_selected,13,-1.77,-2.045
Model2,2021-02-25,3,selected_Top10,10,0.193,-0.503
Model2,2021-02-25,3,non_selected,13,-0.238,-0.508
Model2,2021-02-25,5,selected_Top10,10,-4.052,-4.127
Model2,2021-02-25,5,non_selected,13,-4.097,-4.092
Model2,2021-02-25,10,selected_Top10,10,-6.52,-7.813
Model2,2021-02-25,10,non_selected,13,-7.825,-7.975
Model2,2021-02-25,20,selected_Top10,10,-10.689,-10.89
Model2,2021-02-25,20,non_selected,13,-10.871,-10.912
Model2,2026-07-28,1,selected_Top10,10,0.838,1.005
Model2,2026-07-28,1,non_selected,2,1.048,1.048
Model2,2026-07-28,3,selected_Top10,10,1.033,1.999
Model2,2026-07-28,3,non_selected,2,0.301,0.301
Model2,2026-07-28,5,selected_Top10,10,9.232,10.74
Model2,2026-07-28,5,non_selected,2,4.089,4.089
Model2,2026-07-28,10,selected_Top10,10,9.045,10.751
Model2,2026-07-28,10,non_selected,2,3.225,3.225
Model2,2026-07-28,20,selected_Top10,10,6.39,8.003
Model2,2026-07-28,20,non_selected,2,2.945,2.945
Model2,2011-05-27,1,selected_Top10,9,-0.75,-0.671
Model2,2011-05-27,3,selected_Top10,9,1.189,1.033
Model2,2011-05-27,5,selected_Top10,9,1.18,1.342
Model2,2011-05-27,10,selected_Top10,9,0.297,0.473
Model2,2011-05-27,20,selected_Top10,9,2.776,2.755
Model2,2012-03-23,1,selected_Top10,9,-0.035,-0.199
Model2,2012-03-23,3,selected_Top10,9,-3.095,-3.476
Model2,2012-03-23,5,selected_Top10,9,-4.865,-5.032
Model2,2012-03-23,10,selected_Top10,9,-1.543,-1.429
Model2,2012-03-23,20,selected_Top10,9,2.206,2.073
Model2,2011-09-06,1,selected_Top10,10,1.921,2.053
Model2,2011-09-06,1,non_selected,7,1.742,1.796
Model2,2011-09-06,3,selected_Top10,10,0.943,0.942
Model2,2011-09-06,3,non_selected,7,0.665,0.89
Model2,2011-09-06,5,selected_Top10,10,0.291,0.112
Model2,2011-09-06,5,non_selected,7,-0.047,-0.114
Model2,2011-09-06,10,selected_Top10,10,1.596,1.25
Model2,2011-09-06,10,non_selected,7,1.569,1.601
Model2,2011-09-06,20,selected_Top10,10,-3.212,-3.332
Model2,2011-09-06,20,non_selected,7,-3.437,-3.18
Model2,2021-07-09,1,selected_Top10,10,0.467,0.712
Model2,2021-07-09,1,non_selected,16,0.5,0.24
Model2,2021-07-09,3,selected_Top10,10,1.547,3.036
Model2,2021-07-09,3,non_selected,16,0.477,-0.257
Model2,2021-07-09,5,selected_Top10,10,2.6,2.555
Model2,2021-07-09,5,non_selected,16,1.428,0.679
Model2,2021-07-09,10,selected_Top10,10,0.099,-0.137
Model2,2021-07-09,10,non_selected,16,-0.313,-0.836
Model2,2021-07-09,20,selected_Top10,10,-8.678,-8.558
Model2,2021-07-09,20,non_selected,16,-6.983,-6.911
Model2,2020-12-11,1,selected_Top10,10,0.353,0.573
Model2,2020-12-11,1,non_selected,54,0.614,0.527
Model2,2020-12-11,3,selected_Top10,10,-0.33,-0.319
Model2,2020-12-11,3,non_selected,54,0.19,0.316
Model2,2020-12-11,5,selected_Top10,10,-0.228,-0.63
Model2,2020-12-11,5,non_selected,54,1.002,1.14
Model2,2020-12-11,10,selected_Top10,10,-1.137,-0.463
Model2,2020-12-11,10,non_selected,54,0.233,0.818
Model2,2020-12-11,20,selected_Top10,10,3.421,4.1
Model2,2020-12-11,20,non_selected,54,3.92,4.285
Model2,2019-05-08,1,selected_Top10,10,-1.579,-1.547
Model2,2019-05-08,1,non_selected,72,-1.068,-1.372
Model2,2019-05-08,3,selected_Top10,10,0.344,0.33
Model2,2019-05-08,3,non_selected,72,0.372,0.198
Model2,2019-05-08,5,selected_Top10,10,1.719,1.395
Model2,2019-05-08,5,non_selected,72,1.852,1.391
Model2,2019-05-08,10,selected_Top10,10,-0.564,-0.451
Model2,2019-05-08,10,non_selected,72,-0.407,-0.581
Model2,2019-05-08,20,selected_Top10,10,-1.539,-1.586
Model2,2019-05-08,20,non_selected,72,-1.378,-1.365
Model2,2022-03-07,1,selected_Top10,10,-1.797,-1.902
Model2,2022-03-07,1,non_selected,247,-1.997,-2.012
Model2,2022-03-07,3,selected_Top10,10,-0.787,-1.424
Model2,2022-03-07,3,non_selected,247,-1.352,-1.386
Model2,2022-03-07,5,selected_Top10,10,-3.39,-4.039
Model2,2022-03-07,5,non_selected,247,-3.6,-3.76
Model2,2022-03-07,10,selected_Top10,10,-0.787,-2.198
Model2,2022-03-07,10,non_selected,247,-1.753,-2.359
Model2,2022-03-07,20,selected_Top10,10,-1.526,-2.037
Model2,2022-03-07,20,non_selected,247,-3.76,-3.247
Model2,2023-05-12,1,selected_Top10,6,1.142,1.152
Model2,2023-05-12,3,selected_Top10,6,-0.117,0.239
Model2,2023-05-12,5,selected_Top10,6,0.638,0.668
Model2,2023-05-12,10,selected_Top10,6,-1.547,-1.318
Model2,2023-05-12,20,selected_Top10,6,-2.193,-1.043
Model2,2011-05-26,1,selected_Top10,10,-1.07,-0.856
Model2,2011-05-26,3,selected_Top10,10,-0.156,0.218
Model2,2011-05-26,5,selected_Top10,10,-1.223,-1.287
Model2,2011-05-26,10,selected_Top10,10,-0.878,-1.081
Model2,2011-05-26,20,selected_Top10,10,1.574,1.137
Model2,2010-12-28,1,selected_Top10,10,0.534,0.283
Model2,2010-12-28,1,non_selected,1,0.556,0.556
Model2,2010-12-28,3,selected_Top10,10,2.4,1.964
Model2,2010-12-28,3,non_selected,1,1.883,1.883
Model2,2010-12-28,5,selected_Top10,10,3.719,3.429
Model2,2010-12-28,5,non_selected,1,2.995,2.995
Model2,2010-12-28,10,selected_Top10,10,2.857,3.123
Model2,2010-12-28,10,non_selected,1,3.979,3.979
Model2,2010-12-28,20,selected_Top10,10,-2.769,-1.66
Model2,2010-12-28,20,non_selected,1,-1.754,-1.754
Model2,2026-01-15,1,selected_Top10,10,-0.968,-0.937
Model2,2026-01-15,1,non_selected,20,-0.812,-0.877
Model2,2026-01-15,3,selected_Top10,10,-0.033,-0.229
Model2,2026-01-15,3,non_selected,20,0.273,0.679
Model2,2026-01-15,5,selected_Top10,10,-1.393,-1.778
Model2,2026-01-15,5,non_selected,20,-0.894,0.001
Model2,2026-01-15,10,selected_Top10,10,-0.036,1.229
Model2,2026-01-15,10,non_selected,20,0.304,1.3
Model2,2026-01-15,20,selected_Top10,10,0.149,-0.505
Model2,2026-01-15,20,non_selected,20,0.85,2.299
Model2,2012-03-30,1,selected_Top10,10,2.939,3.011
Model2,2012-03-30,1,non_selected,11,2.617,2.748
Model2,2012-03-30,3,selected_Top10,10,2.308,2.64
Model2,2012-03-30,3,non_selected,11,2.38,2.389
Model2,2012-03-30,5,selected_Top10,10,3.478,3.621
Model2,2012-03-30,5,non_selected,11,2.956,2.989
Model2,2012-03-30,10,selected_Top10,10,6.856,7.038
Model2,2012-03-30,10,non_selected,11,6.753,6.962
Model2,2012-03-30,20,selected_Top10,10,9.627,10.555
Model2,2012-03-30,20,non_selected,11,10.002,10.238
Model2,2022-07-12,1,selected_Top10,10,0.09,0.183
Model2,2022-07-12,1,non_selected,33,0.202,0.25
Model2,2022-07-12,3,selected_Top10,10,0.317,0.053
Model2,2022-07-12,3,non_selected,33,-0.767,-0.95
Model2,2022-07-12,5,selected_Top10,10,1.781,1.238
Model2,2022-07-12,5,non_selected,33,2.872,3.034
Model2,2022-07-12,10,selected_Top10,10,3.133,3.142
Model2,2022-07-12,10,non_selected,33,3.196,3.117
Model2,2022-07-12,20,selected_Top10,10,9.14,10.621
Model2,2022-07-12,20,non_selected,33,6.295,6.624
Model2,2022-02-24,1,selected_Top10,10,0.277,0.283
Model2,2022-02-24,1,non_selected,13,0.709,0.301
Model2,2022-02-24,3,selected_Top10,10,0.988,0.893
Model2,2022-02-24,3,non_selected,13,1.098,0.912
Model2,2022-02-24,5,selected_Top10,10,-0.268,-0.274
Model2,2022-02-24,5,non_selected,13,0.191,0.405
Model2,2022-02-24,10,selected_Top10,10,-7.468,-7.656
Model2,2022-02-24,10,non_selected,13,-5.983,-6.419
Model2,2022-02-24,20,selected_Top10,10,-7.82,-7.309
Model2,2022-02-24,20,non_selected,13,-6.728,-6.471
Model2,2026-07-13,1,selected_Top10,10,1.86,1.967
Model2,2026-07-13,1,non_selected,347,1.603,1.738
Model2,2026-07-13,3,selected_Top10,10,-0.932,-0.563
Model2,2026-07-13,3,non_selected,347,-1.377,-1.046
Model2,2026-07-13,5,selected_Top10,10,-5.732,-3.78
Model2,2026-07-13,5,non_selected,347,-6.69,-6.827
Model2,2026-07-13,10,selected_Top10,10,-2.768,-1.049
Model2,2026-07-13,10,non_selected,347,-2.755,-1.549
Model2,2026-07-13,20,selected_Top10,10,-0.552,-0.04
Model2,2026-07-13,20,non_selected,347,0.765,0.425
Model2,2017-10-30,1,selected_Top10,10,0.093,0.23
Model2,2017-10-30,1,non_selected,1,0.851,0.851
Model2,2017-10-30,3,selected_Top10,10,-0.43,-0.545
Model2,2017-10-30,3,non_selected,1,-0.426,-0.426
Model2,2017-10-30,5,selected_Top10,10,-0.234,-0.323
Model2,2017-10-30,5,non_selected,1,-0.284,-0.284
Model2,2017-10-30,10,selected_Top10,10,1.681,1.732
Model2,2017-10-30,10,non_selected,1,1.844,1.844
Model2,2017-10-30,20,selected_Top10,10,-2.369,-3.114
Model2,2017-10-30,20,non_selected,1,-6.667,-6.667
Model2,2023-07-24,1,selected_Top10,10,1.874,1.633
Model2,2023-07-24,1,non_selected,113,1.964,1.837
Model2,2023-07-24,3,selected_Top10,10,1.055,0.971
Model2,2023-07-24,3,non_selected,113,1.226,1.39
Model2,2023-07-24,5,selected_Top10,10,3.181,2.688
Model2,2023-07-24,5,non_selected,113,3.477,3.529
Model2,2023-07-24,10,selected_Top10,10,3.066,2.292
Model2,2023-07-24,10,non_selected,113,3.456,3.605
Model2,2023-07-24,20,selected_Top10,10,-5.598,-5.453
Model2,2023-07-24,20,non_selected,113,-4.738,-4.264
Model2,2024-04-03,1,selected_Top10,2,-1.769,-1.769
Model2,2024-04-03,3,selected_Top10,2,-4.527,-4.527
Model2,2024-04-03,5,selected_Top10,2,-6.057,-6.057
Model2,2024-04-03,10,selected_Top10,2,-7.529,-7.529
Model2,2024-04-03,20,selected_Top10,2,-2.877,-2.877
Model2,2016-12-13,1,selected_Top10,10,-0.498,-0.671
Model2,2016-12-13,1,non_selected,31,-0.327,-0.579
Model2,2016-12-13,3,selected_Top10,10,0.358,0.522
Model2,2016-12-13,3,non_selected,31,0.796,0.59
Model2,2016-12-13,5,selected_Top10,10,-0.419,-0.241
Model2,2016-12-13,5,non_selected,31,0.161,-0.37
Model2,2016-12-13,10,selected_Top10,10,-0.241,-0.475
Model2,2016-12-13,10,non_selected,31,-0.002,-0.321
Model2,2016-12-13,20,selected_Top10,10,0.945,-0.429
Model2,2016-12-13,20,non_selected,31,-0.403,-0.737
Model2,2023-07-27,1,selected_Top10,5,0.218,0.102
Model2,2023-07-27,3,selected_Top10,5,2.161,2.55
Model2,2023-07-27,5,selected_Top10,5,1.861,1.421
Model2,2023-07-27,10,selected_Top10,5,1.325,1.484
Model2,2023-07-27,20,selected_Top10,5,-3.288,-3.264
Model2,2023-12-19,1,selected_Top10,10,-1.348,-1.535
Model2,2023-12-19,1,non_selected,66,-0.986,-1.006
Model2,2023-12-19,3,selected_Top10,10,-1.753,-2.079
Model2,2023-12-19,3,non_selected,66,-0.853,-0.957
Model2,2023-12-19,5,selected_Top10,10,-3.056,-3.562
Model2,2023-12-19,5,non_selected,66,-1.533,-1.825
Model2,2023-12-19,10,selected_Top10,10,-0.854,-0.912
Model2,2023-12-19,10,non_selected,66,0.919,0.623
Model2,2023-12-19,20,selected_Top10,10,-8.039,-8.185
Model2,2023-12-19,20,non_selected,66,-5.989,-5.653
Model2,2020-05-25,1,selected_Top10,10,1.149,1.121
Model2,2020-05-25,1,non_selected,8,1.068,1.058
Model2,2020-05-25,3,selected_Top10,10,1.137,1.22
Model2,2020-05-25,3,non_selected,8,0.392,0.565
Model2,2020-05-25,5,selected_Top10,10,4.128,4.456
Model2,2020-05-25,5,non_selected,8,2.996,2.618
Model2,2020-05-25,10,selected_Top10,10,4.44,3.756
Model2,2020-05-25,10,non_selected,8,3.408,2.989
Model2,2020-05-25,20,selected_Top10,10,8.763,10.18
Model2,2020-05-25,20,non_selected,8,5.194,4.353
Model2,2022-12-14,1,selected_Top10,10,1.694,1.692
Model2,2022-12-14,1,non_selected,15,1.574,1.535
Model2,2022-12-14,3,selected_Top10,10,-0.602,-0.217
Model2,2022-12-14,3,non_selected,15,-0.415,-0.128
Model2,2022-12-14,5,selected_Top10,10,-2.807,-2.358
Model2,2022-12-14,5,non_selected,15,-2.539,-2.241
Model2,2022-12-14,10,selected_Top10,10,-0.458,-0.626
Model2,2022-12-14,10,non_selected,15,-0.854,-1.294
Model2,2022-12-14,20,selected_Top10,10,4.648,3.68
Model2,2022-12-14,20,non_selected,15,4.176,3.56
Model2,2022-01-11,1,selected_Top10,10,1.397,1.288
Model2,2022-01-11,1,non_selected,86,1.093,0.996
Model2,2022-01-11,3,selected_Top10,10,-0.345,-0.102
Model2,2022-01-11,3,non_selected,86,-0.337,-0.529
Model2,2022-01-11,5,selected_Top10,10,1.772,2.603
Model2,2022-01-11,5,non_selected,86,2.57,2.327
Model2,2022-01-11,10,selected_Top10,10,-3.717,-4.057
Model2,2022-01-11,10,non_selected,86,-2.334,-2.27
Model2,2022-01-11,20,selected_Top10,10,-5.333,-5.475
Model2,2022-01-11,20,non_selected,86,-5.646,-5.76
Model2,2007-11-13,1,selected_Top10,1,3.603,3.603
Model2,2007-11-13,3,selected_Top10,1,0.08,0.08
Model2,2007-11-13,5,selected_Top10,1,2.082,2.082
Model2,2007-11-13,10,selected_Top10,1,-4.764,-4.764
Model2,2007-11-13,20,selected_Top10,1,3.683,3.683
Model2,2014-02-25,1,selected_Top10,10,0.022,0.0
Model2,2014-02-25,1,non_selected,22,0.252,0.086
Model2,2014-02-25,3,selected_Top10,10,0.902,0.873
Model2,2014-02-25,3,non_selected,22,0.983,0.85
Model2,2014-02-25,5,selected_Top10,10,0.956,1.054
Model2,2014-02-25,5,non_selected,22,1.295,1.397
Model2,2014-02-25,10,selected_Top10,10,-2.272,-2.29
Model2,2014-02-25,10,non_selected,22,-1.693,-2.001
Model2,2014-02-25,20,selected_Top10,10,0.758,0.699
Model2,2014-02-25,20,non_selected,22,1.769,2.098
Model2,2022-07-14,1,selected_Top10,10,-0.988,-0.813
Model2,2022-07-14,1,non_selected,13,-1.052,-1.312
Model2,2022-07-14,3,selected_Top10,10,0.577,0.696
Model2,2022-07-14,3,non_selected,13,0.327,0.206
Model2,2022-07-14,5,selected_Top10,10,-0.352,-0.289
Model2,2022-07-14,5,non_selected,13,-0.468,-0.513
Model2,2022-07-14,10,selected_Top10,10,0.465,0.62
Model2,2022-07-14,10,non_selected,13,0.102,0.223
Model2,2022-07-14,20,selected_Top10,10,-1.469,-1.551
Model2,2022-07-14,20,non_selected,13,-1.476,-1.447
Model2,2024-01-19,1,selected_Top10,10,-5.206,-5.425
Model2,2024-01-19,1,non_selected,22,-4.92,-5.153
Model2,2024-01-19,3,selected_Top10,10,-2.637,-2.959
Model2,2024-01-19,3,non_selected,22,-2.418,-2.483
Model2,2024-01-19,5,selected_Top10,10,0.365,-0.68
Model2,2024-01-19,5,non_selected,22,1.175,-0.401
Model2,2024-01-19,10,selected_Top10,10,-12.006,-13.785
Model2,2024-01-19,10,non_selected,22,-9.531,-11.323
Model2,2024-01-19,20,selected_Top10,10,-1.879,-1.056
Model2,2024-01-19,20,non_selected,22,0.493,-0.077
Model2,2026-01-29,1,selected_Top10,10,-0.873,-0.736
Model2,2026-01-29,1,non_selected,9,-0.958,-1.148
Model2,2026-01-29,3,selected_Top10,10,-0.655,-0.601
Model2,2026-01-29,3,non_selected,9,-1.284,-1.837
Model2,2026-01-29,5,selected_Top10,10,-1.742,-1.16
Model2,2026-01-29,5,non_selected,9,-2.182,-2.641
Model2,2026-01-29,10,selected_Top10,10,2.666,2.22
Model2,2026-01-29,10,non_selected,9,1.807,1.443
Model2,2026-01-29,20,selected_Top10,10,-1.111,-1.452
Model2,2026-01-29,20,non_selected,9,-2.015,-2.486
Model2,2024-04-12,1,selected_Top10,10,2.239,2.138
Model2,2024-04-12,1,non_selected,80,2.03,2.072
Model2,2024-04-12,3,selected_Top10,10,2.54,2.596
Model2,2024-04-12,3,non_selected,80,2.424,2.567
Model2,2024-04-12,5,selected_Top10,10,1.909,1.998
Model2,2024-04-12,5,non_selected,80,1.776,1.925
Model2,2024-04-12,10,selected_Top10,10,3.625,3.412
Model2,2024-04-12,10,non_selected,80,4.013,3.56
Model2,2024-04-12,20,selected_Top10,10,4.794,4.561
Model2,2024-04-12,20,non_selected,80,5.641,5.173
Model2,2019-05-09,1,selected_Top10,10,3.562,3.422
Model2,2019-05-09,1,non_selected,49,3.413,3.375
Model2,2019-05-09,3,selected_Top10,10,1.387,1.004
Model2,2019-05-09,3,non_selected,49,1.352,1.15
Model2,2019-05-09,5,selected_Top10,10,4.627,3.638
Model2,2019-05-09,5,non_selected,49,3.37,3.45
Model2,2019-05-09,10,selected_Top10,10,-0.029,-0.242
Model2,2019-05-09,10,non_selected,49,-0.219,-0.316
Model2,2019-05-09,20,selected_Top10,10,-0.227,-0.22
Model2,2019-05-09,20,non_selected,49,-0.643,-0.433
Model2,2024-04-15,1,selected_Top10,10,-5.266,-6.125
Model2,2024-04-15,1,non_selected,3,-6.341,-6.784
Model2,2024-04-15,3,selected_Top10,10,-0.802,-0.692
Model2,2024-04-15,3,non_selected,3,-1.161,-1.375
Model2,2024-04-15,5,selected_Top10,10,-1.927,-1.731
Model2,2024-04-15,5,non_selected,3,-2.209,-2.635
Model2,2024-04-15,10,selected_Top10,10,6.221,5.434
Model2,2024-04-15,10,non_selected,3,5.031,5.269
Model2,2024-04-15,20,selected_Top10,10,7.185,5.266
Model2,2024-04-15,20,non_selected,3,4.237,4.057
Model2,2021-12-24,1,selected_Top10,10,-0.172,-0.219
Model2,2021-12-24,1,non_selected,57,-0.036,0.0
Model2,2021-12-24,3,selected_Top10,10,1.088,1.108
Model2,2021-12-24,3,non_selected,57,1.306,1.371
Model2,2021-12-24,5,selected_Top10,10,2.675,3.036
Model2,2021-12-24,5,non_selected,57,3.025,3.306
Model2,2021-12-24,10,selected_Top10,10,-6.233,-5.905
Model2,2021-12-24,10,non_selected,57,-4.853,-5.232
Model2,2021-12-24,20,selected_Top10,10,-5.381,-4.509
Model2,2021-12-24,20,non_selected,57,-4.732,-3.941
Model2,2023-12-22,1,selected_Top10,10,-0.198,-0.173
Model2,2023-12-22,1,non_selected,53,-0.32,-0.298
Model2,2023-12-22,3,selected_Top10,10,-1.001,-0.862
Model2,2023-12-22,3,non_selected,53,-1.142,-1.017
Model2,2023-12-22,5,selected_Top10,10,2.074,2.45
Model2,2023-12-22,5,non_selected,53,2.325,2.192
Model2,2023-12-22,10,selected_Top10,10,-3.223,-3.482
Model2,2023-12-22,10,non_selected,53,-3.608,-3.196
Model2,2023-12-22,20,selected_Top10,10,-11.263,-12.76
Model2,2023-12-22,20,non_selected,53,-11.041,-11.02
Model2,2022-01-19,1,selected_Top10,10,-1.129,-1.054
Model2,2022-01-19,1,non_selected,15,-0.67,-0.838
Model2,2022-01-19,3,selected_Top10,10,-4.427,-4.57
Model2,2022-01-19,3,non_selected,15,-3.805,-4.875
Model2,2022-01-19,5,selected_Top10,10,-8.355,-8.511
Model2,2022-01-19,5,non_selected,15,-6.637,-8.027
Model2,2022-01-19,10,selected_Top10,10,-9.117,-9.393
Model2,2022-01-19,10,non_selected,15,-7.494,-8.815
Model2,2022-01-19,20,selected_Top10,10,-8.398,-8.5
Model2,2022-01-19,20,non_selected,15,-7.046,-7.989
Model2,2025-11-12,1,selected_Top10,10,1.262,1.284
Model2,2025-11-12,1,non_selected,1,1.796,1.796
Model2,2025-11-12,3,selected_Top10,10,0.923,1.044
Model2,2025-11-12,3,non_selected,1,0.499,0.499
Model2,2025-11-12,5,selected_Top10,10,0.285,0.254
Model2,2025-11-12,5,non_selected,1,0.399,0.399
Model2,2025-11-12,10,selected_Top10,10,-1.187,-1.515
Model2,2025-11-12,10,non_selected,1,-0.1,-0.1
Model2,2025-11-12,20,selected_Top10,10,-2.004,-1.738
Model2,2025-11-12,20,non_selected,1,-3.293,-3.293
Model2,2022-12-21,1,selected_Top10,10,-1.597,-1.616
Model2,2022-12-21,1,non_selected,210,-0.656,-0.72
Model2,2022-12-21,3,selected_Top10,10,-0.173,-0.477
Model2,2022-12-21,3,non_selected,210,0.898,1.029
Model2,2022-12-21,5,selected_Top10,10,0.37,-0.384
Model2,2022-12-21,5,non_selected,210,1.207,0.919
Model2,2022-12-21,10,selected_Top10,10,2.973,2.887
Model2,2022-12-21,10,non_selected,210,4.696,4.061
Model2,2022-12-21,20,selected_Top10,10,6.996,6.067
Model2,2022-12-21,20,non_selected,210,10.048,8.817
Model2,2022-04-12,1,selected_Top10,10,-1.995,-2.43
Model2,2022-04-12,1,non_selected,26,-1.254,-1.521
Model2,2022-04-12,3,selected_Top10,10,-2.03,-2.263
Model2,2022-04-12,3,non_selected,26,-1.876,-2.018
Model2,2022-04-12,5,selected_Top10,10,0.135,0.178
Model2,2022-04-12,5,non_selected,26,-1.266,-1.466
Model2,2022-04-12,10,selected_Top10,10,-15.866,-16.452
Model2,2022-04-12,10,non_selected,26,-16.105,-16.321
Model2,2022-04-12,20,selected_Top10,10,0.627,0.351
Model2,2022-04-12,20,non_selected,26,-2.669,-2.238
Model2,2021-07-30,1,selected_Top10,10,4.059,4.484
Model2,2021-07-30,1,non_selected,20,2.499,2.498
Model2,2021-07-30,3,selected_Top10,10,4.046,4.411
Model2,2021-07-30,3,non_selected,20,2.602,2.917
Model2,2021-07-30,5,selected_Top10,10,2.664,2.826
Model2,2021-07-30,5,non_selected,20,1.61,1.901
Model2,2021-07-30,10,selected_Top10,10,6.454,6.758
Model2,2021-07-30,10,non_selected,20,4.463,4.536
Model2,2021-07-30,20,selected_Top10,10,-0.266,-1.056
Model2,2021-07-30,20,non_selected,20,2.45,2.598
Model2,2020-01-21,1,selected_Top10,2,-0.132,-0.132
Model2,2020-01-21,3,selected_Top10,2,-9.364,-9.364
Model2,2020-01-21,5,selected_Top10,2,-7.096,-7.096
Model2,2020-01-21,10,selected_Top10,2,-6.162,-6.162
Model2,2020-01-21,20,selected_Top10,2,-6.116,-6.116
Model2,2026-04-02,1,selected_Top10,10,-1.591,-2.304
Model2,2026-04-02,1,non_selected,49,-1.538,-2.266
Model2,2026-04-02,3,selected_Top10,10,3.763,2.298
Model2,2026-04-02,3,non_selected,49,3.48,2.266
Model2,2026-04-02,5,selected_Top10,10,6.75,6.911
Model2,2026-04-02,5,non_selected,49,5.824,4.046
Model2,2026-04-02,10,selected_Top10,10,12.505,11.876
Model2,2026-04-02,10,non_selected,49,11.099,8.815
Model2,2026-04-02,20,selected_Top10,10,18.076,19.69
Model2,2026-04-02,20,non_selected,49,16.135,15.478
Model2,2020-09-29,1,selected_Top10,2,-0.474,-0.474
Model2,2020-09-29,3,selected_Top10,2,2.561,2.561
Model2,2020-09-29,5,selected_Top10,2,2.371,2.371
Model2,2020-09-29,10,selected_Top10,2,7.255,7.255
Model2,2020-09-29,20,selected_Top10,2,5.975,5.975
Model2,2025-06-17,1,selected_Top10,10,0.417,0.43
Model2,2025-06-17,1,non_selected,8,0.469,0.447
Model2,2025-06-17,3,selected_Top10,10,-0.183,-0.097
Model2,2025-06-17,3,non_selected,8,0.258,0.158
Model2,2025-06-17,5,selected_Top10,10,0.841,0.47
Model2,2025-06-17,5,non_selected,8,0.141,0.0
Model2,2025-06-17,10,selected_Top10,10,1.642,0.871
Model2,2025-06-17,10,non_selected,8,0.278,0.266
Model2,2025-06-17,20,selected_Top10,10,2.174,2.149
Model2,2025-06-17,20,non_selected,8,0.638,0.889
Model2,2021-09-29,1,selected_Top10,10,2.741,2.586
Model2,2021-09-29,1,non_selected,66,2.103,1.59
Model2,2021-09-29,3,selected_Top10,10,1.681,1.56
Model2,2021-09-29,3,non_selected,66,1.748,1.652
Model2,2021-09-29,5,selected_Top10,10,0.417,-0.376
Model2,2021-09-29,5,non_selected,66,0.9,1.061
Model2,2021-09-29,10,selected_Top10,10,5.549,3.936
Model2,2021-09-29,10,non_selected,66,4.749,3.153
Model2,2021-09-29,20,selected_Top10,10,3.807,2.402
Model2,2021-09-29,20,non_selected,66,4.355,4.26
Model2,2026-01-21,1,selected_Top10,10,-0.425,-0.391
Model2,2026-01-21,1,non_selected,17,-0.351,-0.354
Model2,2026-01-21,3,selected_Top10,10,-0.959,-0.958
Model2,2026-01-21,3,non_selected,17,-0.68,-0.769
Model2,2026-01-21,5,selected_Top10,10,-1.982,-1.714
Model2,2026-01-21,5,non_selected,17,-1.801,-2.183
Model2,2026-01-21,10,selected_Top10,10,1.584,0.064
Model2,2026-01-21,10,non_selected,17,2.144,2.947
Model2,2026-01-21,20,selected_Top10,10,-0.798,-0.822
Model2,2026-01-21,20,non_selected,17,-0.849,-0.726
Model2,2025-01-03,1,selected_Top10,10,-0.352,-0.415
Model2,2025-01-03,1,non_selected,648,-0.167,-0.206
Model2,2025-01-03,3,selected_Top10,10,0.214,0.211
Model2,2025-01-03,3,non_selected,648,0.371,0.248
Model2,2025-01-03,5,selected_Top10,10,-1.154,-1.086
Model2,2025-01-03,5,non_selected,648,-1.127,-1.187
Model2,2025-01-03,10,selected_Top10,10,1.821,1.504
Model2,2025-01-03,10,non_selected,648,2.137,1.783
Model2,2025-01-03,20,selected_Top10,10,6.471,4.917
Model2,2025-01-03,20,non_selected,648,7.246,4.99
Model2,2013-10-25,1,selected_Top10,10,-0.034,0.095
Model2,2013-10-25,1,non_selected,20,0.197,0.156
Model2,2013-10-25,3,selected_Top10,10,1.221,1.616
Model2,2013-10-25,3,non_selected,20,0.469,0.071
Model2,2013-10-25,5,selected_Top10,10,0.176,0.976
Model2,2013-10-25,5,non_selected,20,-0.011,-0.59
Model2,2013-10-25,10,selected_Top10,10,-3.192,-2.312
Model2,2013-10-25,10,non_selected,20,-2.271,-2.535
Model2,2013-10-25,20,selected_Top10,10,0.674,1.367
Model2,2013-10-25,20,non_selected,20,1.882,1.828
Model2,2022-09-08,1,selected_Top10,9,0.671,0.515
Model2,2022-09-08,3,selected_Top10,9,0.213,-0.385
Model2,2022-09-08,5,selected_Top10,9,-2.044,-2.921
Model2,2022-09-08,10,selected_Top10,9,-6.256,-7.268
Model2,2022-09-08,20,selected_Top10,9,-6.972,-7.732
Model2,2024-07-04,1,selected_Top10,10,0.885,0.862
Model2,2024-07-04,1,non_selected,36,0.997,0.759
Model2,2024-07-04,3,selected_Top10,10,-0.391,-0.532
Model2,2024-07-04,3,non_selected,36,-0.034,-0.39
Model2,2024-07-04,5,selected_Top10,10,1.605,1.196
Model2,2024-07-04,5,non_selected,36,2.033,1.754
Model2,2024-07-04,10,selected_Top10,10,1.98,2.708
Model2,2024-07-04,10,non_selected,36,2.269,2.838
Model2,2024-07-04,20,selected_Top10,10,5.14,3.886
Model2,2024-07-04,20,non_selected,36,4.522,4.348
Model2,2020-03-17,1,selected_Top10,10,-2.101,-1.896
Model2,2020-03-17,1,non_selected,165,-1.33,-1.509
Model2,2020-03-17,3,selected_Top10,10,-0.521,-0.434
Model2,2020-03-17,3,non_selected,165,-0.755,-0.892
Model2,2020-03-17,5,selected_Top10,10,-2.654,-2.568
Model2,2020-03-17,5,non_selected,165,-2.119,-2.238
Model2,2020-03-17,10,selected_Top10,10,-2.831,-3.254
Model2,2020-03-17,10,non_selected,165,-1.061,-1.089
Model2,2020-03-17,20,selected_Top10,10,1.001,1.674
Model2,2020-03-17,20,non_selected,165,2.272,1.846
Model2,2026-01-22,1,selected_Top10,10,-0.446,-0.282
Model2,2026-01-22,1,non_selected,10,-0.306,-0.054
Model2,2026-01-22,3,selected_Top10,10,-1.432,-1.834
Model2,2026-01-22,3,non_selected,10,-1.188,-1.493
Model2,2026-01-22,5,selected_Top10,10,3.245,4.191
Model2,2026-01-22,5,non_selected,10,2.852,2.636
Model2,2026-01-22,10,selected_Top10,10,4.138,4.832
Model2,2026-01-22,10,non_selected,10,3.712,4.148
Model2,2026-01-22,20,selected_Top10,10,-0.262,-0.284
Model2,2026-01-22,20,non_selected,10,-0.109,0.069
Model2,2023-07-21,1,selected_Top10,10,-0.554,-0.599
Model2,2023-07-21,1,non_selected,94,-0.372,-0.541
Model2,2023-07-21,3,selected_Top10,10,0.483,0.606
Model2,2023-07-21,3,non_selected,94,0.814,0.849
Model2,2023-07-21,5,selected_Top10,10,0.315,0.511
Model2,2023-07-21,5,non_selected,94,1.216,1.296
Model2,2023-07-21,10,selected_Top10,10,2.317,2.123
Model2,2023-07-21,10,non_selected,94,3.009,3.037
Model2,2023-07-21,20,selected_Top10,10,-6.17,-6.124
Model2,2023-07-21,20,non_selected,94,-4.339,-4.156
Model2,2011-05-24,1,selected_Top10,10,-0.911,-0.936
Model2,2011-05-24,1,non_selected,4,-1.006,-1.13
Model2,2011-05-24,3,selected_Top10,10,-2.106,-1.76
Model2,2011-05-24,3,non_selected,4,-2.71,-2.655
Model2,2011-05-24,5,selected_Top10,10,-1.113,-0.658
Model2,2011-05-24,5,non_selected,4,-2.063,-2.117
Model2,2011-05-24,10,selected_Top10,10,-0.301,-0.155
Model2,2011-05-24,10,non_selected,4,-0.997,-0.826
Model2,2011-05-24,20,selected_Top10,10,-3.577,-3.083
Model2,2011-05-24,20,non_selected,4,-4.795,-4.855
Model2,2025-06-10,1,selected_Top10,10,0.726,0.328
Model2,2025-06-10,3,selected_Top10,10,-2.039,-2.694
Model2,2025-06-10,5,selected_Top10,10,-2.553,-3.158
Model2,2025-06-10,10,selected_Top10,10,-2.03,-2.957
Model2,2025-06-10,20,selected_Top10,10,-1.76,-2.748
Model2,2011-12-15,1,selected_Top10,10,1.961,1.845
Model2,2011-12-15,1,non_selected,22,2.204,1.845
Model2,2011-12-15,3,selected_Top10,10,1.252,1.354
Model2,2011-12-15,3,non_selected,22,1.612,1.454
Model2,2011-12-15,5,selected_Top10,10,-0.194,0.124
Model2,2011-12-15,5,non_selected,22,-0.516,-0.596
Model2,2011-12-15,10,selected_Top10,10,-1.58,-0.948
Model2,2011-12-15,10,non_selected,22,-1.385,-0.995
Model2,2011-12-15,20,selected_Top10,10,0.294,1.898
Model2,2011-12-15,20,non_selected,22,-0.82,-0.345
Model2,2010-06-30,1,selected_Top10,10,-1.196,-1.168
Model2,2010-06-30,3,selected_Top10,10,-1.595,-1.366
Model2,2010-06-30,5,selected_Top10,10,0.819,0.743
Model2,2010-06-30,10,selected_Top10,10,3.263,3.389
Model2,2010-06-30,20,selected_Top10,10,11.323,10.948
Model2,2022-03-08,1,selected_Top10,10,-1.148,-0.948
Model2,2022-03-08,1,non_selected,381,-1.186,-1.119
Model2,2022-03-08,3,selected_Top10,10,1.275,1.295
Model2,2022-03-08,3,non_selected,381,1.284,1.001
Model2,2022-03-08,5,selected_Top10,10,-5.535,-5.961
Model2,2022-03-08,5,non_selected,381,-5.332,-6.055
Model2,2022-03-08,10,selected_Top10,10,0.473,-0.272
Model2,2022-03-08,10,non_selected,381,0.396,-0.494
Model2,2022-03-08,20,selected_Top10,10,-1.803,-1.061
Model2,2022-03-08,20,non_selected,381,-1.938,-1.599
Model2,2015-02-06,1,selected_Top10,7,1.036,0.428
Model2,2015-02-06,3,selected_Top10,7,2.4,3.212
Model2,2015-02-06,5,selected_Top10,7,4.587,5.163
Model2,2015-02-06,10,selected_Top10,7,8.111,7.976
Model2,2015-02-06,20,selected_Top10,7,10.19,10.373
Model2,2024-08-22,1,selected_Top10,10,-0.159,-0.01
Model2,2024-08-22,1,non_selected,120,0.073,0.0
Model2,2024-08-22,3,selected_Top10,10,-1.008,-0.884
Model2,2024-08-22,3,non_selected,120,-0.748,-0.793
Model2,2024-08-22,5,selected_Top10,10,0.677,0.533
Model2,2024-08-22,5,non_selected,120,0.629,0.508
Model2,2024-08-22,10,selected_Top10,10,1.483,1.418
Model2,2024-08-22,10,non_selected,120,1.526,1.4
Model2,2024-08-22,20,selected_Top10,10,-2.171,-0.852
Model2,2024-08-22,20,non_selected,120,-1.632,-1.207
Model2,2013-11-08,1,selected_Top10,10,0.192,0.125
Model2,2013-11-08,1,non_selected,6,0.298,0.208
Model2,2013-11-08,3,selected_Top10,10,-0.941,-0.919
Model2,2013-11-08,3,non_selected,6,-1.199,-0.992
Model2,2013-11-08,5,selected_Top10,10,1.082,1.55
Model2,2013-11-08,5,non_selected,6,2.244,1.429
Model2,2013-11-08,10,selected_Top10,10,3.361,3.738
Model2,2013-11-08,10,non_selected,6,3.268,3.331
Model2,2013-11-08,20,selected_Top10,10,5.605,6.23
Model2,2013-11-08,20,non_selected,6,5.85,6.009
Model2,2020-09-10,1,selected_Top10,10,1.654,2.053
Model2,2020-09-10,1,non_selected,139,1.281,1.187
Model2,2020-09-10,3,selected_Top10,10,3.016,3.3
Model2,2020-09-10,3,non_selected,139,2.58,2.219
Model2,2020-09-10,5,selected_Top10,10,2.338,2.291
Model2,2020-09-10,5,non_selected,139,2.046,1.933
Model2,2020-09-10,10,selected_Top10,10,1.918,1.953
Model2,2020-09-10,10,non_selected,139,0.934,0.694
Model2,2020-09-10,20,selected_Top10,10,6.355,5.594
Model2,2020-09-10,20,non_selected,139,5.429,4.685
Model2,2024-11-25,1,selected_Top10,10,-0.433,-0.612
Model2,2024-11-25,1,non_selected,27,-0.129,-0.286
Model2,2024-11-25,3,selected_Top10,10,0.477,0.247
Model2,2024-11-25,3,non_selected,27,0.314,0.112
Model2,2024-11-25,5,selected_Top10,10,3.357,3.592
Model2,2024-11-25,5,non_selected,27,1.874,1.708
Model2,2024-11-25,10,selected_Top10,10,4.471,4.196
Model2,2024-11-25,10,non_selected,27,3.462,3.718
Model2,2024-11-25,20,selected_Top10,10,5.539,5.334
Model2,2024-11-25,20,non_selected,27,2.942,3.416
Model2,2008-06-12,1,selected_Top10,5,-2.728,-2.7
Model2,2008-06-12,3,selected_Top10,5,-6.536,-6.16
Model2,2008-06-12,5,selected_Top10,5,-9.888,-9.099
Model2,2008-06-12,10,selected_Top10,5,-2.778,-2.603
Model2,2008-06-12,20,selected_Top10,5,-1.799,-2.304
Model2,2021-02-24,1,selected_Top10,10,-1.267,-1.099
Model2,2021-02-24,1,non_selected,16,-0.99,-1.044
Model2,2021-02-24,3,selected_Top10,10,-0.203,-0.228
Model2,2021-02-24,3,non_selected,16,-0.162,-0.52
Model2,2021-02-24,5,selected_Top10,10,0.106,-0.017
Model2,2021-02-24,5,non_selected,16,-0.26,-0.552
Model2,2021-02-24,10,selected_Top10,10,-10.537,-11.024
Model2,2021-02-24,10,non_selected,16,-10.9,-11.142
Model2,2021-02-24,20,selected_Top10,10,-13.033,-12.733
Model2,2021-02-24,20,non_selected,16,-12.756,-12.604
Model2,2026-07-30,1,selected_Top10,10,5.484,5.337
Model2,2026-07-30,1,non_selected,32,6.353,6.712
Model2,2026-07-30,3,selected_Top10,10,12.626,13.347
Model2,2026-07-30,3,non_selected,32,11.248,10.897
Model2,2026-07-30,5,selected_Top10,10,14.432,16.287
Model2,2026-07-30,5,non_selected,32,12.734,12.755
Model2,2026-07-30,10,selected_Top10,10,17.443,18.776
Model2,2026-07-30,10,non_selected,32,12.945,11.864
Model2,2026-07-30,20,selected_Top10,10,15.745,17.774
Model2,2026-07-30,20,non_selected,32,8.963,7.042
Model2,2012-08-24,1,selected_Top10,5,-1.955,-2.065
Model2,2012-08-24,3,selected_Top10,5,-2.928,-2.765
Model2,2012-08-24,5,selected_Top10,5,-3.071,-3.111
Model2,2012-08-24,10,selected_Top10,5,2.337,1.986
Model2,2012-08-24,20,selected_Top10,5,-3.535,-4.659
Model2,2022-01-10,1,selected_Top10,10,-1.619,-1.61
Model2,2022-01-10,1,non_selected,2,-0.594,-0.594
Model2,2022-01-10,3,selected_Top10,10,-1.667,-1.547
Model2,2022-01-10,3,non_selected,2,-0.88,-0.88
Model2,2022-01-10,5,selected_Top10,10,0.464,0.948
Model2,2022-01-10,5,non_selected,2,-0.575,-0.575
Model2,2022-01-10,10,selected_Top10,10,-1.231,-0.324
Model2,2022-01-10,10,non_selected,2,-2.446,-2.446
Model2,2022-01-10,20,selected_Top10,10,-8.937,-9.293
Model2,2022-01-10,20,non_selected,2,-6.264,-6.264
Model2,2019-08-02,1,selected_Top10,10,-1.912,-1.96
Model2,2019-08-02,1,non_selected,9,-1.421,-1.586
Model2,2019-08-02,3,selected_Top10,10,-3.154,-3.284
Model2,2019-08-02,3,non_selected,9,-2.788,-3.147
Model2,2019-08-02,5,selected_Top10,10,-3.096,-3.827
Model2,2019-08-02,5,non_selected,9,-2.872,-3.338
Model2,2019-08-02,10,selected_Top10,10,-0.734,-1.505
Model2,2019-08-02,10,non_selected,9,-0.896,-1.028
Model2,2019-08-02,20,selected_Top10,10,2.646,0.364
Model2,2019-08-02,20,non_selected,9,2.356,1.026
Model2,2022-01-26,1,selected_Top10,10,-2.273,-2.169
Model2,2022-01-26,1,non_selected,84,-2.112,-1.965
Model2,2022-01-26,3,selected_Top10,10,-1.626,-1.542
Model2,2022-01-26,3,non_selected,84,-1.256,-1.264
Model2,2022-01-26,5,selected_Top10,10,-0.456,-0.499
Model2,2022-01-26,5,non_selected,84,0.2,0.286
Model2,2022-01-26,10,selected_Top10,10,-0.744,-0.462
Model2,2022-01-26,10,non_selected,84,-0.133,-0.3
Model2,2022-01-26,20,selected_Top10,10,0.465,1.05
Model2,2022-01-26,20,non_selected,84,0.44,1.096
Model2,2025-03-31,1,selected_Top10,10,0.409,0.311
Model2,2025-03-31,1,non_selected,149,0.428,0.41
Model2,2025-03-31,3,selected_Top10,10,-0.429,-0.003
Model2,2025-03-31,3,non_selected,149,-0.61,-0.731
Model2,2025-03-31,5,selected_Top10,10,-10.807,-10.784
Model2,2025-03-31,5,non_selected,149,-9.422,-9.221
Model2,2025-03-31,10,selected_Top10,10,-6.042,-5.538
Model2,2025-03-31,10,non_selected,149,-5.96,-6.151
Model2,2025-03-31,20,selected_Top10,10,-5.958,-5.193
Model2,2025-03-31,20,non_selected,149,-5.958,-5.76
Model2,2022-01-14,1,selected_Top10,10,0.767,0.852
Model2,2022-01-14,1,non_selected,110,0.759,0.664
Model2,2022-01-14,3,selected_Top10,10,1.115,1.196
Model2,2022-01-14,3,non_selected,110,1.385,1.149
Model2,2022-01-14,5,selected_Top10,10,1.429,1.763
Model2,2022-01-14,5,non_selected,110,1.287,1.421
Model2,2022-01-14,10,selected_Top10,10,-3.727,-3.073
Model2,2022-01-14,10,non_selected,110,-3.471,-3.099
Model2,2022-01-14,20,selected_Top10,10,-1.94,-1.625
Model2,2022-01-14,20,non_selected,110,-1.582,-1.621
Model2,2022-03-15,1,selected_Top10,10,4.103,4.221
Model2,2022-03-15,1,non_selected,331,3.366,3.301
Model2,2022-03-15,3,selected_Top10,10,6.783,6.851
Model2,2022-03-15,3,non_selected,331,6.382,6.25
Model2,2022-03-15,5,selected_Top10,10,6.655,7.089
Model2,2022-03-15,5,non_selected,331,6.306,6.047
Model2,2022-03-15,10,selected_Top10,10,4.42,3.842
Model2,2022-03-15,10,non_selected,331,3.599,3.351
Model2,2022-03-15,20,selected_Top10,10,4.951,5.379
Model2,2022-03-15,20,non_selected,331,2.805,4.256
Model2,2023-12-25,1,selected_Top10,10,-1.502,-1.135
Model2,2023-12-25,1,non_selected,32,-1.266,-1.203
Model2,2023-12-25,3,selected_Top10,10,0.694,0.7
Model2,2023-12-25,3,non_selected,32,1.25,1.608
Model2,2023-12-25,5,selected_Top10,10,0.761,0.738
Model2,2023-12-25,5,non_selected,32,1.549,1.315
Model2,2023-12-25,10,selected_Top10,10,-4.349,-2.85
Model2,2023-12-25,10,non_selected,32,-3.032,-2.814
Model2,2023-12-25,20,selected_Top10,10,-7.117,-4.481
Model2,2023-12-25,20,non_selected,32,-8.087,-7.462
Model2,2018-02-12,1,selected_Top10,10,1.294,1.291
Model2,2018-02-12,1,non_selected,34,1.353,1.384
Model2,2018-02-12,3,selected_Top10,10,3.544,3.874
Model2,2018-02-12,3,non_selected,34,3.047,3.378
Model2,2018-02-12,5,selected_Top10,10,5.333,5.318
Model2,2018-02-12,5,non_selected,34,4.735,4.922
Model2,2018-02-12,10,selected_Top10,10,2.304,2.427
Model2,2018-02-12,10,non_selected,34,1.854,1.588
Model2,2018-02-12,20,selected_Top10,10,3.038,3.239
Model2,2018-02-12,20,non_selected,34,2.365,2.554
Model2,2008-08-12,1,selected_Top10,5,0.34,0.694
Model2,2008-08-12,3,selected_Top10,5,0.653,0.559
Model2,2008-08-12,5,selected_Top10,5,-3.276,-3.791
Model2,2008-08-12,10,selected_Top10,5,-5.059,-4.785
Model2,2008-08-12,20,selected_Top10,5,-13.528,-13.095
Model2,2025-01-02,1,selected_Top10,10,-1.356,-1.3
Model2,2025-01-02,1,non_selected,564,-1.803,-1.518
Model2,2025-01-02,3,selected_Top10,10,-0.682,-0.757
Model2,2025-01-02,3,non_selected,564,-1.077,-1.091
Model2,2025-01-02,5,selected_Top10,10,-1.204,-1.111
Model2,2025-01-02,5,non_selected,564,-1.482,-1.472
Model2,2025-01-02,10,selected_Top10,10,-0.306,-0.321
Model2,2025-01-02,10,non_selected,564,-0.158,-0.323
Model2,2025-01-02,20,selected_Top10,10,3.948,3.081
Model2,2025-01-02,20,non_selected,564,4.91,3.378
Model2,2026-05-12,1,selected_Top10,10,-0.566,-0.696
Model2,2026-05-12,1,non_selected,1,-0.583,-0.583
Model2,2026-05-12,3,selected_Top10,10,-2.483,-2.248
Model2,2026-05-12,3,non_selected,1,-2.332,-2.332
Model2,2026-05-12,5,selected_Top10,10,-3.494,-3.337
Model2,2026-05-12,5,non_selected,1,-3.499,-3.499
Model2,2026-05-12,10,selected_Top10,10,-6.103,-5.598
Model2,2026-05-12,10,non_selected,1,-6.268,-6.268
Model2,2026-05-12,20,selected_Top10,10,-10.892,-10.616
Model2,2026-05-12,20,non_selected,1,-11.224,-11.224
Model2,2023-02-27,1,selected_Top10,10,1.064,1.059
Model2,2023-02-27,1,non_selected,48,1.021,1.091
Model2,2023-02-27,3,selected_Top10,10,0.016,0.139
Model2,2023-02-27,3,non_selected,48,0.771,0.396
Model2,2023-02-27,5,selected_Top10,10,0.225,0.206
Model2,2023-02-27,5,non_selected,48,1.064,0.623
Model2,2023-02-27,10,selected_Top10,10,-2.288,-2.27
Model2,2023-02-27,10,non_selected,48,-1.191,-1.573
Model2,2023-02-27,20,selected_Top10,10,-2.435,-2.165
Model2,2023-02-27,20,non_selected,48,0.812,-1.884
Model2,2026-08-19,1,selected_Top10,10,0.083,0.094
Model2,2026-08-19,1,non_selected,43,0.121,0.089
Model2,2026-08-19,3,selected_Top10,10,0.275,0.453
Model2,2026-08-19,3,non_selected,43,0.188,0.216
Model2,2026-08-19,5,selected_Top10,10,2.5,3.041
Model2,2026-08-19,5,non_selected,43,1.939,1.91
Model2,2026-08-19,10,selected_Top10,10,2.039,2.57
Model2,2026-08-19,10,non_selected,43,1.382,1.756
Model2,2023-07-18,1,selected_Top10,6,-0.559,-0.468
Model2,2023-07-18,3,selected_Top10,6,0.13,0.281
Model2,2023-07-18,5,selected_Top10,6,1.306,1.542
Model2,2023-07-18,10,selected_Top10,6,0.196,-0.007
Model2,2023-07-18,20,selected_Top10,6,-4.93,-5.111
Model2,2024-09-11,1,selected_Top10,10,0.33,0.288
Model2,2024-09-11,1,non_selected,80,0.081,0.224
Model2,2024-09-11,3,selected_Top10,10,1.207,1.109
Model2,2024-09-11,3,non_selected,80,0.522,0.609
Model2,2024-09-11,5,selected_Top10,10,1.745,1.221
Model2,2024-09-11,5,non_selected,80,1.55,1.351
Model2,2024-09-11,10,selected_Top10,10,14.051,12.494
Model2,2024-09-11,10,non_selected,80,14.24,13.641
Model2,2024-09-11,20,selected_Top10,10,16.018,16.371
Model2,2024-09-11,20,non_selected,80,17.15,17.041
Model2,2022-06-22,1,selected_Top10,3,0.867,0.847
Model2,2022-06-22,3,selected_Top10,3,1.748,1.304
Model2,2022-06-22,5,selected_Top10,3,2.442,2.424
Model2,2022-06-22,10,selected_Top10,3,0.725,0.848
Model2,2022-06-22,20,selected_Top10,3,1.997,2.348
Model2,2020-02-04,1,selected_Top10,10,1.418,1.181
Model2,2020-02-04,1,non_selected,100,1.575,1.27
Model2,2020-02-04,3,selected_Top10,10,4.216,3.746
Model2,2020-02-04,3,non_selected,100,3.448,2.894
Model2,2020-02-04,5,selected_Top10,10,5.218,4.817
Model2,2020-02-04,5,non_selected,100,4.689,4.604
Model2,2020-02-04,10,selected_Top10,10,9.56,9.744
Model2,2020-02-04,10,non_selected,100,8.448,7.339
Model2,2020-02-04,20,selected_Top10,10,11.271,11.192
Model2,2020-02-04,20,non_selected,100,9.639,8.225
Model2,2025-09-18,1,selected_Top10,10,0.398,0.364
Model2,2025-09-18,1,non_selected,42,0.43,0.375
Model2,2025-09-18,3,selected_Top10,10,-0.095,0.316
Model2,2025-09-18,3,non_selected,42,0.073,0.19
Model2,2025-09-18,5,selected_Top10,10,-0.635,-0.3
Model2,2025-09-18,5,non_selected,42,-0.216,-0.23
Model2,2025-09-18,10,selected_Top10,10,-0.174,-0.724
Model2,2025-09-18,10,non_selected,42,0.866,1.115
Model2,2025-09-18,20,selected_Top10,10,2.834,4.086
Model2,2025-09-18,20,non_selected,42,3.964,4.202
