date,action,index_key,etf,shares,price,amount,fee,cash_after,level,ranking,pnl,holding_days
2015-02-09,ENTRY,000032.SH,510610.SH,222400,0.899,199937.6,49.9844,800012.4156,1,amount,,
2015-02-25,EXIT_MIDLINE,000032.SH,510610.SH,222400,0.9430000000000001,209723.2,52.430800000000005,1009683.1847999999,1,amount,9683.18480000001,16.0
2015-05-19,ENTRY,000029.SH,510030.SH,44400,4.5040000000000004,199977.6,49.994400000000006,809655.5903999999,1,amount,,
2015-05-22,EXIT_MIDLINE,000029.SH,510030.SH,44400,4.843,215029.2,53.7573,1024631.0330999999,1,amount,14947.84830000001,3.0
2015-06-19,ENTRY,000016.SH,510190.SH,41100,4.865,199951.5,49.987875,824629.5452249999,1,amount,,
2015-06-29,ADD,000016.SH,510190.SH,47500,4.203,199642.5,49.910625,624937.1345999999,2,amount,,
2015-07-02,ENTRY,000009.SH,510290.SH,98900,2.0220000000000002,199975.80000000002,49.993950000000005,424911.34064999985,1,amount,,
2015-07-02,ENTRY,399303.SZ,159907.SZ,107700,1.856,199891.2,49.97280000000001,224970.16784999985,1,amount,,
2015-07-07,ADD,000009.SH,510290.SH,133200,1.5010000000000001,199933.2,49.98330000000001,24986.98454999985,2,amount,,
2015-07-07,ADD,399303.SZ,159907.SZ,16400,1.522,24960.8,6.2402,19.944349999848782,2,amount,,
2015-07-13,EXIT_MIDLINE,000016.SH,510190.SH,88600,4.321,382840.6,95.71015,382764.8341999998,2,amount,-16949.008650000014,24.0
2015-07-20,EXIT_MIDLINE,000009.SH,510290.SH,232100,1.868,433562.80000000005,108.39070000000001,816219.2434999999,2,amount,33445.43204999999,18.0
2015-07-20,EXIT_MIDLINE,399303.SZ,159907.SZ,124100,1.749,217050.90000000002,54.26272500000001,1033215.8807749999,2,amount,-7911.575724999984,18.0
2015-07-28,ENTRY,000016.SH,510190.SH,54500,3.665,199742.5,49.935625,833423.4451499998,1,amount,,
2015-07-28,ENTRY,000029.SH,510030.SH,47900,4.168,199647.2,49.91180000000001,633726.3333499997,1,amount,,
2015-07-28,ENTRY,000063.SH,510110.SH,62600,3.193,199881.80000000002,49.97045000000001,433794.5628999997,1,amount,,
2015-07-28,EXIT_MIDLINE,000029.SH,510030.SH,47900,4.519,216460.1,54.115025,650200.5478749997,1,amount,16708.873175,0.0
2015-07-29,ENTRY,000029.SH,510030.SH,46400,4.304,199705.6,49.9264,450445.0214749997,1,amount,,
2015-08-10,EXIT_MIDLINE,000016.SH,510190.SH,54500,3.867,210751.5,52.687875,661143.8335999998,1,amount,10906.376499999977,13.0
2015-08-10,EXIT_MIDLINE,000029.SH,510030.SH,46400,4.33,200912.0,50.228,862005.6055999998,1,amount,1106.245600000018,12.0
2015-09-30,ENTRY,000010.SH,510010.SH,215900,0.926,199923.40000000002,49.980850000000004,662032.2247499998,1,amount,,
2015-09-30,ENTRY,000029.SH,510030.SH,55700,3.585,199684.5,49.921125,462297.8036249998,1,amount,,
2015-10-08,EXIT_MIDLINE,000010.SH,510010.SH,215900,0.9390000000000001,202730.1,50.682525000000005,664977.2210999998,1,amount,2706.036624999991,8.0
2015-10-08,EXIT_MIDLINE,000029.SH,510030.SH,55700,3.684,205198.80000000002,51.29970000000001,870124.7213999999,1,amount,5413.079175000022,8.0
2018-02-06,ENTRY,399330.SZ,159901.SZ,40200,4.968,199713.6,49.9284,670361.193,1,amount,,
2018-02-08,ADD,399330.SZ,159901.SZ,42300,4.721,199698.30000000002,49.924575000000004,470612.96842499997,2,amount,,
2018-02-12,ADD,399330.SZ,159901.SZ,43200,4.625,199800.0,49.95,270763.01842499996,3,amount,,
2018-02-13,ENTRY,000300.SH,510300.SH,51000,3.9210000000000003,199971.0,49.99275,70742.02567499995,1,amount,,
2018-02-26,EXIT_MIDLINE,399330.SZ,159901.SZ,125700,5.025,631642.5,157.910625,702226.6150499999,3,amount,32122.886399999967,20.0
2018-03-06,EXIT_MIDLINE,000300.SH,510300.SH,51000,4.062,207162.0,51.7905,909336.8245499999,1,amount,7089.21675,21.0
2018-03-28,ENTRY,399986.SZ,512800.SH,202800,0.986,199960.8,49.9902,709326.0343499999,1,amount,,
2018-04-11,EXIT_MIDLINE,399986.SZ,512800.SH,202800,1.0110000000000001,205030.80000000002,51.25770000000001,914305.57665,1,amount,4968.7521000000415,14.0
2018-04-18,ENTRY,399330.SZ,159901.SZ,42900,4.657,199785.3,49.946325,714470.330325,1,amount,,
2018-05-07,EXIT_MIDLINE,399330.SZ,159901.SZ,42900,4.682,200857.80000000002,50.21445000000001,915277.915875,1,amount,972.3392250000352,19.0
2018-05-15,ENTRY,399967.SZ,512660.SH,246000,0.8130000000000001,199998.0,49.9995,715229.9163749999,1,amount,,
2018-05-28,ENTRY,399673.SZ,159949.SZ,301600,0.663,199960.80000000002,49.99020000000001,515219.12617499987,1,amount,,
2018-05-29,ADD,399967.SZ,512660.SH,252800,0.791,199964.80000000002,49.991200000000006,315204.3349749999,2,amount,,
2018-05-30,ADD,399673.SZ,159949.SZ,309500,0.646,199937.0,49.98425,115217.35072499988,2,amount,,
2018-06-04,ADD,399673.SZ,159949.SZ,183400,0.628,115175.2,28.7938,13.356924999883631,3,amount,,
2018-07-03,EXIT_MIDLINE,399967.SZ,512660.SH,498800,0.7010000000000001,349658.80000000005,87.41470000000001,349584.74222499994,2,amount,-50491.40539999996,49.0
2018-07-03,EXIT_MIDLINE,399673.SZ,159949.SZ,794500,0.591,469549.5,117.387375,819016.85485,3,amount,-45769.655625000014,36.0
2018-09-12,ENTRY,399673.SZ,159949.SZ,395200,0.506,199971.2,49.9928,618995.6620499999,1,amount,,
2018-09-13,ENTRY,399330.SZ,159901.SZ,54000,3.6990000000000003,199746.00000000003,49.93650000000001,419199.72554999986,1,amount,,
2018-09-21,EXIT_MIDLINE,399330.SZ,159901.SZ,54000,3.797,205038.0,51.2595,624186.4660499999,1,amount,5190.803999999979,8.0
2018-09-26,EXIT_MIDLINE,399673.SZ,159949.SZ,395200,0.515,203528.0,50.882,827663.58405,1,amount,3455.9251999999915,14.0
2018-10-09,ENTRY,399967.SZ,512660.SH,289400,0.6910000000000001,199975.40000000002,49.99385000000001,627638.1902,1,amount,,
2018-10-11,ADD,399967.SZ,512660.SH,303000,0.66,199980.0,49.995000000000005,427608.19519999996,2,amount,,
2018-10-15,ADD,399967.SZ,512660.SH,312000,0.641,199992.0,49.998,227566.19719999997,3,amount,,
2018-10-17,ADD,399967.SZ,512660.SH,317900,0.629,199959.1,49.989775,27557.107424999966,4,amount,,
2018-11-01,EXIT_MIDLINE,399967.SZ,512660.SH,1222300,0.641,783494.3,195.87357500000002,810855.53385,4,amount,-16808.050199999987,23.0
2018-12-25,ENTRY,399986.SZ,512800.SH,225900,0.885,199921.5,49.980375,610884.053475,1,amount,,
2019-01-09,EXIT_MIDLINE,399986.SZ,512800.SH,225900,0.906,204665.4,51.16635,815498.2871249999,1,amount,4642.75327499999,15.0
2019-04-26,ENTRY,399967.SZ,512660.SH,257000,0.778,199946.0,49.9865,615502.3006249999,1,amount,,
2019-04-30,ADD,399967.SZ,512660.SH,265600,0.753,199996.8,49.999199999999995,415455.5014249999,2,amount,,
2019-05-06,ENTRY,399673.SZ,159949.SZ,380200,0.526,199985.2,49.996300000000005,215420.3051249999,1,amount,,
2019-05-07,ADD,399967.SZ,512660.SH,281600,0.71,199936.0,49.984,15434.3211249999,3,amount,,
2019-05-09,ADD,399673.SZ,159949.SZ,30200,0.51,15402.0,5.0,27.32112499990035,2,amount,,
2019-05-22,EXIT_MIDLINE,399967.SZ,512660.SH,804200,0.751,603954.2,150.98855,603830.5325749998,3,amount,3774.441749999971,26.0
2019-06-10,ADD,399673.SZ,159949.SZ,409800,0.488,199982.4,49.995599999999996,403798.13697499986,3,amount,,
2019-06-11,EXIT_MIDLINE,399673.SZ,159949.SZ,820200,0.508,416661.60000000003,104.1654,820355.571575,3,amount,1082.8427000000452,36.0
2019-07-10,ENTRY,399986.SZ,512800.SH,189500,1.055,199922.5,49.980625,620383.09095,1,amount,,
2019-07-12,EXIT_MIDLINE,399986.SZ,512800.SH,189500,1.068,202386.0,50.5965,822718.49445,1,amount,2362.9228750000216,2.0
2019-08-12,ENTRY,000905.SH,510590.SH,42300,4.7250000000000005,199867.50000000003,49.96687500000001,622801.027575,1,amount,,
2019-08-19,EXIT_MIDLINE,000905.SH,510590.SH,42300,4.8950000000000005,207058.50000000003,51.76462500000001,829807.76295,1,amount,7089.268499999992,7.0
2019-08-30,ENTRY,399986.SZ,512800.SH,193700,1.032,199898.4,49.9746,629859.38835,1,amount,,
2019-09-04,EXIT_MIDLINE,399986.SZ,512800.SH,193700,1.043,202029.09999999998,50.50727499999999,831837.981075,1,amount,2030.2181250000058,5.0
2019-09-27,ENTRY,399967.SZ,512660.SH,260700,0.767,199956.9,49.989225,631831.09185,1,amount,,
2019-10-08,ENTRY,399324.SZ,159905.SZ,106700,1.874,199955.80000000002,49.98895,431825.30289999995,1,amount,,
2019-10-11,EXIT_MIDLINE,399324.SZ,159905.SZ,106700,1.9100000000000001,203797.00000000003,50.949250000000006,635571.35365,1,amount,3740.261800000005,3.0
2019-10-24,ENTRY,399987.SZ,512690.SH,183300,1.091,199980.3,49.995075,435541.0585749999,1,amount,,
2019-10-29,EXIT_MIDLINE,399967.SZ,512660.SH,260700,0.757,197349.9,49.337475,632841.6210999999,1,amount,-2706.326699999985,32.0
2019-10-29,EXIT_MIDLINE,399987.SZ,512690.SH,183300,1.117,204746.1,51.186525,837536.5345749999,1,amount,4664.618400000017,5.0
2019-11-13,ENTRY,399967.SZ,512660.SH,277000,0.722,199994.0,49.9985,637492.536075,1,amount,,
2019-11-13,ENTRY,399973.SZ,512670.SH,203200,0.984,199948.8,49.9872,437493.74887499993,1,amount,,
2019-11-19,EXIT_MIDLINE,399973.SZ,512670.SH,203200,1.0070000000000001,204622.40000000002,51.15560000000001,642064.993275,1,amount,4572.4572000000335,6.0
2019-11-22,EXIT_MIDLINE,399967.SZ,512660.SH,277000,0.734,203318.0,50.8295,845332.163775,1,amount,3223.1719999999955,9.0
2019-11-26,ENTRY,399441.SZ,512290.SH,170900,1.17,199953.0,49.98825,645329.1755250001,1,amount,,
2019-12-02,ENTRY,399987.SZ,512690.SH,177400,1.127,199929.8,49.98245,445349.3930750001,1,amount,,
2019-12-02,ADD,399441.SZ,512290.SH,175400,1.1400000000000001,199956.00000000003,49.98900000000001,245343.40407500006,2,amount,,
2019-12-06,EXIT_MIDLINE,399987.SZ,512690.SH,177400,1.155,204897.0,51.22425,450189.17982500006,1,amount,4865.99329999999,4.0
2019-12-13,EXIT_MIDLINE,399441.SZ,512290.SH,346300,1.165,403439.5,100.859875,853527.81995,2,amount,3329.6628749999295,17.0
2020-01-22,ENTRY,399986.SZ,512800.SH,180300,1.109,199952.7,49.988175000000005,653525.131775,1,amount,,
2020-02-03,ADD,399986.SZ,512800.SH,199800,1.0010000000000001,199999.80000000002,49.999950000000005,453475.331825,2,amount,,
2020-02-05,ADD,399986.SZ,512800.SH,193400,1.034,199975.6,49.993900000000004,253449.737925,3,amount,,
2020-02-06,ENTRY,399987.SZ,512690.SH,188600,1.06,199916.0,49.979,53483.758925,1,amount,,
2020-02-20,EXIT_MIDLINE,399986.SZ,512800.SH,573500,1.06,607910.0,151.9775,661241.7814249999,3,amount,7679.940474999858,29.0
2020-02-20,EXIT_MIDLINE,399987.SZ,512690.SH,188600,1.1280000000000001,212740.80000000002,53.18520000000001,873929.3962249999,1,amount,12721.635800000018,14.0
2020-03-10,ENTRY,399971.SZ,512980.SH,230600,0.867,199930.2,49.98255,673949.2136749999,1,amount,,
2020-03-24,ENTRY,399967.SZ,512660.SH,259700,0.77,199969.0,49.99225,473930.2214249999,1,amount,,
2020-04-07,EXIT_MIDLINE,399967.SZ,512660.SH,259700,0.787,204383.9,51.095975,678263.0254499998,1,amount,4313.811774999994,14.0
2020-04-08,EXIT_MIDLINE,399971.SZ,512980.SH,230600,0.8220000000000001,189553.2,47.3883,867768.8371499998,1,amount,-10474.370849999981,29.0
2020-05-25,ENTRY,399437.SZ,159993.SZ,223200,0.896,199987.2,49.99680000000001,667731.6403499998,1,amount,,
2020-06-01,EXIT_MIDLINE,399437.SZ,159993.SZ,223200,0.921,205567.2,51.3918,873247.4485499997,1,amount,5478.611400000004,7.0
2020-09-08,ENTRY,980086.CNI,159992.SZ,145900,1.37,199883.00000000003,49.97075000000001,673314.4777999998,1,amount,,
2020-09-08,ENTRY,000905.SH,159968.SZ,29500,6.766,199597.0,49.89925,473667.57854999974,1,amount,,
2020-09-10,ADD,980086.CNI,159992.SZ,151200,1.322,199886.40000000002,49.97160000000001,273731.20694999973,2,amount,,
2020-09-10,ADD,000905.SH,159968.SZ,30200,6.62,199924.0,49.981,73757.22594999973,2,amount,,
2020-09-21,EXIT_MIDLINE,000905.SH,159968.SZ,59700,6.75,402975.0,100.74375,476631.48219999974,2,amount,3253.37599999993,13.0
2020-09-25,ENTRY,399998.SZ,515220.SH,181600,1.101,199941.6,49.985400000000006,276639.89679999975,1,amount,,
2020-09-28,EXIT_MIDLINE,399998.SZ,515220.SH,181600,1.1300000000000001,205208.00000000003,51.30200000000001,481796.5947999998,1,amount,5165.112600000014,3.0
2020-09-30,ENTRY,399986.SZ,512800.SH,190800,1.048,199958.4,49.9896,281788.2051999998,1,amount,,
2020-09-30,EXIT_MIDLINE,980086.CNI,159992.SZ,297100,1.323,393063.3,98.26582499999999,674753.2393749998,2,amount,-6904.308175000035,22.0
2020-10-12,EXIT_MIDLINE,399986.SZ,512800.SH,190800,1.064,203011.2,50.7528,877713.6865749998,1,amount,2952.0576000000056,12.0
2020-10-26,ENTRY,980086.CNI,159992.SZ,156100,1.281,199964.09999999998,49.99102499999999,677699.5955499999,1,amount,,
2020-10-26,ENTRY,399971.SZ,512980.SH,214500,0.932,199914.0,49.978500000000004,477735.6170499999,1,amount,,
2020-10-28,EXIT_MIDLINE,980086.CNI,159992.SZ,156100,1.346,210110.6,52.52765,687793.6893999999,1,amount,10043.98132500004,2.0
2020-11-02,ENTRY,399437.SZ,159993.SZ,169000,1.183,199927.0,49.98175,487816.7076499999,1,amount,,
2020-11-02,ADD,399971.SZ,512980.SH,218100,0.917,199997.7,49.999425,287769.0082249999,2,amount,,
2020-11-06,EXIT_MIDLINE,399437.SZ,159993.SZ,169000,1.218,205842.0,51.4605,493559.5477249999,1,amount,5813.55774999998,4.0
2020-11-09,EXIT_MIDLINE,399971.SZ,512980.SH,432600,0.9480000000000001,410104.80000000005,102.52620000000002,903561.8215249999,2,amount,9990.595874999986,14.0
2020-11-12,ENTRY,399441.SZ,512290.SH,104800,1.907,199853.6,49.9634,703658.2581249999,1,amount,,
2020-11-18,ENTRY,980086.CNI,159992.SZ,155100,1.289,199923.9,49.980975,503684.37714999996,1,amount,,
2020-11-19,ADD,399441.SZ,512290.SH,107200,1.865,199928.0,49.982,303706.39515,2,amount,,
2020-11-26,ADD,980086.CNI,159992.SZ,162700,1.229,199958.30000000002,49.989575,103698.10557499997,2,amount,,
2020-12-03,EXIT_MIDLINE,399441.SZ,512290.SH,212000,1.8880000000000001,400256.0,100.06400000000001,503854.0415749999,2,amount,274.39060000004525,21.0
2020-12-03,EXIT_MIDLINE,980086.CNI,159992.SZ,317800,1.284,408055.2,102.0138,911807.2277749999,2,amount,7971.015649999994,15.0
2020-12-14,ENTRY,399971.SZ,512980.SH,229000,0.873,199917.0,49.97925,711840.248525,1,amount,,
2020-12-14,ENTRY,399324.SZ,159905.SZ,77000,2.597,199969.0,49.99225,511821.25627499993,1,amount,,
2020-12-17,EXIT_MIDLINE,399324.SZ,159905.SZ,77000,2.658,204666.0,51.1665,716436.089775,1,amount,4595.841249999966,3.0
2021-01-04,EXIT_MIDLINE,399971.SZ,512980.SH,229000,0.867,198543.0,49.63575,914929.454025,1,amount,-1473.6149999999955,21.0
2021-02-01,ENTRY,399967.SZ,512660.SH,167900,1.191,199968.90000000002,49.992225000000005,714910.5618,1,amount,,
2021-02-01,ENTRY,399973.SZ,512670.SH,102800,1.944,199843.19999999998,49.9608,515017.40100000007,1,amount,,
2021-02-25,EXIT_MIDLINE,399967.SZ,512660.SH,167900,1.198,201144.19999999998,50.286049999999996,716111.31495,1,amount,1075.0217249999662,24.0
2021-02-25,EXIT_MIDLINE,399973.SZ,512670.SH,102800,1.947,200151.6,50.0379,916212.87705,1,amount,208.4013000000131,24.0
2021-02-26,ENTRY,399673.SZ,159949.SZ,160900,1.243,199998.7,49.999675,716164.177375,1,amount,,
2021-02-26,ENTRY,000827.SH,512580.SH,166300,1.202,199892.6,49.973150000000004,516221.60422499996,1,amount,,
2021-03-05,ADD,000827.SH,512580.SH,169900,1.177,199972.30000000002,49.993075000000005,316199.31114999996,2,amount,,
2021-03-10,ADD,399673.SZ,159949.SZ,175500,1.139,199894.5,49.973625,116254.83752499995,2,amount,,
2021-03-29,EXIT_MIDLINE,399673.SZ,159949.SZ,336400,1.159,389887.60000000003,97.4719,506044.96562499995,2,amount,-10203.045200000008,31.0
2021-03-30,EXIT_MIDLINE,000827.SH,512580.SH,336200,1.164,391336.8,97.8342,897283.931425,2,amount,-8725.900425000016,32.0
2021-04-13,ENTRY,399437.SZ,159993.SZ,191500,1.044,199926.0,49.981500000000004,697307.949925,1,amount,,
2021-04-13,ENTRY,399324.SZ,159905.SZ,75900,2.6350000000000002,199996.50000000003,49.99912500000001,497261.45079999993,1,amount,,
2021-04-19,EXIT_MIDLINE,399437.SZ,159993.SZ,191500,1.074,205671.0,51.41775,702881.03305,1,amount,5643.600750000035,6.0
2021-04-19,EXIT_MIDLINE,399324.SZ,159905.SZ,75900,2.7,204930.0,51.2325,907759.8005499999,1,amount,4832.268374999968,6.0
2021-05-06,ENTRY,399967.SZ,512660.SH,201400,0.993,199990.2,49.997550000000004,707719.6029999999,1,amount,,
2021-05-06,ENTRY,399973.SZ,512670.SH,128300,1.558,199891.4,49.97285,507778.2301499999,1,amount,,
2021-05-10,ADD,399967.SZ,512660.SH,201200,0.994,199992.8,49.9982,307735.4319499999,2,amount,,
2021-05-10,ADD,399973.SZ,512670.SH,128700,1.553,199871.1,49.967775,107814.36417499988,2,amount,,
2021-05-14,EXIT_MIDLINE,399967.SZ,512660.SH,402600,1.0210000000000001,411054.60000000003,102.76365000000001,518766.20052499993,2,amount,10868.840600000114,8.0
2021-05-14,EXIT_MIDLINE,399973.SZ,512670.SH,257000,1.596,410172.0,102.543,928835.6575249999,2,amount,10207.01637499997,8.0
2021-06-15,ENTRY,399324.SZ,159905.SZ,74500,2.684,199958.0,49.9895,728827.6680249999,1,amount,,
2021-06-17,ADD,399324.SZ,159905.SZ,75900,2.634,199920.6,49.98015,528857.087875,2,amount,,
2021-06-18,ENTRY,980086.CNI,159992.SZ,134900,1.482,199921.8,49.98045,328885.307425,1,amount,,
2021-06-23,EXIT_MIDLINE,980086.CNI,159992.SZ,134900,1.5290000000000001,206262.1,51.565525,535095.8419,1,amount,6238.754025000014,5.0
2021-07-05,ENTRY,399967.SZ,512660.SH,187900,1.064,199925.6,49.9814,335120.2605,1,amount,,
2021-07-08,EXIT_MIDLINE,399967.SZ,512660.SH,187900,1.127,211763.3,52.940825,546830.619675,1,amount,11734.777775000013,3.0
2021-07-09,ENTRY,399986.SZ,512800.SH,166800,1.199,199993.2,49.9983,346787.4213749999,1,amount,,
2021-07-12,ADD,399324.SZ,159905.SZ,80000,2.5,200000.0,50.0,146737.42137499992,3,amount,,
2021-07-27,ADD,399324.SZ,159905.SZ,61100,2.398,146517.80000000002,36.629450000000006,182.99192499989294,4,amount,,
2021-07-28,ADD,399986.SZ,512800.SH,100,1.113,111.3,5.0,66.69192499989295,2,amount,,
2021-08-10,EXIT_MIDLINE,399324.SZ,159905.SZ,291500,2.414,703681.0,175.92025,703571.771675,4,amount,-43077.91935000004,56.0
2021-08-10,EXIT_MIDLINE,399986.SZ,512800.SH,166900,1.143,190766.7,47.691675000000004,894290.78,2,amount,-9440.489975000044,32.0
2021-08-18,ENTRY,399673.SZ,159949.SZ,141100,1.417,199938.7,49.984675,694302.095325,1,amount,,
2021-08-23,ENTRY,399987.SZ,512690.SH,183900,1.087,199899.3,49.974824999999996,494352.82050000003,1,amount,,
2021-09-06,EXIT_MIDLINE,399987.SZ,512690.SH,183900,1.16,213323.99999999997,53.330999999999996,707623.4895,1,amount,13321.394174999989,14.0
2021-09-07,EXIT_MIDLINE,399673.SZ,159949.SZ,141100,1.431,201914.1,50.478525000000005,909487.1109750001,1,amount,1874.9367999999704,20.0
2021-09-28,ENTRY,000852.SH,512100.SH,184800,1.082,199953.6,49.988400000000006,709483.5225750001,1,amount,,
2021-09-30,ENTRY,399967.SZ,512660.SH,162400,1.231,199914.40000000002,49.97860000000001,509519.143975,1,amount,,
2021-09-30,ADD,000852.SH,512100.SH,190100,1.052,199985.2,49.996300000000005,309483.947675,2,amount,,
2021-10-20,EXIT_MIDLINE,000852.SH,512100.SH,374900,1.093,409765.7,102.44142500000001,719147.20625,2,amount,9624.473874999934,22.0
2021-10-20,EXIT_MIDLINE,399967.SZ,512660.SH,162400,1.258,204299.2,51.0748,923395.33145,1,amount,4283.7465999999595,20.0
2021-10-28,ENTRY,399441.SZ,512290.SH,121800,1.6420000000000001,199995.6,49.9989,723349.7325500001,1,amount,,
2021-10-28,ENTRY,980086.CNI,159992.SZ,154700,1.292,199872.4,49.9681,523427.3644500001,1,amount,,
2021-11-01,ADD,980086.CNI,159992.SZ,152500,1.311,199927.5,49.981875,323449.8825750001,2,amount,,
2021-11-02,ADD,399441.SZ,512290.SH,122600,1.631,199960.6,49.99015,123439.29242500011,2,amount,,
2021-11-09,ADD,399441.SZ,512290.SH,78100,1.58,123398.0,30.8495,10.442925000112155,3,amount,,
2021-11-15,EXIT_MIDLINE,399441.SZ,512290.SH,322500,1.645,530512.5,132.628125,530390.3148,3,amount,6894.83332499993,18.0
2021-11-15,EXIT_MIDLINE,980086.CNI,159992.SZ,307200,1.288,395673.60000000003,98.9184,925964.9964000001,2,amount,-4325.16837499995,18.0
2021-11-17,ENTRY,000827.SH,512580.SH,108200,1.847,199845.4,49.96135,726069.63505,1,amount,,
2021-11-22,EXIT_MIDLINE,000827.SH,512580.SH,108200,1.9040000000000001,206012.80000000002,51.50320000000001,932030.93185,1,amount,6065.935450000025,5.0
2021-12-07,ENTRY,399989.SZ,512170.SH,290600,0.6880000000000001,199932.80000000002,49.983200000000004,732048.1486500001,1,amount,,
2021-12-07,ENTRY,980086.CNI,159992.SZ,155500,1.286,199973.0,49.99325,532025.1554,1,amount,,
2021-12-09,EXIT_MIDLINE,399989.SZ,512170.SH,290600,0.706,205163.59999999998,51.29089999999999,737137.4645,1,amount,5129.525899999987,2.0
2021-12-09,EXIT_MIDLINE,980086.CNI,159992.SZ,155500,1.312,204016.0,51.004,941102.4605,1,amount,3942.002750000025,2.0
2021-12-16,ENTRY,399989.SZ,512170.SH,293600,0.681,199941.6,49.985400000000006,741110.8751000001,1,amount,,
2021-12-16,ENTRY,980086.CNI,159992.SZ,157800,1.2670000000000001,199932.6,49.98315,541128.2919500001,1,amount,,
2021-12-21,ADD,399989.SZ,512170.SH,302500,0.661,199952.5,49.988125000000004,341125.80382500007,2,amount,,
2021-12-30,EXIT_MIDLINE,399989.SZ,512170.SH,596100,0.682,406540.2,101.63505,747564.3687750001,2,amount,6444.491425000028,14.0
2022-01-06,ENTRY,399673.SZ,159949.SZ,146000,1.369,199874.0,49.9685,547640.4002750001,1,amount,,
2022-01-07,ADD,980086.CNI,159992.SZ,166500,1.201,199966.5,49.991625,347623.9086500001,2,amount,,
2022-01-25,ADD,980086.CNI,159992.SZ,179600,1.113,199894.8,49.9737,147679.13495000012,3,amount,,
2022-02-09,ADD,399673.SZ,159949.SZ,119300,1.237,147574.1,36.893525000000004,68.14142500012531,2,amount,,
2022-02-23,EXIT_MIDLINE,980086.CNI,159992.SZ,503900,1.06,534134.0,133.5335,534068.6079250001,3,amount,-65943.38197499984,69.0
2022-02-25,ENTRY,399324.SZ,159905.SZ,90200,2.216,199883.2,49.970800000000004,334135.4371250001,1,amount,,
2022-02-25,EXIT_MIDLINE,399673.SZ,159949.SZ,265300,1.243,329767.9,82.44197500000001,663820.8951500001,2,amount,-17849.50399999999,50.0
2022-03-01,ADD,399324.SZ,159905.SZ,90900,2.199,199889.09999999998,49.972274999999996,463881.8228750001,2,amount,,
2022-03-04,ENTRY,000126.SH,515650.SH,149200,1.34,199928.0,49.982,263903.8408750001,1,amount,,
2022-03-07,ADD,399324.SZ,159905.SZ,93100,2.146,199792.6,49.948150000000005,64061.292725000094,3,amount,,
2022-03-09,ADD,399324.SZ,159905.SZ,31500,2.032,64008.0,16.002,37.290725000093516,4,amount,,
2022-03-31,EXIT_MIDLINE,399324.SZ,159905.SZ,305700,2.004,612622.8,153.15570000000002,612506.9350250001,4,amount,-51269.14892499988,34.0
2022-04-01,EXIT_MIDLINE,000126.SH,515650.SH,149200,1.223,182471.6,45.617900000000006,794932.9171250002,1,amount,-17551.999899999963,28.0
2022-04-07,ENTRY,399967.SZ,512660.SH,182100,1.098,199945.80000000002,49.986450000000005,594937.1306750001,1,amount,,
2022-04-07,ENTRY,399973.SZ,512670.SH,230100,0.869,199956.9,49.989225,394930.24145000015,1,amount,,
2022-04-11,ADD,399967.SZ,512660.SH,187000,1.069,199903.0,49.97575,194977.26570000013,2,amount,,
2022-04-13,ADD,399967.SZ,512660.SH,189200,1.03,194876.0,48.719,52.546700000122655,3,amount,,
2022-05-05,EXIT_MIDLINE,399967.SZ,512660.SH,558300,1.008,562766.4,140.69160000000002,562678.2551000002,3,amount,-32247.772800000028,28.0
2022-05-05,EXIT_MIDLINE,399973.SZ,512670.SH,230100,0.797,183389.7,45.847425,746022.1076750002,1,amount,-16663.036649999976,28.0
2022-06-23,ENTRY,399995.SZ,516970.SH,173700,1.151,199928.7,49.982175000000005,546043.4255000001,1,amount,,
2022-06-27,EXIT_MIDLINE,399995.SZ,516970.SH,173700,1.169,203055.30000000002,50.763825000000004,749047.9616750001,1,amount,3025.8539999999975,4.0
2022-07-07,ENTRY,399971.SZ,512980.SH,327300,0.611,199980.3,49.995075,549017.6666000001,1,amount,,
2022-07-12,ENTRY,399437.SZ,159993.SZ,201800,0.991,199983.8,49.99595,348983.8706500001,1,amount,,
2022-07-13,ADD,399971.SZ,512980.SH,330500,0.605,199952.5,49.988125000000004,148981.3825250001,2,amount,,
2022-07-20,EXIT_MIDLINE,399971.SZ,512980.SH,657800,0.618,406520.4,101.63010000000001,555400.1524250001,2,amount,6385.986700000012,13.0
2022-07-26,ENTRY,399995.SZ,516970.SH,173700,1.151,199928.7,49.982175000000005,355421.4702500001,1,amount,,
2022-08-02,ADD,399995.SZ,516970.SH,178700,1.119,199965.3,49.991324999999996,155406.17892500007,2,amount,,
2022-08-03,ADD,399437.SZ,159993.SZ,167600,0.927,155365.2,38.841300000000004,2.1376250000612345,2,amount,,
2022-08-10,EXIT_MIDLINE,399437.SZ,159993.SZ,369400,0.96,354624.0,88.656,354537.481625,2,amount,-902.4932500000066,29.0
2022-08-11,ENTRY,000126.SH,515650.SH,157300,1.2710000000000001,199928.30000000002,49.98207500000001,154559.19955,1,amount,,
2022-08-16,EXIT_MIDLINE,399995.SZ,516970.SH,352400,1.121,395040.4,98.76010000000001,549500.83945,2,amount,-5052.3336000000345,21.0
2022-08-25,ENTRY,399987.SZ,512690.SH,246300,0.812,199995.6,49.9989,349455.24055,1,amount,,
2022-08-26,EXIT_MIDLINE,000126.SH,515650.SH,157300,1.281,201501.3,50.375325,550906.165225,1,amount,1472.6425999999656,15.0
2022-08-26,EXIT_MIDLINE,399987.SZ,512690.SH,246300,0.8320000000000001,204921.6,51.2304,755776.534825,1,amount,4824.7707000000155,1.0
2022-08-29,ENTRY,399967.SZ,512660.SH,175200,1.141,199903.2,49.97580000000001,555823.359025,1,amount,,
2022-08-30,ENTRY,399432.SZ,515250.SH,213400,0.937,199955.80000000002,49.98895,355817.570075,1,amount,,
2022-09-01,ADD,399967.SZ,512660.SH,176000,1.1360000000000001,199936.00000000003,49.98400000000001,155831.58607499997,2,amount,,
2022-09-05,ADD,399432.SZ,515250.SH,171900,0.906,155741.4,38.93535,51.250724999961676,2,amount,,
2022-09-07,EXIT_MIDLINE,399967.SZ,512660.SH,351200,1.191,418279.2,104.5698,418225.88092499995,2,amount,18235.47039999996,9.0
2022-09-08,ENTRY,399987.SZ,512690.SH,252500,0.792,199980.0,49.995000000000005,218195.88592499995,1,amount,,
2022-09-15,EXIT_MIDLINE,399987.SZ,512690.SH,252500,0.8140000000000001,205535.0,51.38375,423679.5021749999,1,amount,5453.621250000025,7.0
2022-09-20,ENTRY,000300.SH,510300.SH,49800,4.01,199698.0,49.9245,223931.57767499992,1,amount,,
2022-09-22,ADD,000300.SH,510300.SH,50600,3.9490000000000003,199819.40000000002,49.95485000000001,24062.222824999888,2,amount,,
2022-10-11,ADD,399432.SZ,515250.SH,31700,0.757,23996.9,5.999225000000001,59.32359999988694,3,amount,,
2022-10-18,EXIT_MIDLINE,399432.SZ,515250.SH,417000,0.8280000000000001,345276.0,86.319,345249.00459999987,3,amount,-34599.34252499995,49.0
2022-10-18,EXIT_MIDLINE,000300.SH,510300.SH,100400,3.919,393467.6,98.3669,738618.2376999998,2,amount,-6248.046249999972,28.0
2022-10-20,ENTRY,399987.SZ,512690.SH,272100,0.735,199993.5,49.998375,538574.7393249999,1,amount,,
2022-10-20,ENTRY,399324.SZ,159905.SZ,112200,1.782,199940.4,49.9851,338584.3542249999,1,amount,,
2022-10-24,ADD,399324.SZ,159905.SZ,113100,1.7670000000000001,199847.7,49.961925,138686.69229999988,2,amount,,
2022-10-25,ADD,399987.SZ,512690.SH,202400,0.685,138644.0,34.661,8.03129999988596,2,amount,,
2022-11-04,EXIT_MIDLINE,399987.SZ,512690.SH,474500,0.727,344961.5,86.240375,344883.29092499986,2,amount,6153.100249999992,15.0
2022-11-09,EXIT_MIDLINE,399324.SZ,159905.SZ,225300,1.72,387516.0,96.879,732302.4119249999,2,amount,-12468.926025000055,20.0
2022-11-29,ENTRY,399282.SZ,515400.SH,273500,0.731,199928.5,49.982125,532323.9297999999,1,amount,,
2022-12-01,EXIT_MIDLINE,399282.SZ,515400.SH,273500,0.754,206219.0,51.55475,738491.3750499999,1,amount,6188.963125000003,2.0
2022-12-14,ENTRY,000827.SH,512580.SH,143400,1.3940000000000001,199899.6,49.974900000000005,538541.8001499999,1,amount,,
2022-12-20,ENTRY,000852.SH,512100.SH,78100,2.5580000000000003,199779.80000000002,49.944950000000006,338712.0551999999,1,amount,,
2022-12-22,ADD,000852.SH,512100.SH,79100,2.5260000000000002,199806.6,49.95165,138855.50354999988,2,amount,,
2022-12-22,ADD,000827.SH,512580.SH,101600,1.366,138785.6,34.696400000000004,35.20714999988559,2,amount,,
2023-01-04,EXIT_MIDLINE,000852.SH,512100.SH,157200,2.567,403532.4,100.88310000000001,403466.72404999996,2,amount,3745.220299999949,15.0
2023-01-05,EXIT_MIDLINE,000827.SH,512580.SH,245000,1.375,336875.0,84.21875,740257.5053,2,amount,-1979.0900499999827,22.0
2023-02-07,ENTRY,399986.SZ,512800.SH,185500,1.078,199969.0,49.99225,540238.51305,1,amount,,
2023-02-07,ENTRY,399965.SZ,159707.SZ,217800,0.918,199940.4,49.9851,340248.12795,1,amount,,
2023-02-09,EXIT_MIDLINE,399965.SZ,159707.SZ,217800,0.9470000000000001,206256.6,51.564150000000005,546453.1638,1,amount,6214.650750000031,2.0
2023-02-17,ENTRY,980086.CNI,159992.SZ,203000,0.985,199955.0,49.98875,346448.17504999996,1,amount,,
2023-02-23,EXIT_MIDLINE,399986.SZ,512800.SH,185500,1.084,201082.0,50.2705,547479.90455,1,amount,1012.7372500000155,16.0
2023-02-28,ENTRY,399989.SZ,512170.SH,388300,0.515,199974.5,49.993625,347455.410925,1,amount,,
2023-03-13,ADD,980086.CNI,159992.SZ,210500,0.9500000000000001,199975.0,49.99375,147430.41717499998,2,amount,,
2023-03-21,ADD,399989.SZ,512170.SH,307700,0.47900000000000004,147388.30000000002,36.847075000000004,5.2700999999651685,2,amount,,
2023-03-27,EXIT_MIDLINE,980086.CNI,159992.SZ,413500,0.9480000000000001,391998.0,97.9995,391905.2706,2,amount,-8129.98200000001,38.0
2023-03-27,EXIT_MIDLINE,399989.SZ,512170.SH,696000,0.5,348000.0,87.0,739818.2705999999,2,amount,463.35929999994653,27.0
2023-03-30,ENTRY,399967.SZ,512660.SH,184500,1.084,199998.0,49.9995,539770.2710999999,1,amount,,
2023-04-06,EXIT_MIDLINE,399967.SZ,512660.SH,184500,1.119,206455.5,51.613875,746174.1572249999,1,amount,6355.886625000002,7.0
2023-04-13,ENTRY,399987.SZ,512690.SH,236400,0.846,199994.4,49.998599999999996,546129.7586249999,1,amount,,
2023-04-13,ENTRY,000126.SH,515650.SH,161100,1.241,199925.1,49.981275000000004,346154.6773499999,1,amount,,
2023-04-24,ADD,000126.SH,515650.SH,163300,1.224,199879.19999999998,49.9698,146225.50754999992,2,amount,,
2023-05-15,ADD,399987.SZ,512690.SH,182000,0.803,146146.0,36.536500000000004,42.97104999993462,2,amount,,
2023-05-22,EXIT_MIDLINE,399987.SZ,512690.SH,418400,0.8200000000000001,343088.0,85.772,343045.19904999994,2,amount,-3224.7070999999332,39.0
2023-05-22,EXIT_MIDLINE,000126.SH,515650.SH,324400,1.196,387982.39999999997,96.9956,730930.6034499998,2,amount,-12018.846674999979,39.0
2023-05-24,ENTRY,399965.SZ,159707.SZ,244400,0.8180000000000001,199919.2,49.979800000000004,530961.4236499998,1,amount,,
2023-05-25,ENTRY,000300.SH,510300.SH,51900,3.852,199918.8,49.9797,330992.6439499998,1,amount,,
2023-05-26,ADD,399965.SZ,159707.SZ,252200,0.793,199994.6,49.998650000000005,130948.04529999982,2,amount,,
2023-06-06,EXIT_MIDLINE,399965.SZ,159707.SZ,496600,0.8250000000000001,409695.00000000006,102.42375000000001,540540.6215499998,2,amount,9578.797799999978,13.0
2023-06-07,ENTRY,399989.SZ,512170.SH,458700,0.436,199993.2,49.9983,340497.42324999976,1,amount,,
2023-06-09,ADD,399989.SZ,512170.SH,467200,0.428,199961.6,49.9904,140485.83284999974,2,amount,,
2023-06-12,EXIT_MIDLINE,000300.SH,510300.SH,51900,3.864,200541.6,50.135400000000004,340977.2974499997,1,amount,522.6848999999982,18.0
2023-06-15,EXIT_MIDLINE,399989.SZ,512170.SH,925900,0.445,412025.5,103.006375,752899.7910749997,2,amount,11867.70492499998,8.0
2023-06-27,ENTRY,399986.SZ,512800.SH,188600,1.06,199916.0,49.979,552933.8120749998,1,amount,,
2023-06-27,ENTRY,399995.SZ,516970.SH,171800,1.164,199975.19999999998,49.99379999999999,352908.6182749998,1,amount,,
2023-06-30,EXIT_MIDLINE,399995.SZ,516970.SH,171800,1.213,208393.40000000002,52.09835,561249.9199249998,1,amount,8316.107850000019,3.0
2023-07-03,EXIT_MIDLINE,399986.SZ,512800.SH,188600,1.086,204819.6,51.2049,766018.3150249998,1,amount,4802.416100000012,6.0
2023-07-19,ENTRY,399986.SZ,512800.SH,184300,1.085,199965.5,49.991375,566002.8236499998,1,amount,,
2023-07-19,EXIT_MIDLINE,399986.SZ,512800.SH,184300,1.075,198122.5,49.530625,764075.7930249998,1,amount,-1942.5220000000324,0.0
2023-07-20,ENTRY,000827.SH,159861.SZ,185300,1.079,199938.69999999998,49.984674999999996,564087.1083499998,1,amount,,
2023-07-21,ENTRY,000852.SH,159845.SZ,77200,2.589,199870.8,49.9677,364166.3406499998,1,amount,,
2023-07-24,ADD,000827.SH,159861.SZ,188300,1.062,199974.6,49.99365,164141.7469999998,2,amount,,
2023-07-31,EXIT_MIDLINE,000827.SH,159861.SZ,373600,1.083,404608.8,101.1522,568649.3947999998,2,amount,4494.369474999954,11.0
2023-07-31,EXIT_MIDLINE,000852.SH,159845.SZ,77200,2.617,202032.4,50.5081,770631.2866999998,1,amount,2061.1241999999943,10.0
2023-08-08,ENTRY,980086.CNI,159992.SZ,252500,0.792,199980.0,49.995000000000005,570601.2916999998,1,amount,,
2023-08-10,ENTRY,399967.SZ,512660.SH,190200,1.051,199900.19999999998,49.975049999999996,370651.11664999987,1,amount,,
2023-08-11,EXIT_MIDLINE,980086.CNI,159992.SZ,252500,0.8250000000000001,208312.50000000003,52.07812500000001,578911.5385249999,1,amount,8230.426875000028,3.0
2023-08-14,ENTRY,000852.SH,159845.SZ,78900,2.5340000000000003,199932.6,49.98315,378928.9553749999,1,amount,,
2023-08-14,ADD,399967.SZ,512660.SH,193400,1.034,199975.6,49.993900000000004,178903.3614749999,2,amount,,
2023-08-16,ADD,000852.SH,159845.SZ,71000,2.5180000000000002,178778.00000000003,44.694500000000005,80.66697499985457,2,amount,,
2023-08-28,EXIT_MIDLINE,399967.SZ,512660.SH,383600,1.039,398560.39999999997,99.64009999999999,398541.4268749998,2,amount,-1515.0090500000404,18.0
2023-08-28,EXIT_MIDLINE,000852.SH,159845.SZ,149900,2.521,377897.89999999997,94.474475,776344.8523999997,2,amount,-1001.8521250000372,14.0
2023-09-15,ENTRY,399673.SZ,159949.SZ,236600,0.845,199927.0,49.98175,576367.8706499997,1,amount,,
2023-09-18,ENTRY,399432.SZ,515250.SH,239200,0.836,199971.19999999998,49.992799999999995,376346.67784999975,1,amount,,
2023-09-18,EXIT_MIDLINE,399432.SZ,515250.SH,239200,0.853,204037.6,51.0094,580333.2684499997,1,amount,3965.3978,0.0
2023-09-20,ENTRY,399282.SZ,515400.SH,251200,0.796,199955.2,49.988800000000005,380328.07964999974,1,amount,,
2023-10-10,EXIT_MIDLINE,399282.SZ,515400.SH,251200,0.8220000000000001,206486.40000000002,51.62160000000001,586762.8580499997,1,amount,6429.589600000018,20.0
2023-10-11,ENTRY,000016.SH,510100.SH,155200,1.288,199897.6,49.9744,386815.28364999965,1,amount,,
2023-10-11,EXIT_MIDLINE,399673.SZ,159949.SZ,236600,0.845,199927.0,49.98175,586692.3018999996,1,amount,-99.96350000002536,26.0
2023-10-12,ENTRY,399995.SZ,516970.SH,184100,1.086,199932.6,49.98315,386709.71874999965,1,amount,,
2023-10-12,EXIT_MIDLINE,000016.SH,510100.SH,155200,1.299,201604.8,50.401199999999996,588264.1175499996,1,amount,1606.8243999999602,1.0
2023-10-17,ENTRY,000300.SH,510300.SH,53900,3.704,199645.6,49.9114,388568.6061499996,1,amount,,
2023-10-19,ADD,000300.SH,510300.SH,54500,3.664,199688.0,49.922000000000004,188830.6841499996,2,amount,,
2023-10-23,ADD,000300.SH,510300.SH,52800,3.572,188601.6,47.150400000000005,181.93374999958905,3,amount,,
2023-10-24,ADD,399995.SZ,516970.SH,100,1.0190000000000001,101.9,5.0,75.03374999958905,2,amount,,
2023-11-01,EXIT_MIDLINE,000300.SH,510300.SH,161200,3.6630000000000003,590475.6000000001,147.61890000000002,590403.0148499997,3,amount,2245.7972999999615,15.0
2023-11-14,EXIT_MIDLINE,399995.SZ,516970.SH,184200,1.038,191199.6,47.7999,781554.8149499997,2,amount,-8937.68304999999,33.0
2023-11-27,ENTRY,000827.SH,159861.SZ,233600,0.856,199961.6,49.9904,581543.2245499997,1,amount,,
2023-11-28,ENTRY,000300.SH,510300.SH,55800,3.579,199708.2,49.92705,381785.0974999997,1,amount,,
2023-11-30,ADD,000300.SH,510300.SH,56200,3.5580000000000003,199959.6,49.989900000000006,181775.5075999997,2,amount,,
2023-12-06,ADD,000300.SH,510300.SH,52500,3.457,181492.5,45.373125,237.6344749996788,3,amount,,
2023-12-28,EXIT_MIDLINE,000300.SH,510300.SH,164500,3.438,565551.0,141.38775,565647.2467249997,3,amount,-15895.97782500007,30.0
2024-01-09,ENTRY,000852.SH,159845.SZ,89400,2.236,199898.40000000002,49.97460000000001,365698.87212499976,1,amount,,
2024-01-18,ADD,000852.SH,159845.SZ,92200,2.1670000000000003,199797.40000000002,49.94935000000001,165851.52277499973,2,amount,,
2024-01-23,ADD,000852.SH,159845.SZ,82600,2.0060000000000002,165695.6,41.4239,114.49887499972829,3,amount,,
2026-09-03,EXIT_FINAL,000063.SH,510110.SH,62600,3.1937982500000004,199931.77045,49.982942612500004,199996.28638238725,1,amount,-49.982942612500004,4055.0
2026-09-03,EXIT_FINAL,000827.SH,159861.SZ,233600,0.856214,200011.59040000002,50.002897600000004,399957.87388478726,1,amount,-50.002897600000004,1011.0
2026-09-03,EXIT_FINAL,000852.SH,159845.SZ,264200,2.140547872255867,565532.74785,141.38318696250002,965349.2385478248,3,amount,-141.38318696250002,968.0
