phase,P5
title,Portfolio Capital Architecture — Capacity / Capital-Lock Diagnostic
status,PREREGISTERED (P5-A) — DEVELOPMENT DIAGNOSTIC / WAITING EXTERNAL AUDIT
sample,2020-01-01..2024-12-31 Development; 2025-2026 CLOSED
baseline,P4 A0 exact parity: K=3, max_levels=5, layer target 200000 RMB, initial capital 1000000, amount Top10, 10bp frozen slippage, STRICT_C executable tick, T+1, 100-share lot, PIT ST, listing>=60d, ETF OFF pure-stock, natural dynamic BB exit
baseline_parity_targets,total +30.295093786122408% ; stock_pnl 302950.9378612245 ; trades 76 ; MaxDD -30.78972881784398% ; Sharpe 0.3467648252149691 (P4 A0 / P3 B0 / G0 t3 frozen)
engine,run_fast_multi_strict_c_atr imported from portfolio_architecture_p4.py (frozen, unchanged); record_actions=True; etf_enabled=False; day_range=(0,N2024); entry_rank_mode=amount_top10
daily_ledger_sources,equity_curve (date/equity/cash/stock_val/n_pos/invested) directly from engine; layers/free_slots/blocked counts aggregated deterministically from engine action log (ac) + ledger + exec_log (no path reconstruction, no decision change)
blocked_reason_precedence,FROZEN: 1 HELD > 2 EXECUTION > 3 K > 4 CASH > 5 LOT > 6 OTHER; candidate-event classification: ADMITTED=QUEUED&EXECUTED; BLOCKED_HELD=ledger BLOCKED_HELD; BLOCKED_K=ledger BLOCKED_K (incl. exec DROPPED_K_HELD); BLOCKED_CASH=QUEUED & exec NO_CASH; BLOCKED_LOT=QUEUED & exec NO_LOT; BLOCKED_EXECUTION=QUEUED & exec in {CARRY_LIMITUP, MISSING}; BLOCKED_OTHER=residual
independent_join_key,(signal_date, ts_code) exact join on results/evidence/fullmarket/fullmarket_episode_metrics.csv (frozen V2A dev episodes); outcome columns simple_return_pct / hold_days / MAE_close_pct / time_to_break_even_days / exit_date / pnl
independent_inference,event-day equal weight primary; HAC maxlags=10; calendar block bootstrap L=21 B=2000 seed=0 on full 2020-2024 trading calendar (NaN drop after resample)
age_bins,position age 0-5 / 6-10 / 11-20 / 21-40 / 41-60 / 61-90 / 91-120 / 120+ trading days
layer_accounting,same-exit matched-share FROZEN: layer gross pnl = layer_shares * (natural_exit_exec_price - layer_buy_price); layer net pnl = gross - share of total exit fees proportional to layer amount / total cost; layer return = net pnl / layer cost; holding duration after layer = exit_date - layer_date; eventual outcome = trade return_pct
capital_shadow,SHADOW/COUNTERFACTUAL diagnostic only (NOT realizable portfolio pnl): for blocked candidates with independent coverage, normalized pnl = simple_return_pct/100 * 200000; missed_positive = sum(normalized pnl>0); avoided_negative = -sum(normalized pnl<0); net = missed - avoided; explicitly NOT an achievable-portfolio claim
virtual_queue,diagnostic only (no delayed entry executed): for BLOCKED_K/BLOCKED_CASH candidates, wait_days = first trading day after signal_date with (n_pos<K) AND (cash>=200000), else NA (never released); tp_before_release = independent exit_date - signal_date <= wait_days (natural exit already triggered before release); also report time_to_break_even_days vs wait_days
occupancy_concentration,positions ranked by slot-days; top 5/10/20% shares of slot-days and capital-days; HHI on slot-days shares
classification,A=CLEAR ARCHITECTURAL BOTTLENECK (single mechanism explains >=50% of blocked opportunity or capital lock, stats+path consistent) ; B=MULTIPLE MATERIAL BOTTLENECKS (>=2 mechanisms material, no single >=50% dominant) ; C=BOTTLENECK EXISTS BUT ECONOMIC RELEVANCE UNCLEAR (mechanical blocking clear but blocked quality/shadow does not support economic importance) ; D=NO MATERIAL ARCHITECTURAL BOTTLENECK
hard_invariants,I1 P4 A0 exact parity ; I2 candidate universe unchanged ; I3 entry signal unchanged ; I4 natural exit unchanged ; I5 cost/slippage unchanged ; I6 no predictor ; I7 no market/layer gate ; I8 no new admission rule executed ; I9 independent outcome diagnostic-only never affects portfolio path ; I10 same-exit matched-share layer attribution ; I11 no 2025+ read ; I12 all previous registry SHA unchanged
next_lever_candidates,(registry only, no testing this phase) A slot reservation / B capital reservation / C add-budget separation / D queue deferred admission / E dynamic position sizing / F none
prereg_commit,P5-A (before any outcome)
deliverables,research/portfolio/portfolio_architecture_p5.py ; PORTFOLIO_ARCHITECTURE_P5.md ; research/portfolio/registries/PORTFOLIO_ARCHITECTURE_P5_REGISTRY.csv (+.sha256) ; results/evidence/p5/ (14 files)
