date,day_idx,breadth_pct,b20_count,prior_trading_days,ref_p80,panic80
2020-02-06,19,0.0068085106382978,24,19,,0
2020-02-07,20,0.0005665722379603,2,20,,0
2020-02-13,24,0.0002830455703368,1,24,,0
2020-02-20,29,0.0002824858757062,1,29,,0
2020-02-24,31,0.0002822466836014,1,31,,0
2020-02-25,32,0.0002821670428893,1,32,,0
2020-02-26,33,0.0005641748942172,2,33,,0
2020-02-27,34,0.0014100394811054,5,34,,0
2020-02-28,35,0.0318668922729836,113,35,,0
2020-03-02,36,0.001410437235543,5,36,,0
2020-03-03,37,0.0005640157924421,2,37,,0
2020-03-04,38,0.0008462623413258,3,38,,0
2020-03-09,41,0.0287243030132357,102,41,,0
2020-03-10,42,0.000563063063063,2,42,,0
2020-03-11,43,0.0019707207207207,7,43,,0
2020-03-12,44,0.0278716216216216,99,44,,0
2020-03-13,45,0.0717501406865503,255,45,,0
2020-03-16,46,0.2175626231353785,773,46,,0
2020-03-17,47,0.03125,111,47,,0
2020-03-18,48,0.0579791725302561,206,48,,0
2020-03-19,49,0.0087152094461624,31,49,,0
2020-03-20,50,0.0016858668165214,6,50,,0
2020-03-23,51,0.0334175793316484,119,51,,0
2020-03-24,52,0.0050547598989048,18,52,,0
2020-03-26,54,0.0005611672278338,2,54,,0
2020-03-27,55,0.0025245441795231,9,55,,0
2020-03-30,56,0.0252454417952314,90,56,,0
2020-03-31,57,0.0092566619915848,33,57,,0
2020-04-01,58,0.0056069526212503,20,58,,0
2020-04-02,59,0.0005605381165919,2,59,,0
2020-04-03,60,0.0002802690582959,1,60,,0
2020-04-07,61,0.0002805836139169,1,61,,0
2020-04-08,62,0.0002802690582959,1,62,,0
2020-04-10,64,0.000560695262125,2,64,,0
2020-04-13,65,0.0100896860986547,36,65,,0
2020-04-15,67,0.0002803476310625,1,67,,0
2020-04-16,68,0.0016792611251049,6,68,,0
2020-04-17,69,0.0019580419580419,7,69,,0
2020-04-20,70,0.0008389261744966,3,70,,0
2020-04-21,71,0.0064335664335664,23,71,,0
2020-04-22,72,0.0016783216783216,6,72,,0
2020-04-23,73,0.0033557046979865,12,73,,0
2020-04-24,74,0.029090909090909,104,74,,0
2020-04-27,75,0.0271404588696138,97,75,,0
2020-04-28,76,0.0965207631874298,344,76,,0
2020-04-29,77,0.0225415610030994,80,77,,0
2020-04-30,78,0.0042565266742338,15,78,,0
2020-05-06,79,0.0011363636363636,4,79,,0
2020-05-07,80,0.0022701475595913,8,80,,0
2020-05-08,81,0.0002834467120181,1,81,,0
2020-05-11,82,0.0011337868480725,4,82,,0
2020-05-12,83,0.0022656471254602,8,83,,0
2020-05-13,84,0.0005659309564233,2,84,,0
2020-05-14,85,0.0053733031674208,19,85,,0
2020-05-15,86,0.001696352841391,6,86,,0
2020-05-18,87,0.0045261669024045,16,87,,0
2020-05-19,88,0.0019813189923577,7,88,,0
2020-05-20,89,0.0033946251768033,12,89,,0
2020-05-21,90,0.0132880972575629,47,90,,0
2020-05-22,91,0.0338983050847457,120,91,,0
2020-05-25,92,0.016671376094942,59,92,,0
2020-05-26,93,0.0005649717514124,2,93,,0
2020-05-27,94,0.0042420814479638,15,94,,0
2020-05-28,95,0.0062164453235377,22,95,,0
2020-05-29,96,0.0036733540548177,13,96,,0
2020-06-01,97,0.0002828854314002,1,97,,0
2020-06-02,98,0.0005656108597285,2,98,,0
2020-06-04,100,0.0008474576271186,3,100,,0
2020-06-08,102,0.0022560631697687,8,102,,0
2020-06-09,103,0.0008460236886632,3,103,,0
2020-06-10,104,0.0008460236886632,3,104,,0
2020-06-11,105,0.0031012122920778,11,105,,0
2020-06-12,106,0.005641748942172,20,106,,0
2020-06-15,107,0.0115590639977445,41,107,,0
2020-06-16,108,0.0008453085376162,3,108,,0
2020-06-17,109,0.0011270780501549,4,109,,0
2020-06-18,110,0.0005633802816901,2,110,,0
2020-06-19,111,0.0008450704225352,3,111,,0
2020-06-22,112,0.0019729425028184,7,112,,0
2020-06-23,113,0.0064861816130851,23,113,,0
2020-06-24,114,0.0152413209144792,54,114,,0
2020-06-29,115,0.0493931696302568,175,115,,0
2020-06-30,116,0.0005652911249293,2,116,,0
2020-07-01,117,0.0025430912687199,9,117,,0
2020-07-02,118,0.0002825656965244,1,118,,0
2020-07-03,119,0.0002825656965244,1,119,,0
2020-07-07,121,0.0002825656965244,1,121,,0
2020-07-08,122,0.0005646527385657,2,122,,0
2020-07-16,128,0.0101437024513947,36,128,,0
2020-07-17,129,0.0053506054632497,19,129,,0
2020-07-20,130,0.0014088475626937,5,130,,0
2020-07-22,132,0.0002812148481439,1,132,,0
2020-07-23,133,0.0011242270938729,4,133,,0
2020-07-24,134,0.0261309356560831,93,134,,0
2020-07-27,135,0.0106771565046361,38,135,,0
2020-07-28,136,0.0005619556055071,2,136,,0
2020-07-30,138,0.0005610098176718,2,138,,0
2020-07-31,139,0.0002804262478968,1,139,,0
2020-08-04,141,0.0002801120448179,1,141,,0
2020-08-07,144,0.0025210084033613,9,144,,0
2020-08-10,145,0.0013989927252378,5,145,,0
2020-08-11,146,0.0056006720806496,20,146,,0
2020-08-12,147,0.025741466144376,92,147,,0
2020-08-13,148,0.0039149888143176,14,148,,0
2020-08-14,149,0.0008384572386808,3,149,,0
2020-08-17,150,0.0002795638803466,1,150,,0
2020-08-18,151,0.0002795638803466,1,151,,0
2020-08-19,152,0.0036333147009502,13,152,,0
2020-08-20,153,0.0069851913942442,25,153,,0
2020-08-21,154,0.0027948574622694,10,154,,0
2020-08-24,155,0.0022352612461581,8,155,,0
2020-08-25,156,0.0058692006707657,21,156,,0
2020-08-26,157,0.062587314892428,224,157,,0
2020-08-27,158,0.0078190449595085,28,158,,0
2020-08-28,159,0.0033510192683607,12,159,,0
2020-08-31,160,0.0050251256281407,18,160,,0
2020-09-01,161,0.004466778336125,16,161,,0
2020-09-02,162,0.006694560669456,24,162,,0
2020-09-03,163,0.0083658672615727,30,163,,0
2020-09-04,164,0.0114365411436541,41,164,,0
2020-09-07,165,0.0566248256624825,203,165,,0
2020-09-08,166,0.0128205128205128,46,166,,0
2020-09-09,167,0.0848687883863763,304,167,,0
2020-09-10,168,0.1424986056887897,511,168,,0
2020-09-11,169,0.0089235917456776,32,169,,0
2020-09-14,170,0.001953125,7,170,,0
2020-09-15,171,0.0027870680044593,10,171,,0
2020-09-16,172,0.005292479108635,19,172,,0
2020-09-17,173,0.0050097411633732,18,173,,0
2020-09-18,174,0.0002780094523213,1,174,,0
2020-09-21,175,0.0011123470522803,4,175,,0
2020-09-22,176,0.0086087198000555,31,176,,0
2020-09-23,177,0.0025,9,177,,0
2020-09-24,178,0.05941143808995,214,178,,0
2020-09-25,179,0.0177481974486966,64,179,,0
2020-09-28,180,0.0347222222222222,125,180,,0
2020-09-29,181,0.0038845726970033,14,181,,0
2020-09-30,182,0.0113699389905712,41,182,,0
2020-10-09,183,0.0013846579894765,5,183,,0
2020-10-12,184,0.0002768549280177,1,184,,0
2020-10-13,185,0.0005529444290848,2,185,,0
2020-10-14,186,0.001935305501797,7,186,,0
2020-10-15,187,0.0027631942525559,10,187,,0
2020-10-16,188,0.0024855012427506,9,188,,0
2020-10-19,189,0.0052413793103448,19,189,,0
2020-10-20,190,0.0013781697905181,5,190,,0
2020-10-21,191,0.0049614112458654,18,191,,0
2020-10-22,192,0.0063221550302363,23,192,,0
2020-10-23,193,0.0206043956043956,75,193,,0
2020-10-26,194,0.0167628469359714,61,194,,0
2020-10-27,195,0.0074155451798956,27,195,,0
2020-10-28,196,0.0115321252059308,42,196,,0
2020-10-29,197,0.0123490669593852,45,197,,0
2020-10-30,198,0.074033452152454,270,198,,0
2020-11-02,199,0.0372500684743905,136,199,,0
2020-11-03,200,0.0016433853738701,6,200,,0
2020-11-04,201,0.0019167579408543,7,201,,0
2020-11-05,202,0.0013683634373289,5,202,,0
2020-11-06,203,0.0076586433260393,28,203,,0
2020-11-09,204,0.0008190008190008,3,204,,0
2020-11-10,205,0.0032742155525238,12,205,,0
2020-11-11,206,0.0128170166348513,47,206,,0
2020-11-12,207,0.0062653228003268,23,207,,0
2020-11-13,208,0.0038157536113382,14,208,,0
2020-11-16,209,0.0057236304170073,21,209,,0
2020-11-17,210,0.0114285714285714,42,210,,0
2020-11-18,211,0.0054347826086956,20,211,,0
2020-11-19,212,0.0013583265417006,5,212,,0
2020-11-20,213,0.0008145533532446,3,213,,0
2020-11-23,214,0.0024423337856173,9,214,,0
2020-11-24,215,0.0037827614158335,14,215,,0
2020-11-25,216,0.0172832838239265,64,216,,0
2020-11-26,217,0.0113299163744267,42,217,,0
2020-11-27,218,0.0062061521856449,23,218,,0
2020-11-30,219,0.0099757346993798,37,219,,0
2020-12-01,220,0.0010778765831312,4,220,,0
2020-12-02,221,0.0035030988951765,13,221,,0
2020-12-03,222,0.0048452220726783,18,222,,0
2020-12-04,223,0.0018817204301075,7,223,,0
2020-12-07,224,0.0150618612157073,56,224,,0
2020-12-08,225,0.0137023105857066,51,225,,0
2020-12-09,226,0.1036519871106337,386,226,,0
2020-12-10,227,0.0284563758389261,106,227,,0
2020-12-11,228,0.1010994904800214,377,228,,0
2020-12-14,229,0.016876506830967,63,229,,0
2020-12-15,230,0.015804982587731,59,230,,0
2020-12-16,231,0.0289079229122055,108,231,,0
2020-12-17,232,0.0072173215717722,27,232,,0
2020-12-18,233,0.0088117489986648,33,233,,0
2020-12-21,234,0.0042700827328529,16,234,,0
2020-12-22,235,0.0266737796745798,100,235,,0
2020-12-23,236,0.0106553010122535,40,236,,0
2020-12-24,237,0.0412782956058588,155,237,,0
2020-12-25,238,0.0090473656200106,34,238,,0
2020-12-28,239,0.0199362041467304,75,239,,0
2020-12-29,240,0.0098065200106016,37,240,,0
2020-12-30,241,0.0039745627980922,15,241,,0
2020-12-31,242,0.0013238019592268,5,242,,0
2021-01-04,243,0.0013227513227513,5,243,,0
2021-01-05,244,0.0058170280274986,22,244,,0
2021-01-06,245,0.0081967213114754,31,245,,0
2021-01-07,246,0.0348837209302325,132,246,,0
2021-01-08,247,0.0097702667018748,37,247,,0
2021-01-11,248,0.0338177014531043,128,248,,0
2021-01-12,249,0.0076577766041721,29,249,,0
2021-01-13,250,0.0211137503299023,80,250,,0
2021-01-14,251,0.0113486408023225,43,251,,0
2021-01-15,252,0.0013199577613516,5,252,0.015692250253080648,0
2021-01-18,253,0.000263852242744,1,253,0.015579517918430293,0
2021-01-19,254,0.0013178703215603,5,254,0.015466785583779924,0
2021-01-20,255,0.0010545742156604,4,255,0.01535405324912957,0
2021-01-21,256,0.0002635046113306,1,256,0.0152413209144792,0
2021-01-22,257,0.0063141278610891,24,257,0.015205428974724822,0
2021-01-25,258,0.0142067876874506,54,258,0.015169537034970444,0
2021-01-26,259,0.0149921094160967,57,259,0.015133645095216062,0
2021-01-27,260,0.004471330878485,17,260,0.015097753155461684,0
2021-01-28,261,0.0170827858081471,65,261,0.0150618612157073,1
2021-01-29,262,0.0241533210816487,92,262,0.015205428974724822,1
2021-02-01,263,0.0102308499475341,39,263,0.015579517918430293,0
2021-02-02,264,0.0062959076600209,24,264,0.015466785583779924,0
2021-02-03,265,0.019931812221348,76,265,0.01535405324912957,1
2021-02-04,266,0.0346093340325118,132,266,0.015804982587731,1
2021-02-05,267,0.0222863135815416,85,267,0.01649809739349981,1
2021-02-08,268,0.00786782061369,30,268,0.016726258599559642,0
2021-02-09,269,0.0013109596224436,5,269,0.01670796443135376,0
2021-02-10,270,0.001047668936616,4,270,0.016689670263147882,0
2021-02-18,271,0.0007861635220125,3,271,0.016671376094942,0
2021-02-19,272,0.0005239717055279,2,272,0.01649809739349981,0
2021-02-22,273,0.0070736180246266,27,273,0.01632481869205762,0
2021-02-23,274,0.0041895784236711,16,274,0.016151539990615405,0
2021-02-24,275,0.0075896362208845,29,275,0.015978261289173217,0
2021-02-25,276,0.0052328623757195,20,276,0.015804982587731,0
2021-02-26,277,0.0049712192569335,19,277,0.015692250253080648,0
2021-03-01,278,0.0007851347814708,3,278,0.015579517918430293,0
2021-03-02,279,0.0002617115938236,1,279,0.015466785583779924,0
2021-03-04,281,0.0052301255230125,20,281,0.01535405324912957,0
2021-03-05,282,0.0020898641588296,8,282,0.0152413209144792,0
2021-03-08,283,0.0138417341342387,53,283,0.015205428974724822,0
2021-03-09,284,0.0258350730688935,99,284,0.015169537034970444,1
2021-03-10,285,0.0086071987480438,33,285,0.015466785583779924,0
2021-03-11,286,0.0002608922515001,1,286,0.01535405324912957,0
2021-03-12,287,0.0023468057366362,9,287,0.0152413209144792,0
2021-03-15,288,0.0075520833333333,29,288,0.015205428974724822,0
2021-03-16,289,0.0018219677251431,7,289,0.015169537034970444,0
2021-03-17,290,0.000260078023407,1,290,0.015133645095216062,0
2021-03-18,291,0.0020795425006498,8,291,0.015097753155461684,0
2021-03-19,292,0.0023388773388773,9,292,0.0150618612157073,0
2021-03-22,293,0.0010368066355624,4,293,0.015047910855785182,0
2021-03-23,294,0.0056980056980056,22,294,0.015033960495863061,0
2021-03-24,295,0.0209627329192546,81,295,0.015020010135940941,1
2021-03-25,296,0.008533747090768,33,296,0.015097753155461684,0
2021-03-26,297,0.0007749935417204,3,297,0.0150618612157073,0
2021-03-29,298,0.0033548387096774,13,298,0.015047910855785182,0
2021-03-30,299,0.0183036865171435,71,299,0.015033960495863061,1
2021-03-31,300,0.0048994326972666,19,300,0.015133645095216062,0
2021-04-01,301,0.0033462033462033,13,301,0.015097753155461684,0
2021-04-02,302,0.0020570840833119,8,302,0.0150618612157073,0
2021-04-06,303,0.000770811921891,3,303,0.015047910855785182,0
2021-04-07,304,0.0020570840833119,8,304,0.015033960495863061,0
2021-04-08,305,0.0043668122270742,17,305,0.015020010135940941,0
2021-04-09,306,0.0064151911726969,25,306,0.01500605977601882,0
2021-04-12,307,0.0343766033863519,134,307,0.0149921094160967,1
2021-04-13,308,0.0382051282051282,149,308,0.015047910855785182,1
2021-04-14,309,0.0056381342901076,22,309,0.015169537034970444,0
2021-04-15,310,0.0125576627370579,49,310,0.015133645095216062,0
2021-04-16,311,0.0025595085743537,10,311,0.015097753155461684,0
2021-04-19,312,0.0020465592223074,8,312,0.0150618612157073,0
2021-04-20,313,0.0017902813299232,7,313,0.015047910855785182,0
2021-04-21,314,0.0043433827286663,17,314,0.015033960495863061,0
2021-04-22,315,0.0048518896833503,19,315,0.015020010135940941,0
2021-04-23,316,0.0207002300025555,81,316,0.01500605977601882,1
2021-04-26,317,0.0214614205416453,84,317,0.0150618612157073,1
2021-04-27,318,0.0471311475409836,184,318,0.015205428974724822,1
2021-04-28,319,0.0261203585147247,102,319,0.015579517918430293,1
2021-04-29,320,0.0159178433889602,62,320,0.016151539990615405,0
2021-04-30,321,0.0500645161290322,194,321,0.01606854993015657,1
2021-05-06,322,0.0188338493292053,73,322,0.016671376094942,1
2021-05-07,323,0.019339865910263,75,323,0.01674455276776552,1
2021-05-10,324,0.0229263266357547,89,324,0.01683104287296876,1
2021-05-11,325,0.0064333504889346,25,325,0.016959018421839042,0
2021-05-12,326,0.0028277634961439,11,326,0.016917762626403023,0
2021-05-13,327,0.0066717988196048,26,327,0.016876506830967,0
2021-05-14,328,0.000769033581133,3,328,0.01685377485196788,0
2021-05-17,329,0.0046047582501918,18,329,0.01683104287296876,0
2021-05-18,330,0.0063889598773319,25,330,0.01680831089396964,0
2021-05-19,331,0.0071446797652462,28,331,0.016785578914970522,0
2021-05-20,332,0.0086624203821656,34,332,0.0167628469359714,0
2021-05-21,333,0.0035668789808917,14,333,0.01674455276776552,0
2021-05-24,334,0.0028025477707006,11,334,0.016726258599559642,0
2021-05-25,335,0.0020356234096692,8,335,0.01670796443135376,0
2021-05-26,336,0.0002540650406504,1,336,0.016689670263147882,0
2021-05-27,337,0.0005076142131979,2,337,0.016671376094942,0
2021-05-28,338,0.0032978183663115,13,338,0.01652066955374565,0
2021-05-31,339,0.0020278833967046,8,339,0.016369963012549296,0
2021-06-01,340,0.0012671059300557,5,340,0.016219256471352923,0
2021-06-02,341,0.0060790273556231,24,341,0.01606854993015657,0
2021-06-03,342,0.0053151100987091,21,342,0.0159178433889602,0
2021-06-04,343,0.0083459787556904,33,343,0.01589527122871436,0
2021-06-07,344,0.0060682680151706,24,344,0.015872699068468523,0
2021-06-08,345,0.0060652009097801,24,345,0.01585012690822268,0
2021-06-09,346,0.005304369790351,21,346,0.015827554747976844,0
2021-06-10,347,0.0063115374905326,25,347,0.015804982587731,0
2021-06-11,348,0.0206861755802219,82,348,0.015692250253080648,1
2021-06-15,349,0.0565371024734982,224,349,0.015872699068468523,1
2021-06-16,350,0.045947992931078,182,350,0.016219256471352923,1
2021-06-17,351,0.013363590519415,53,351,0.016689670263147882,0
2021-06-18,352,0.0093316519546027,37,352,0.016671376094942,0
2021-06-21,353,0.0047907211296016,19,353,0.01652066955374565,0
2021-06-22,354,0.0020135917442738,8,354,0.016369963012549296,0
2021-06-23,355,0.0020125786163522,8,355,0.016219256471352923,0
2021-06-24,356,0.0065375911491073,26,356,0.01606854993015657,0
2021-06-25,357,0.0027610441767068,11,357,0.0159178433889602,0
2021-06-28,358,0.0025068939583855,10,358,0.01589527122871436,0
2021-06-29,359,0.0172759138708062,69,359,0.015872699068468523,1
2021-06-30,360,0.0055068836045056,22,360,0.016219256471352923,0
2021-07-01,361,0.0300150075037518,120,361,0.01606854993015657,1
2021-07-02,362,0.0327663831915958,131,362,0.016671376094942,1
2021-07-05,363,0.0092453773113443,37,363,0.01674455276776552,0
2021-07-06,364,0.0069912609238451,28,364,0.016726258599559642,0
2021-07-07,365,0.0027458811782326,11,365,0.01670796443135376,0
2021-07-08,366,0.0167040638244826,67,366,0.016689670263147882,1
2021-07-09,367,0.007719123505976,31,367,0.0167040638244826,0
2021-07-12,368,0.002488800398208,10,368,0.01669752627857448,0
2021-07-13,369,0.0034851879512073,14,369,0.01669098873266636,0
2021-07-14,370,0.0087064676616915,35,370,0.01668445118675824,0
2021-07-15,371,0.0325951729285892,131,371,0.01667791364085012,1
2021-07-16,372,0.0124254473161033,50,372,0.0167040638244826,0
2021-07-19,373,0.022100819468587,89,373,0.01669752627857448,1
2021-07-20,374,0.0089263575502107,36,374,0.01673933369137588,0
2021-07-21,375,0.0024789291026276,10,375,0.016727577069078122,0
2021-07-22,376,0.0057015369360436,23,376,0.01671582044678036,0
2021-07-23,377,0.0280049566294919,113,377,0.0167040638244826,1
2021-07-26,378,0.0641406636948984,259,378,0.01675109031367364,1
2021-07-27,379,0.049233052944087,199,379,0.01683104287296876,1
2021-07-28,380,0.1075135936727632,435,380,0.016959018421839046,1
2021-07-29,381,0.0032106693010619,13,381,0.01712141142067892,0
2021-07-30,382,0.0051826258637709,21,382,0.0170827858081471,0
2021-08-02,383,0.000740192450037,3,383,0.01704153001271108,0
2021-08-03,384,0.001233045622688,5,384,0.017000274217275065,0
2021-08-04,385,0.0004924895345973,2,385,0.016959018421839046,0
2021-08-05,386,0.0019685039370078,8,386,0.01691776262640302,0
2021-08-06,387,0.0009830425165888,4,387,0.016876506830967,0
2021-08-09,388,0.0002456398919184,1,388,0.01685377485196788,0
2021-08-10,389,0.0002453385672227,1,389,0.01683104287296876,0
2021-08-11,390,0.0004906771344455,2,390,0.016808310893969645,0
2021-08-12,391,0.0004904364884747,2,391,0.01678557891497052,0
2021-08-13,392,0.0024497795198432,10,392,0.0167628469359714,0
2021-08-16,393,0.0014698677119059,6,393,0.01675109031367364,0
2021-08-17,394,0.017634092578986,72,394,0.01673933369137588,1
2021-08-18,395,0.0070991432068543,29,395,0.016808310893969645,0
2021-08-19,396,0.0051369863013698,21,396,0.01678557891497052,0
2021-08-20,397,0.0136919315403422,56,397,0.0167628469359714,0
2021-08-23,398,0.0017106549364613,7,398,0.01675109031367364,0
2021-08-24,399,0.0012218963831867,5,399,0.01673933369137588,0
2021-08-25,400,0.0012215978499877,5,400,0.016727577069078122,0
2021-08-26,401,0.0095191603612399,39,401,0.01671582044678036,0
2021-08-27,402,0.0146412884333821,60,402,0.0167040638244826,0
2021-08-30,403,0.0185456320156173,76,403,0.01669752627857448,1
2021-08-31,404,0.0146341463414634,60,404,0.01673933369137588,0
2021-09-01,405,0.0151182638380882,62,405,0.016727577069078122,0
2021-09-02,406,0.0041453304072177,17,406,0.01671582044678036,0
2021-09-03,407,0.0060945880058508,25,407,0.0167040638244826,0
2021-09-06,408,0.0004874482086278,2,408,0.01669752627857448,0
2021-09-07,409,0.0004869734599464,2,409,0.01669098873266636,0
2021-09-08,410,0.0009732360097323,4,410,0.01668445118675824,0
2021-09-09,411,0.001215362177929,5,411,0.01667791364085012,0
2021-09-10,412,0.0014570179698882,6,412,0.016671376094942,0
2021-09-13,413,0.0055811696190245,23,413,0.01652066955374565,0
2021-09-14,414,0.0070320077594568,29,414,0.016369963012549296,0
2021-09-15,415,0.0053333333333333,22,415,0.016219256471352944,0
2021-09-16,416,0.0206160562697065,85,416,0.01606854993015655,1
2021-09-17,417,0.0235151515151515,97,417,0.016671376094942,1
2021-09-22,418,0.0157575757575757,65,418,0.01669752627857448,0
2021-09-23,419,0.0016965584100824,7,419,0.01669098873266636,0
2021-09-24,420,0.0307580527972874,127,420,0.01668445118675824,1
2021-09-27,421,0.1198837490917897,495,421,0.01671582044678036,1
2021-09-28,422,0.0191190706679574,79,422,0.0167628469359714,1
2021-09-29,423,0.0868408321238509,359,423,0.01685377485196788,1
2021-09-30,424,0.0024172105390379,10,424,0.017000274217275065,0
2021-10-08,425,0.0016900048285852,7,425,0.016959018421839046,0
2021-10-11,426,0.0038610038610038,16,426,0.01691776262640302,0
2021-10-12,427,0.0204868643046517,85,427,0.016876506830967,1
2021-10-13,428,0.0118072289156626,49,428,0.01704153001271108,0
2021-10-14,429,0.0052986512524084,22,429,0.017000274217275065,0
2021-10-15,430,0.0115606936416184,48,430,0.016959018421839046,0
2021-10-18,431,0.0089006495068559,37,431,0.01691776262640303,0
2021-10-19,432,0.0014430014430014,6,432,0.016876506830967,0
2021-10-20,433,0.0048100048100048,20,433,0.01685377485196788,0
2021-10-21,434,0.0062469966362325,26,434,0.01683104287296876,0
2021-10-22,435,0.0105718404613166,44,435,0.016808310893969645,0
2021-10-25,436,0.0124909920730242,52,436,0.016785578914970525,0
2021-10-26,437,0.0108017282765242,45,437,0.0167628469359714,0
2021-10-27,438,0.0520383693045563,217,438,0.01675109031367364,1
2021-10-28,439,0.0601197604790419,251,439,0.01683104287296876,1
2021-10-29,440,0.0088559119195787,37,440,0.016959018421839046,0
2021-11-01,441,0.0071770334928229,30,441,0.01691776262640303,0
2021-11-02,442,0.0126673040152963,53,442,0.016876506830967,0
2021-11-03,443,0.0028673835125448,12,443,0.01685377485196788,0
2021-11-04,444,0.0016718414139001,7,444,0.01683104287296876,0
2021-11-05,445,0.0076372315035799,32,445,0.016808310893969645,0
2021-11-08,446,0.0040524433849821,17,446,0.016785578914970525,0
2021-11-09,447,0.0009537434430138,4,447,0.0167628469359714,0
2021-11-10,448,0.0009539709038874,4,448,0.01675109031367364,0
2021-11-11,449,0.0004772130756382,2,449,0.01673933369137588,0
2021-11-15,451,0.0016670635865682,7,451,0.016727577069078122,0
2021-11-16,452,0.0047596382674916,20,452,0.016715820446780362,0
2021-11-17,453,0.0004755111745126,2,453,0.0167040638244826,0
2021-11-18,454,0.0011879306248515,5,454,0.01669752627857448,0
2021-11-19,455,0.0007122507122507,3,455,0.01669098873266636,0
2021-11-22,456,0.0002373605506764,1,456,0.01668445118675824,0
2021-11-23,457,0.0009489916963226,4,457,0.016677913640850122,0
2021-11-24,458,0.0014234875444839,6,458,0.016671376094942,0
2021-11-25,459,0.0018961839298411,8,459,0.01652066955374565,0
2021-11-26,460,0.0061655205122124,26,460,0.016369963012549296,0
2021-11-29,461,0.0130393551446183,55,461,0.016219256471352944,0
2021-11-30,462,0.001659160938611,7,462,0.016068549930156592,0
2021-12-01,463,0.0021327014218009,9,463,0.0159178433889602,0
2021-12-02,464,0.00781434998816,33,464,0.01589527122871436,0
2021-12-03,465,0.0042603550295857,18,465,0.015872699068468523,0
2021-12-06,466,0.027922385234264,118,466,0.015850126908222684,1
2021-12-07,467,0.0411834319526627,174,467,0.016068549930156592,1
2021-12-08,468,0.0011825922421948,5,468,0.016671376094942,0
2021-12-09,469,0.0023640661938534,10,469,0.01652066955374565,0
2021-12-10,470,0.0021266540642722,9,470,0.016369963012549296,0
2021-12-13,471,0.0014164305949008,6,471,0.016219256471352944,0
2021-12-14,472,0.0047203209818267,20,472,0.016068549930156592,0
2021-12-15,473,0.00354024073637,15,473,0.0159178433889602,0
2021-12-16,474,0.0016505541145956,7,474,0.01589527122871436,0
2021-12-17,475,0.0129625265142587,55,475,0.015872699068468523,0
2021-12-20,476,0.036025429715093,153,476,0.015850126908222684,1
2021-12-21,477,0.002824193927983,12,477,0.016068549930156592,0
2021-12-22,478,0.0009409550693954,4,478,0.0159178433889602,0
2021-12-23,479,0.0070488721804511,30,479,0.01589527122871436,0
2021-12-24,480,0.0401596993893846,171,480,0.015872699068468523,1
2021-12-27,481,0.0124442357360882,53,481,0.016219256471352944,0
2021-12-28,482,0.0030516431924882,13,482,0.016068549930156592,0
2021-12-29,483,0.004222378606615,18,483,0.0159178433889602,0
2021-12-30,484,0.0028129395218002,12,484,0.01589527122871436,0
2021-12-31,485,0.0009378663540445,4,485,0.015872699068468523,0
2022-01-04,486,0.0053927315357561,23,486,0.015850126908222684,0
2022-01-05,487,0.0241500586166471,103,487,0.015827554747976844,1
2022-01-06,488,0.0070323488045007,30,488,0.0159178433889602,0
2022-01-07,489,0.021555763823805,92,489,0.01589527122871436,1
2022-01-10,490,0.0084328882642304,36,490,0.016369963012549296,0
2022-01-11,491,0.011938202247191,51,491,0.016219256471352944,0
2022-01-12,492,0.0014035087719298,6,492,0.016068549930156592,0
2022-01-13,493,0.0109838747370881,47,493,0.0159178433889602,0
2022-01-14,494,0.02803738317757,120,494,0.01589527122871436,1
2022-01-17,495,0.0035063113604488,15,495,0.016369963012549296,0
2022-01-18,496,0.0149462867818776,64,496,0.016219256471352944,0
2022-01-19,497,0.0077030812324929,33,497,0.016068549930156592,0
2022-01-20,498,0.0734436931685707,315,498,0.0159178433889602,1
2022-01-21,499,0.0596597529713353,256,499,0.01652066955374565,1
2022-01-24,500,0.0528767761472164,227,500,0.01669098873266636,1
2022-01-25,501,0.2033542976939203,873,501,0.016727577069078122,1
2022-01-26,502,0.0088495575221238,38,502,0.016785578914970525,0
2022-01-27,503,0.0553745928338762,238,503,0.0167628469359714,1
2022-01-28,504,0.0116279069767441,50,504,0.01685377485196788,0
2022-02-07,505,0.0051150895140664,22,505,0.01683104287296876,0
2022-02-08,506,0.0030232558139534,13,506,0.016808310893969645,0
2022-02-09,507,0.0006976744186046,3,507,0.016785578914970525,0
2022-02-10,508,0.0027881040892193,12,508,0.0167628469359714,0
2022-02-11,509,0.0055736182071528,24,509,0.01675109031367364,0
2022-02-14,510,0.0044073300858269,19,510,0.01673933369137588,0
2022-02-15,511,0.0011592858798979,5,511,0.016727577069078122,0
2022-02-16,512,0.0002317497103128,1,512,0.016715820446780362,0
2022-02-17,513,0.000926569376882,4,513,0.0167040638244826,0
2022-02-18,514,0.0002314279102059,1,514,0.01669752627857448,0
2022-02-22,516,0.0023132084200786,10,516,0.01669098873266636,0
2022-02-24,518,0.0071676300578034,31,518,0.01668445118675824,0
2022-02-25,519,0.0004624277456647,2,519,0.016677913640850122,0
2022-02-28,520,0.0034666050381326,15,520,0.016671376094942,0
2022-03-01,521,0.0006930006930006,3,521,0.01652066955374565,0
2022-03-02,522,0.0016170016170016,7,522,0.016369963012549296,0
2022-03-03,523,0.0023084025854108,10,523,0.016219256471352944,0
2022-03-04,524,0.0106162012462497,46,524,0.016068549930156592,0
2022-03-07,525,0.0339178587909552,147,525,0.0159178433889602,1
2022-03-08,526,0.1056516724336793,458,526,0.01652066955374565,1
2022-03-09,527,0.0689575645756457,299,527,0.01669098873266636,1
2022-03-10,528,0.0020751671662439,9,528,0.016727577069078122,0
2022-03-11,529,0.0020742106476146,9,529,0.016715820446780362,0
2022-03-14,530,0.0384349827387802,167,530,0.0167040638244826,1
2022-03-15,531,0.1314154200230149,571,531,0.01675109031367364,1
2022-03-16,532,0.0043718361711919,19,532,0.01683104287296876,0
2022-03-17,533,0.0004597701149425,2,533,0.016808310893969645,0
2022-03-18,534,0.0004595588235294,2,534,0.016785578914970525,0
2022-03-22,536,0.0009180628873077,4,536,0.0167628469359714,0
2022-03-23,537,0.0002294630564479,1,537,0.01675109031367364,0
2022-03-24,538,0.0020637468470534,9,538,0.01673933369137588,0
2022-03-25,539,0.0043548017419206,19,539,0.016727577069078122,0
2022-03-28,540,0.0034340659340659,15,540,0.016715820446780362,0
2022-03-29,541,0.0066376745250629,29,541,0.0167040638244826,0
2022-03-30,542,0.0006860278984678,3,542,0.01669752627857448,0
2022-03-31,543,0.0020590253946465,9,543,0.01669098873266636,0
2022-04-01,544,0.0013714285714285,6,544,0.01668445118675824,0
2022-04-06,545,0.0045724737082761,20,545,0.016677913640850122,0
2022-04-07,546,0.0086877000457247,38,546,0.016671376094942,0
2022-04-08,547,0.0146285714285714,64,547,0.01652066955374565,0
2022-04-11,548,0.0468357322366917,205,548,0.016369963012549296,1
2022-04-12,549,0.0015974440894568,7,549,0.01668445118675824,0
2022-04-13,550,0.0141423357664233,62,550,0.016677913640850122,0
2022-04-14,551,0.0034184138559708,15,551,0.016671376094942,0
2022-04-15,552,0.0298541476754785,131,552,0.01652066955374565,1
2022-04-18,553,0.0107110300820419,47,553,0.01669098873266636,0
2022-04-19,554,0.0020510483135824,9,554,0.01668445118675824,0
2022-04-20,555,0.0081985880209519,36,555,0.016677913640850122,0
2022-04-21,556,0.0591850671522877,260,556,0.016671376094942,1
2022-04-22,557,0.0238962221210741,105,557,0.01669752627857448,1
2022-04-25,558,0.1053949465058046,463,558,0.01673933369137588,1
2022-04-26,559,0.0619307832422586,272,559,0.016808310893969645,1
2022-04-27,560,0.0150273224043715,66,560,0.01691776262640303,0
2022-04-28,561,0.0116252564394802,51,561,0.016876506830967,0
2022-04-29,562,0.0004561003420752,2,562,0.01685377485196788,0
2022-05-05,563,0.0009172208209126,4,563,0.01683104287296876,0
2022-05-06,564,0.0034364261168384,15,564,0.016808310893969645,0
2022-05-09,565,0.0020613834173156,9,565,0.016785578914970525,0
2022-05-11,567,0.0002286759661559,1,567,0.0167628469359714,0
2022-05-16,570,0.0004570383912248,2,570,0.01675109031367364,0
2022-05-17,571,0.0004567252797442,2,571,0.01673933369137588,0
2022-05-24,576,0.0013670539986329,6,576,0.016727577069078122,0
2022-05-26,578,0.0009086778736937,4,578,0.016715820446780362,0
2022-05-27,579,0.0004545454545454,2,579,0.0167040638244826,0
2022-05-30,580,0.0004539264639128,2,580,0.01669752627857448,0
2022-05-31,581,0.0006801178871004,3,581,0.01669098873266636,0
2022-06-01,582,0.0002266545784224,1,582,0.01668445118675824,0
2022-06-02,583,0.0020394289598912,9,583,0.016677913640850122,0
2022-06-06,584,0.001583352182764,7,584,0.016671376094942,0
2022-06-07,585,0.0006779661016949,3,585,0.01652066955374565,0
2022-06-08,586,0.000677812923633,3,586,0.016369963012549296,0
2022-06-09,587,0.0088095775920487,39,587,0.016219256471352944,0
2022-06-10,588,0.0013534852244529,6,588,0.016068549930156592,0
2022-06-13,589,0.0038305543037404,17,589,0.0159178433889602,0
2022-06-14,590,0.0029285875197116,13,590,0.01589527122871436,0
2022-06-15,591,0.0018005851901868,8,591,0.015872699068468523,0
2022-06-16,592,0.0009009009009009,4,592,0.015850126908222684,0
2022-06-17,593,0.0002253267237494,1,593,0.015827554747976844,0
2022-06-20,594,0.0022507314877335,10,594,0.015804982587731,0
2022-06-21,595,0.0022497187851518,10,595,0.015795501221699943,0
2022-06-22,596,0.0168728908886389,75,596,0.01578601985566888,1
2022-06-23,597,0.0017989655947829,8,597,0.015850126908222684,0
2022-06-24,598,0.0004498425551057,2,598,0.015827554747976844,0
2022-06-27,599,0.0004498425551057,2,599,0.015804982587731,0
2022-06-28,600,0.0008998875140607,4,600,0.015795501221699943,0
2022-06-29,601,0.0056242969628796,25,601,0.01578601985566888,0
2022-06-30,602,0.0015740948954351,7,602,0.015776538489637823,0
2022-07-01,603,0.0042696629213483,19,603,0.01576705712360676,0
2022-07-04,604,0.0058492688413948,26,604,0.0157575757575757,0
2022-07-05,605,0.0175359712230215,78,605,0.015654324788956404,1
2022-07-06,606,0.0393081761006289,175,606,0.01578601985566888,1
2022-07-07,607,0.006513926325247,29,607,0.015850126908222684,0
2022-07-08,608,0.0013474062429822,6,608,0.015827554747976844,0
2022-07-11,609,0.0267115600448933,119,609,0.015804982587731,1
2022-07-12,610,0.0855218855218855,381,610,0.01589527122871436,1
2022-07-13,611,0.0094318437008758,42,611,0.016369963012549296,0
2022-07-14,612,0.0109939421135292,49,612,0.016219256471352944,0
2022-07-15,613,0.1022880215343203,456,613,0.016068549930156592,1
2022-07-18,614,0.0026875699888017,12,614,0.016671376094942,0
2022-07-19,615,0.0008954555630176,4,615,0.01652066955374565,0
2022-07-21,617,0.0020116227089852,9,617,0.016369963012549296,0
2022-07-22,618,0.0037988826815642,17,618,0.016219256471352944,0
2022-07-25,619,0.0058126536999776,26,619,0.016068549930156592,0
2022-07-26,620,0.0011173184357541,5,620,0.0159178433889602,0
2022-07-27,621,0.0015635470180924,7,621,0.01589527122871436,0
2022-07-28,622,0.0024548091943762,11,622,0.015872699068468523,0
2022-07-29,623,0.0104910714285714,47,623,0.015850126908222684,0
2022-08-01,624,0.0066949341664806,30,624,0.015827554747976844,0
2022-08-02,625,0.1275931296007138,572,625,0.015804982587731,1
2022-08-03,626,0.0249776984834968,112,626,0.01589527122871436,1
2022-08-04,627,0.0024531668153434,11,627,0.016369963012549296,0
2022-08-05,628,0.0008918617614269,4,628,0.016219256471352944,0
2022-08-08,629,0.0006688963210702,3,629,0.016068549930156592,0
2022-08-09,630,0.0013377926421404,6,630,0.0159178433889602,0
2022-08-10,631,0.0015607580824972,7,631,0.01589527122871436,0
2022-08-11,632,0.0006688963210702,3,632,0.015872699068468523,0
2022-08-12,633,0.0022291573785109,10,633,0.015850126908222684,0
2022-08-15,634,0.0013366005791935,6,634,0.015827554747976844,0
2022-08-16,635,0.0008906702293475,4,635,0.015804982587731,0
2022-08-17,636,0.0013354106387714,6,636,0.015795501221699943,0
2022-08-18,637,0.0024471635150166,11,637,0.01578601985566888,0
2022-08-19,638,0.0108961529908828,49,638,0.015776538489637823,0
2022-08-22,639,0.0042250389148321,19,639,0.01576705712360676,0
2022-08-23,640,0.0060040026684456,27,640,0.0157575757575757,0
2022-08-24,641,0.0718256615521458,323,641,0.015654324788956404,1
2022-08-25,642,0.0329035126722988,148,642,0.01578601985566888,1
2022-08-26,643,0.0202312138728323,91,643,0.015850126908222684,1
2022-08-29,644,0.0064372918978912,29,644,0.016068549930156592,0
2022-08-30,645,0.0068797159343098,31,645,0.0159178433889602,0
2022-08-31,646,0.0909090909090909,410,646,0.01589527122871436,1
2022-09-01,647,0.0314925704147261,142,647,0.016369963012549296,1
2022-09-02,648,0.0031035247173575,14,648,0.01668445118675824,0
2022-09-05,649,0.0044336067390822,20,649,0.016677913640850122,0
2022-09-06,650,0.0008867213478164,4,650,0.016671376094942,0
2022-09-07,651,0.0024384837064952,11,651,0.01652066955374565,0
2022-09-08,652,0.0068705673758865,31,652,0.016369963012549296,0
2022-09-09,653,0.0028799291094373,13,653,0.016219256471352944,0
2022-09-13,654,0.0008863283846665,4,654,0.016068549930156592,0
2022-09-14,655,0.0057611345003323,26,655,0.0159178433889602,0
2022-09-15,656,0.0434108527131782,196,656,0.01589527122871436,1
2022-09-16,657,0.1261620185922974,570,657,0.016369963012549296,1
2022-09-19,658,0.056858407079646,257,658,0.01668445118675824,1
2022-09-20,659,0.0026542800265428,12,659,0.016715820446780362,0
2022-09-21,660,0.007297655904467,33,660,0.0167040638244826,0
2022-09-22,661,0.0068523430592396,31,661,0.01669752627857448,0
2022-09-23,662,0.0223105809586922,101,662,0.01669098873266636,1
2022-09-26,663,0.0538750275999116,244,663,0.016727577069078122,1
2022-09-27,664,0.0011042402826855,5,664,0.016784855726504903,0
2022-09-28,665,0.0169977924944812,77,665,0.0167628469359714,1
2022-09-29,666,0.0183142100617828,83,666,0.0168508820981054,1
2022-09-30,667,0.0161076787290379,73,667,0.01687506045403576,0
2022-10-10,668,0.0290941150540004,132,668,0.01687433726557014,1
2022-10-11,669,0.0094776283888031,43,669,0.016900763963669845,0
2022-10-12,670,0.002644336712208,12,670,0.016876506830967,0
2022-10-13,671,0.001322168356104,6,671,0.01687578364250138,0
2022-10-14,672,0.0006607929515418,3,672,0.01687506045403576,0
2022-10-17,673,0.0006607929515418,3,673,0.01687433726557014,0
2022-10-18,674,0.0006607929515418,3,674,0.01687361407710452,0
2022-10-19,675,0.0022016732716864,10,675,0.0168728908886389,0
2022-10-20,676,0.0028621752531924,13,676,0.0168508820981054,0
2022-10-21,677,0.0013207131851199,6,677,0.016828873307571903,0
2022-10-24,678,0.0079207920792079,36,678,0.016806864517038403,0
2022-10-25,679,0.0063792344918609,29,679,0.016784855726504903,0
2022-10-26,680,0.0022002200220022,10,680,0.0167628469359714,0
2022-10-27,681,0.0043975373790677,20,681,0.01675109031367364,0
2022-10-28,682,0.0281318681318681,128,682,0.01673933369137588,1
2022-10-31,683,0.012304987914744,56,683,0.016806864517038403,0
2022-11-01,684,0.0017570832418185,8,684,0.016784855726504903,0
2022-11-02,685,0.0008785416209092,4,685,0.0167628469359714,0
2022-11-03,686,0.0002195871761089,1,686,0.01675109031367364,0
2022-11-07,688,0.0008766162612316,4,688,0.01673933369137588,0
2022-11-09,690,0.0008762322015334,4,690,0.016727577069078122,0
2022-11-10,691,0.0035010940919037,16,691,0.016715820446780362,0
2022-11-11,692,0.003061447627378,14,692,0.0167040638244826,0
2022-11-14,693,0.0069975945768642,32,693,0.01669752627857448,0
2022-11-16,695,0.0004370629370629,2,695,0.01669098873266636,0
2022-11-17,696,0.00174748798602,8,696,0.01668445118675824,0
2022-11-18,697,0.0004362050163576,2,697,0.016677913640850122,0
2022-11-21,698,0.0010895619960775,5,698,0.016671376094942,0
2022-11-22,699,0.0065359477124183,30,699,0.016558636621761186,0
2022-11-23,700,0.0130662020905923,60,700,0.01644589714858037,0
2022-11-24,701,0.0021767522855899,10,701,0.01633315767539956,0
2022-11-25,702,0.0354579073308679,163,702,0.016220418202218746,1
2022-11-28,703,0.0502173913043478,231,703,0.016671376094942,1
2022-11-29,704,0.0063002389745817,29,704,0.01669752627857448,0
2022-11-30,705,0.0028248587570621,13,705,0.01669098873266636,0
2022-12-01,706,0.0006510416666666,3,706,0.01668445118675824,0
2022-12-02,707,0.0017364879531148,8,707,0.016677913640850122,0
2022-12-05,708,0.0032559149120902,15,708,0.016671376094942,0
2022-12-06,709,0.0052083333333333,24,709,0.016558636621761217,0
2022-12-07,710,0.0041232638888888,19,710,0.01644589714858037,0
2022-12-08,711,0.0054265248534838,25,711,0.01633315767539953,0
2022-12-09,712,0.0125813449023861,58,712,0.016220418202218746,0
2022-12-12,713,0.021875676846437,101,713,0.0161076787290379,1
2022-12-13,714,0.0197012340333405,91,714,0.016558636621761217,1
2022-12-14,715,0.014721801255683,68,715,0.01669098873266636,0
2022-12-15,716,0.0041125541125541,19,716,0.01668445118675824,0
2022-12-16,717,0.0363557671499675,168,717,0.016677913640850122,1
2022-12-19,718,0.1563581314878892,723,718,0.0167040638244826,1
2022-12-20,719,0.0283304498269896,131,719,0.016751090313673642,1
2022-12-21,720,0.0328719723183391,152,720,0.016828873307571903,1
2022-12-22,721,0.0673575129533678,312,721,0.01687433726557014,1
2022-12-23,722,0.0274179620034542,127,722,0.016900763963669845,1
2022-12-26,723,0.0058264997842037,27,723,0.0169977924944812,0
2022-12-27,724,0.0043122035360068,20,724,0.01697353536177837,0
2022-12-28,725,0.0122924304507224,57,725,0.016949278229075524,0
2022-12-29,726,0.0118457893603273,55,726,0.016925021096372676,0
2022-12-30,727,0.0017222820236813,8,727,0.016900763963669845,0
2023-01-03,728,0.0021519259737465,10,728,0.016876506830967,0
2023-01-04,729,0.0015050526768436,7,729,0.01687578364250138,0
2023-01-05,730,0.0012894906511927,6,730,0.01687506045403576,0
2023-01-06,731,0.0051568543188654,24,731,0.01687433726557014,0
2023-01-09,732,0.0010748065348237,5,732,0.01687361407710452,0
2023-01-10,733,0.0017185821697099,8,733,0.0168728908886389,0
2023-01-11,734,0.0070861069357955,33,734,0.016850882098105407,0
2023-01-12,735,0.0070845856590811,33,735,0.016828873307571903,0
2023-01-13,736,0.0017171066752522,8,736,0.016806864517038396,0
2023-01-16,737,0.0012875536480686,6,737,0.016784855726504903,0
2023-01-17,738,0.000429276668813,2,738,0.0167628469359714,0
2023-01-18,739,0.0008581849388543,4,739,0.016751090313673642,0
2023-01-19,740,0.0015011794981771,7,740,0.01673933369137588,0
2023-01-20,741,0.0004288164665523,2,741,0.01672757706907812,0
2023-01-30,742,0.002144542140253,10,742,0.016715820446780362,0
2023-01-31,743,0.0030017152658662,14,743,0.0167040638244826,0
2023-02-01,744,0.0006429489927132,3,744,0.01669752627857448,0
2023-02-02,745,0.0004284490145672,2,745,0.01669098873266636,0
2023-02-03,746,0.0027849185946872,13,746,0.01668445118675824,0
2023-02-06,747,0.0044977511244377,21,747,0.016677913640850122,0
2023-02-07,748,0.0025679435052428,12,748,0.016671376094942,0
2023-02-08,749,0.0025684931506849,12,749,0.016558636621761217,0
2023-02-09,750,0.0006417112299465,3,750,0.01644589714858037,0
2023-02-10,751,0.0034217279726261,16,751,0.01633315767539953,0
2023-02-13,752,0.0002137665669089,1,752,0.016220418202218746,0
2023-02-14,753,0.0010688328345446,5,753,0.0161076787290379,0
2023-02-15,754,0.0040606967300705,19,754,0.016069711661022373,0
2023-02-16,755,0.0217762596071733,102,755,0.016031744593006825,1
2023-02-17,756,0.0251867662753468,118,756,0.01633315767539953,1
2023-02-20,757,0.0025591810620601,12,757,0.016677913640850122,0
2023-02-21,758,0.00127959053103,6,758,0.016671376094942,0
2023-02-22,759,0.0019185674696226,9,759,0.016558636621761217,0
2023-02-23,760,0.0049040511727078,23,760,0.01644589714858037,0
2023-02-24,761,0.0061846875666453,29,761,0.01633315767539953,0
2023-02-27,762,0.0405117270788912,190,762,0.016220418202218746,1
2023-02-28,763,0.002770673486786,13,763,0.016671376094942,0
2023-03-01,764,0.0025575447570332,12,764,0.016558636621761217,0
2023-03-02,765,0.014480408858603,68,765,0.01644589714858037,0
2023-03-03,766,0.0046838407494145,22,766,0.01633315767539953,0
2023-03-06,767,0.0074499787143465,35,767,0.016220418202218746,0
2023-03-07,768,0.1072568631623749,504,768,0.0161076787290379,1
2023-03-08,769,0.006809959565865,32,769,0.016558636621761217,0
2023-03-09,770,0.0125558629495637,59,770,0.01644589714858037,0
2023-03-10,771,0.081242024670353,382,771,0.01633315767539953,1
2023-03-13,772,0.0263549415515409,124,772,0.016677913640850122,1
2023-03-14,773,0.0858296154663267,404,773,0.0167040638244826,1
2023-03-15,774,0.005311238580837,25,774,0.016751090313673642,0
2023-03-16,775,0.0441988950276243,208,775,0.01673933369137588,1
2023-03-17,776,0.0112598257913745,53,776,0.016806864517038396,0
2023-03-20,777,0.0263381478334749,124,777,0.016784855726504903,1
2023-03-21,778,0.0023359524315141,11,778,0.0168728908886389,0
2023-03-22,779,0.0016992353440951,8,779,0.016850882098105407,0
2023-03-23,780,0.0048832271762208,23,780,0.016828873307571903,0
2023-03-24,781,0.0063667232597623,30,781,0.016806864517038396,0
2023-03-27,782,0.0106044538706256,50,782,0.016784855726504903,0
2023-03-28,783,0.0099639601441594,47,783,0.0167628469359714,0
2023-03-29,784,0.0175847457627118,83,784,0.016751090313673642,1
2023-03-30,785,0.010798221469405,51,785,0.016828873307571903,0
2023-03-31,786,0.0027524878255346,13,786,0.016806864517038396,0
2023-04-03,787,0.0035963613285381,17,787,0.016784855726504903,0
2023-04-04,788,0.012901861252115,61,788,0.0167628469359714,0
2023-04-06,789,0.0101544319864607,48,789,0.016751090313673642,0
2023-04-07,790,0.0021164021164021,10,790,0.01673933369137588,0
2023-04-10,791,0.0165079365079365,78,791,0.01672757706907812,0
2023-04-11,792,0.0084638171815488,40,792,0.016715820446780362,0
2023-04-12,793,0.0044435040203131,21,793,0.0167040638244826,0
2023-04-13,794,0.0065580706579225,31,794,0.01669752627857448,0
2023-04-14,795,0.0027501586629997,13,795,0.01669098873266636,0
2023-04-17,796,0.0078273746562301,37,796,0.01668445118675824,0
2023-04-18,797,0.0207231972932966,98,797,0.016677913640850122,1
2023-04-19,798,0.0181856629308521,86,798,0.0167040638244826,1
2023-04-20,799,0.0295920524202071,140,799,0.016751090313673642,1
2023-04-21,800,0.1097019657577679,519,800,0.016828873307571903,1
2023-04-24,801,0.0416490486257928,197,801,0.01687433726557014,1
2023-04-25,802,0.0598308668076109,283,802,0.016900763963669845,1
2023-04-26,803,0.016084656084656,76,803,0.0169977924944812,0
2023-04-27,804,0.009749894022891,46,804,0.01697353536177837,0
2023-04-28,805,0.0038249043773905,18,805,0.016949278229075524,0
2023-05-04,806,0.0074866310160427,35,806,0.016925021096372676,0
2023-05-05,807,0.007912745936698,37,807,0.016900763963669845,0
2023-05-08,808,0.0049187339606501,23,808,0.016876506830967,0
2023-05-09,809,0.0102607952116289,48,809,0.01687578364250138,0
2023-05-10,810,0.003630926954293,17,810,0.01687506045403576,0
2023-05-11,811,0.0029882604055496,14,811,0.01687433726557014,0
2023-05-12,812,0.0074690567648314,35,812,0.01687361407710452,0
2023-05-15,813,0.0019202048218476,9,813,0.0168728908886389,0
2023-05-16,814,0.0068230277185501,32,814,0.016850882098105407,0
2023-05-17,815,0.0019169329073482,9,815,0.016828873307571903,0
2023-05-18,816,0.0010645092612305,5,816,0.016806864517038396,0
2023-05-19,817,0.0010640561821664,5,817,0.016784855726504903,0
2023-05-22,818,0.0017021276595744,8,818,0.0167628469359714,0
2023-05-23,819,0.0048915355168013,23,819,0.016751090313673642,0
2023-05-24,820,0.0068056146320714,32,820,0.01673933369137588,0
2023-05-25,821,0.0059549128030625,28,821,0.01672757706907812,0
2023-05-26,822,0.0042535091450446,20,822,0.016715820446780362,0
2023-05-29,823,0.0076595744680851,36,823,0.0167040638244826,0
2023-05-30,824,0.0053146258503401,25,824,0.01669752627857448,0
2023-05-31,825,0.0108349267049075,51,825,0.01669098873266636,0
2023-06-01,826,0.0076433121019108,36,826,0.01668445118675824,0
2023-06-02,827,0.0010611205432937,5,827,0.016677913640850122,0
2023-06-05,828,0.0036070443454275,17,828,0.016671376094942,0
2023-06-06,829,0.0369113279592702,174,829,0.01663868817754091,1
2023-06-07,830,0.0186598812553011,88,830,0.01669098873266636,1
2023-06-08,831,0.0203476049173378,96,831,0.016727577069078126,1
2023-06-09,832,0.0082609616606651,39,832,0.016784855726504903,0
2023-06-12,833,0.0050804403048264,24,833,0.0167628469359714,0
2023-06-13,834,0.0057106598984771,27,834,0.016751090313673642,0
2023-06-14,835,0.0059196617336152,28,835,0.01673933369137588,0
2023-06-15,836,0.0046491969568892,22,836,0.016727577069078126,0
2023-06-16,837,0.0029579547855482,14,837,0.016715820446780362,0
2023-06-19,838,0.0126608989238235,60,838,0.0167040638244826,0
2023-06-20,839,0.0221518987341772,105,839,0.01669752627857448,1
2023-06-21,840,0.037122969837587,176,840,0.01673933369137588,1
2023-06-26,841,0.0862687196793925,409,841,0.01680686451703841,1
2023-06-27,842,0.0018979333614508,9,842,0.01687361407710452,0
2023-06-28,843,0.0149599662873999,71,843,0.0168728908886389,0
2023-06-29,844,0.0027374184038745,13,844,0.016850882098105407,0
2023-06-30,845,0.0010530749789385,5,845,0.016828873307571903,0
2023-07-03,846,0.0021065936380872,10,846,0.01680686451703841,0
2023-07-04,847,0.0029486099410278,14,847,0.016784855726504903,0
2023-07-05,848,0.0021048200378867,10,848,0.0167628469359714,0
2023-07-06,849,0.0040008422825858,19,849,0.016751090313673642,0
2023-07-07,850,0.0046306040833508,22,850,0.01673933369137588,0
2023-07-10,851,0.0037823072073965,18,851,0.016727577069078126,0
2023-07-11,852,0.0012610340479192,6,852,0.016715820446780362,0
2023-07-12,853,0.0096719932716568,46,853,0.0167040638244826,0
2023-07-13,854,0.0016827934371055,8,854,0.01669752627857448,0
2023-07-14,855,0.0048370136698212,23,855,0.01669098873266636,0
2023-07-17,856,0.0098781000420344,47,856,0.016684451186758244,0
2023-07-18,857,0.0048309178743961,23,857,0.016677913640850122,0
2023-07-19,858,0.0052498950020999,25,858,0.016671376094942,0
2023-07-20,859,0.0270837707327314,129,859,0.01663868817754091,1
2023-07-21,860,0.0287573467674223,137,860,0.01669098873266636,1
2023-07-24,861,0.0163693599160545,78,861,0.016727577069078126,0
2023-07-25,862,0.0029368575624082,14,862,0.016715820446780362,0
2023-07-26,863,0.0106985525487728,51,863,0.0167040638244826,0
2023-07-27,864,0.0144745122718691,69,864,0.01669752627857448,0
2023-07-28,865,0.0069211409395973,33,865,0.01669098873266636,0
2023-07-31,866,0.0079697986577181,38,866,0.016684451186758244,0
2023-08-01,867,0.0104843782763682,50,867,0.016677913640850122,0
2023-08-02,868,0.0075471698113207,36,868,0.016671376094942,0
2023-08-03,869,0.0102703835673862,49,869,0.01663868817754091,0
2023-08-04,870,0.0125707102451288,60,870,0.016606000260139805,0
2023-08-07,871,0.0286971093422706,137,871,0.016573312342738716,1
2023-08-08,872,0.012565445026178,60,872,0.016677913640850122,0
2023-08-09,873,0.0272251308900523,130,873,0.016671376094942,1
2023-08-10,874,0.00460443700293,22,874,0.01669752627857448,0
2023-08-11,875,0.0667503661853944,319,875,0.01669098873266636,1
2023-08-14,876,0.0190376569037656,91,876,0.016727577069078126,1
2023-08-15,877,0.0240434873510349,115,877,0.016784855726504903,1
2023-08-16,878,0.0524555903866248,251,878,0.0168728908886389,1
2023-08-17,879,0.002924587424274,14,879,0.01687578364250138,0
2023-08-18,880,0.0373773230319482,179,880,0.01687506045403576,1
2023-08-21,881,0.0390478179160576,187,881,0.01692502109637269,1
2023-08-22,882,0.0204592901878914,98,882,0.017014791157214385,1
2023-08-23,883,0.0534335211855562,256,883,0.0170827858081471,1
2023-08-24,884,0.031719532554257,152,884,0.01723728825827439,1
2023-08-25,885,0.0492487479131886,236,885,0.01728033584267838,1
2023-08-28,886,0.0104297037964121,50,886,0.017384358783564525,0
2023-08-29,887,0.0012513034410844,6,887,0.01733382130374551,0
2023-08-30,888,0.0045861997081509,22,888,0.0172832838239265,0
2023-08-31,889,0.0093769535319858,45,889,0.01728180983330244,0
2023-09-01,890,0.0031263026260942,15,890,0.01728033584267838,0
2023-09-04,891,0.000625,3,891,0.01727886185205432,0
2023-09-05,892,0.0043704474505723,21,892,0.01727738786143026,0
2023-09-06,893,0.002080732417811,10,893,0.0172759138708062,0
2023-09-07,894,0.0056179775280898,27,894,0.01723728825827439,0
2023-09-08,895,0.0066569586020386,32,895,0.017198662645742564,0
2023-09-11,896,0.0002080299563137,1,896,0.017160037033210757,0
2023-09-12,897,0.0008317737575379,4,897,0.01712141142067893,0
2023-09-13,898,0.0016628559551028,8,898,0.0170827858081471,0
2023-09-14,899,0.0056098067733222,27,899,0.017065787145413926,0
2023-09-15,900,0.00269989615784,13,900,0.01704878848268074,0
2023-09-18,901,0.0018691588785046,9,901,0.017031789819947567,0
2023-09-19,902,0.0056028221622743,27,902,0.017014791157214385,0
2023-09-20,903,0.0068436333471588,33,903,0.0169977924944812,0
2023-09-21,904,0.0105721393034825,51,904,0.01697353536177837,0
2023-09-22,905,0.0012430080795525,6,905,0.016949278229075524,0
2023-09-25,906,0.0051781275890637,25,906,0.01692502109637269,0
2023-09-26,907,0.0132532615448332,64,907,0.016900763963669845,0
2023-09-27,908,0.0060053841375025,29,908,0.016876506830967,0
2023-09-28,909,0.0031068765534382,15,909,0.01687578364250138,0
2023-10-09,910,0.0281631807827707,136,910,0.01687506045403576,1
2023-10-10,911,0.023592715231788,114,911,0.01692502109637269,1
2023-10-11,912,0.015527950310559,75,912,0.017014791157214385,0
2023-10-12,913,0.0045510964004964,22,913,0.0169977924944812,0
2023-10-13,914,0.0301964839710444,146,914,0.01697353536177837,1
2023-10-16,915,0.0169526566053338,82,915,0.01704878848268074,0
2023-10-17,916,0.005992973754908,29,916,0.017031789819947567,0
2023-10-18,917,0.0688016528925619,333,917,0.017014791157214385,1
2023-10-19,918,0.0418988648090815,203,918,0.0170827858081471,1
2023-10-20,919,0.0406353135313531,197,919,0.01723728825827439,1
2023-10-23,920,0.0994019385440296,482,920,0.01728033584267838,1
2023-10-24,921,0.0032989690721649,16,921,0.017384358783564525,0
2023-10-25,922,0.003296929734185,16,922,0.01733382130374551,0
2023-10-26,923,0.0016474464579901,8,923,0.0172832838239265,0
2023-10-27,924,0.0028824377187564,14,924,0.01728180983330244,0
2023-10-30,925,0.0035008237232289,17,925,0.01728033584267838,0
2023-10-31,926,0.001029442042413,5,926,0.01727886185205432,0
2023-11-01,927,0.0010288065843621,5,927,0.01727738786143026,0
2023-11-02,928,0.0022633744855967,11,928,0.0172759138708062,0
2023-11-03,929,0.0004112687641373,2,929,0.01723728825827439,0
2023-11-06,930,0.0004115226337448,2,930,0.017198662645742564,0
2023-11-08,932,0.0010275380189066,5,932,0.017160037033210757,0
2023-11-10,934,0.0002054231717337,1,934,0.01712141142067893,0
2023-11-13,935,0.0006160164271047,3,935,0.0170827858081471,0
2023-11-16,938,0.000615763546798,3,938,0.017065787145413926,0
2023-11-17,939,0.0008206811653672,4,939,0.01704878848268074,0
2023-11-20,940,0.0002050020500205,1,940,0.017031789819947567,0
2023-11-21,941,0.0008196721311475,4,941,0.017014791157214385,0
2023-11-22,942,0.0096291743495185,47,942,0.0169977924944812,0
2023-11-23,943,0.0004095004095004,2,943,0.01698876531665172,0
2023-11-24,944,0.0118730808597748,58,944,0.01697973813882224,0
2023-11-27,945,0.0092099877200163,45,945,0.016970710960992764,0
2023-11-28,946,0.0022513303315595,11,946,0.016961683783163282,0
2023-11-29,947,0.0120728463269899,59,947,0.0169526566053338,0
2023-11-30,948,0.0184162062615101,90,948,0.016937426650460444,1
2023-12-01,949,0.0081849805606711,40,949,0.01697973813882224,0
2023-12-04,950,0.0143237159811745,70,950,0.016970710960992764,0
2023-12-05,951,0.0918764067935338,449,951,0.016961683783163282,1
2023-12-06,952,0.0075695581014729,37,952,0.0169977924944812,0
2023-12-07,953,0.0235221926774391,115,953,0.01698876531665172,1
2023-12-08,954,0.1100204498977505,538,954,0.01704878848268074,1
2023-12-11,955,0.0051114291555919,25,955,0.017160037033210757,0
2023-12-12,956,0.0030662305805396,15,956,0.01712141142067893,0
2023-12-13,957,0.0083793173921929,41,957,0.0170827858081471,0
2023-12-14,958,0.0051093398732883,25,958,0.017065787145413926,0
2023-12-15,959,0.0134859011033919,66,959,0.01704878848268074,0
2023-12-18,960,0.0425097077457592,208,960,0.017031789819947567,1
2023-12-19,961,0.0112428454619787,55,961,0.01712141142067893,0
2023-12-20,962,0.0421095666394112,206,962,0.0170827858081471,1
2023-12-21,963,0.0053137134682199,26,963,0.01723728825827439,0
2023-12-22,964,0.0404577033101757,198,964,0.017198662645742564,1
2023-12-25,965,0.0326797385620915,160,965,0.01727886185205432,1
2023-12-26,966,0.0494079216006533,242,966,0.01733382130374551,1
2023-12-27,967,0.0026541445487954,13,967,0.0175359712230215,0
2023-12-28,968,0.0024499795835034,12,968,0.01748543374320252,0
2023-12-29,969,0.0016329863237395,8,969,0.017434896263383508,0
2024-01-02,970,0.0006124948958758,3,970,0.017384358783564525,0
2024-01-03,971,0.0053072055521535,26,971,0.01733382130374551,0
2024-01-04,972,0.0048979591836734,24,972,0.0172832838239265,0
2024-01-05,973,0.0124464395021424,61,973,0.01728180983330244,0
2024-01-08,974,0.0391756784329728,192,974,0.01728033584267838,1
2024-01-09,975,0.0034679722562219,17,975,0.017384358783564525,0
2024-01-10,976,0.0154943934760448,76,976,0.01733382130374551,0
2024-01-11,977,0.0016313213703099,8,977,0.0172832838239265,0
2024-01-12,978,0.0026514378951662,13,978,0.01728180983330244,0
2024-01-15,979,0.0032633081786661,16,979,0.01728033584267838,0
2024-01-16,980,0.0046890927624872,23,980,0.01727886185205432,0
2024-01-17,981,0.0619649408887077,304,981,0.01727738786143026,1
2024-01-18,982,0.0552272264112492,271,982,0.0172832838239265,1
2024-01-19,983,0.0348481760749949,171,983,0.01748543374320252,1
2024-01-22,984,0.1548807825555329,760,984,0.01756523594683568,1
2024-01-23,985,0.0097799511002444,48,985,0.017604484489221483,0
2024-01-24,986,0.0030556121409655,15,986,0.01759461512596664,0
2024-01-25,987,0.0004072490327835,2,987,0.0175847457627118,0
2024-01-26,988,0.0016293279022403,8,988,0.017574990854773744,0
2024-01-29,989,0.0150682142129912,74,989,0.01756523594683568,0
2024-01-30,990,0.0158859470468431,78,990,0.017555481038897626,0
2024-01-31,991,0.0246385664834046,121,991,0.017545726130959564,1
2024-02-01,992,0.0097739767868051,48,992,0.0175847457627118,0
2024-02-02,993,0.0122174709835064,60,993,0.017574990854773744,0
2024-02-05,994,0.0166972103441254,82,994,0.01756523594683568,0
2024-02-06,995,0.0063085063085063,31,995,0.017555481038897626,0
2024-02-07,996,0.0024420024420024,12,996,0.017545726130959564,0
2024-02-08,997,0.0014245014245014,7,997,0.0175359712230215,0
2024-03-05,1009,0.0002034174125305,1,1009,0.01748543374320252,0
2024-03-12,1014,0.0014227642276422,7,1014,0.017434896263383508,0
2024-03-13,1015,0.0022357723577235,11,1015,0.017384358783564525,0
2024-03-14,1016,0.0012192643771591,6,1016,0.01733382130374551,0
2024-03-15,1017,0.000812842918106,4,1017,0.0172832838239265,0
2024-03-18,1018,0.0008130081300813,4,1018,0.01728180983330244,0
2024-03-19,1019,0.0006093845216331,3,1019,0.01728033584267838,0
2024-03-20,1020,0.0010156408693885,5,1020,0.01727886185205432,0
2024-03-21,1021,0.0016250253910217,8,1021,0.01727738786143026,0
2024-03-22,1022,0.0134037367993501,66,1022,0.0172759138708062,0
2024-03-25,1023,0.029238578680203,144,1023,0.01723728825827439,1
2024-03-26,1024,0.0099451999188146,49,1024,0.01728033584267838,0
2024-03-27,1025,0.0981943599107324,484,1025,0.01727886185205432,1
2024-03-28,1026,0.0022312373225152,11,1026,0.01733382130374551,0
2024-03-29,1027,0.0016230472712517,8,1027,0.0172832838239265,0
2024-04-02,1029,0.0010139931048468,5,1029,0.01728180983330244,0
2024-04-03,1030,0.0050709939148073,25,1030,0.01728033584267838,0
2024-04-08,1031,0.0267694179679578,132,1031,0.01727886185205432,1
2024-04-09,1032,0.001419302514193,7,1032,0.01733382130374551,0
2024-04-10,1033,0.0306163828061638,151,1033,0.0172832838239265,1
2024-04-11,1034,0.0062854825628548,31,1034,0.01748543374320252,0
2024-04-12,1035,0.0148012976480129,73,1035,0.017434896263383508,0
2024-04-15,1036,0.1508515815085158,744,1036,0.017384358783564525,1
2024-04-16,1037,0.1434941224158897,708,1037,0.017545726130959564,1
2024-04-17,1038,0.0127711331846746,63,1038,0.0175847457627118,0
2024-04-18,1039,0.0012165450121654,6,1039,0.017574990854773744,0
2024-04-19,1040,0.0024335834516325,12,1040,0.01756523594683568,0
2024-04-22,1041,0.0030419793145406,15,1041,0.017555481038897626,0
2024-04-23,1042,0.0062893081761006,31,1042,0.017545726130959564,0
2024-04-24,1043,0.0012170385395537,6,1043,0.0175359712230215,0
2024-04-25,1044,0.0018262987012987,9,1044,0.01748543374320252,0
2024-04-26,1045,0.0028466856445709,14,1045,0.017434896263383508,0
2024-04-29,1046,0.0028524857375713,14,1046,0.017384358783564525,0
2024-04-30,1047,0.0020529665366454,10,1047,0.01733382130374551,0
2024-05-06,1048,0.0004109307581672,2,1048,0.0172832838239265,0
2024-05-07,1049,0.0006163961372508,3,1049,0.01728180983330244,0
2024-05-08,1050,0.000821692686935,4,1050,0.01728033584267838,0
2024-05-09,1051,0.0002054231717337,1,1051,0.01727886185205432,0
2024-05-10,1052,0.0004108463434675,2,1052,0.01727738786143026,0
2024-05-13,1053,0.0018491884117526,9,1053,0.0172759138708062,0
2024-05-14,1054,0.0004108463434675,2,1054,0.01723728825827439,0
2024-05-15,1055,0.0008215239268843,4,1055,0.017198662645742564,0
2024-05-16,1056,0.0014373716632443,7,1056,0.017160037033210757,0
2024-05-17,1057,0.001231527093596,6,1057,0.01712141142067893,0
2024-05-20,1058,0.0012322858903265,6,1058,0.0170827858081471,0
2024-05-21,1059,0.0018480492813141,9,1059,0.017065787145413926,0
2024-05-22,1060,0.0014370765756518,7,1060,0.01704878848268074,0
2024-05-23,1061,0.0176555122151508,86,1061,0.017031789819947567,1
2024-05-24,1062,0.0197084787517963,96,1062,0.01712141142067893,1
2024-05-27,1063,0.0036960985626283,18,1063,0.0172759138708062,0
2024-05-28,1064,0.0227926078028747,111,1064,0.01723728825827439,1
2024-05-29,1065,0.0051313628899835,25,1065,0.01728033584267838,0
2024-05-30,1066,0.0123127436897188,60,1066,0.01727886185205432,0
2024-05-31,1067,0.0061551087402544,30,1067,0.01727738786143026,0
2024-06-03,1068,0.0558063192449733,272,1068,0.0172759138708062,1
2024-06-04,1069,0.0320065654493229,156,1069,0.01728180983330244,1
2024-06-05,1070,0.0561590489854478,274,1070,0.017434896263383508,1
2024-06-06,1071,0.1194427371440278,583,1071,0.017555481038897626,1
2024-06-07,1072,0.0081950419995902,40,1072,0.01759461512596664,0
2024-06-11,1073,0.0063446582071223,31,1073,0.0175847457627118,0
2024-06-12,1074,0.0016363264471262,8,1074,0.017574990854773744,0
2024-06-13,1075,0.0106252554147936,52,1075,0.01756523594683568,0
2024-06-14,1076,0.0040849673202614,20,1076,0.017555481038897626,0
2024-06-17,1077,0.005923202614379,29,1077,0.017545726130959564,0
2024-06-18,1078,0.0022462732285072,11,1078,0.0175359712230215,0
2024-06-19,1079,0.009189299571166,45,1079,0.01748543374320252,0
2024-06-20,1080,0.0226623111474071,111,1080,0.017434896263383508,1
2024-06-21,1081,0.0034700959379465,17,1081,0.017555481038897626,0
2024-06-24,1082,0.051234945907328,251,1082,0.017545726130959564,1
2024-06-25,1083,0.0185752194325372,91,1083,0.0175847457627118,1
2024-06-26,1084,0.0010197838058331,5,1084,0.017624223215731163,0
2024-06-27,1085,0.0095918367346938,47,1085,0.01761435385247632,0
2024-06-28,1086,0.003060599877576,15,1086,0.017604484489221483,0
2024-07-01,1087,0.0030599755201958,15,1087,0.01759461512596664,0
2024-07-02,1088,0.0065266163573322,32,1088,0.0175847457627118,0
2024-07-03,1089,0.0065266163573322,32,1089,0.017574990854773744,0
2024-07-04,1090,0.0175367047308319,86,1090,0.01756523594683568,0
2024-07-05,1091,0.0020391517128874,10,1091,0.017555921143583862,0
2024-07-08,1092,0.0236589842953293,116,1092,0.017546312937207882,1
2024-07-09,1093,0.0010197838058331,5,1093,0.0175847457627118,0
2024-07-10,1094,0.0091743119266055,45,1094,0.017575137556335822,0
2024-07-11,1095,0.0022426095820591,11,1095,0.01756552934995984,0
2024-07-12,1096,0.0020383204239706,10,1096,0.017555921143583862,0
2024-07-15,1097,0.0018341145302628,9,1097,0.017546312937207882,0
2024-07-16,1098,0.0032606480538006,16,1098,0.0175367047308319,0
2024-07-17,1099,0.0081532816958825,40,1099,0.01753655802926982,0
2024-07-18,1100,0.0046900489396411,23,1100,0.01753641132770774,0
2024-07-19,1101,0.0012239902080783,6,1101,0.01753626462614566,0
2024-07-22,1102,0.0036727198530912,18,1102,0.01753611792458358,0
2024-07-23,1103,0.0155070393797184,76,1103,0.0175359712230215,0
2024-07-24,1104,0.0201999591920016,99,1104,0.01748543374320252,1
2024-07-25,1105,0.0055102040816326,27,1105,0.01753641132770774,0
2024-07-26,1106,0.0012239902080783,6,1106,0.01753626462614566,0
2024-07-29,1107,0.002040399918384,10,1107,0.01753611792458358,0
2024-07-30,1108,0.0028559771521827,14,1108,0.0175359712230215,0
2024-07-31,1109,0.0012242399510304,6,1109,0.01748543374320252,0
2024-08-01,1110,0.000204081632653,1,1110,0.017434896263383508,0
2024-08-02,1111,0.0016319869441044,8,1111,0.017384358783564525,0
2024-08-05,1112,0.0236638106895144,116,1112,0.01733382130374551,1
2024-08-06,1113,0.0026519787841697,13,1113,0.0175359712230215,0
2024-08-07,1114,0.0008159934720522,4,1114,0.01748543374320252,0
2024-08-08,1115,0.0018356108504996,9,1115,0.017434896263383508,0
2024-08-09,1116,0.0022435243728329,11,1116,0.017384358783564525,0
2024-08-12,1117,0.007750356924332,38,1117,0.01733382130374551,0
2024-08-13,1118,0.0014276973281664,7,1118,0.0172832838239265,0
2024-08-14,1119,0.0042830919844992,21,1119,0.01728180983330244,0
2024-08-15,1120,0.0010195758564437,5,1120,0.01728033584267838,0
2024-08-16,1121,0.0075448613376835,37,1121,0.01727886185205432,0
2024-08-19,1122,0.006321370309951,31,1122,0.01727738786143026,0
2024-08-20,1123,0.0348623853211009,171,1123,0.0172759138708062,1
2024-08-21,1124,0.019164118246687,94,1124,0.01728180983330244,1
2024-08-22,1125,0.0893148450244698,438,1125,0.017434896263383508,1
2024-08-23,1126,0.0483278955954323,237,1126,0.01753626462614566,1
2024-08-26,1127,0.0061174551386623,30,1127,0.017546312937207882,0
2024-08-27,1128,0.0203956761166632,100,1128,0.0175367047308319,1
2024-08-28,1129,0.0081599347205222,40,1129,0.017575137556335822,0
2024-08-29,1130,0.0069345298796655,34,1130,0.01756552934995984,0
2024-08-30,1131,0.0024474811339995,12,1131,0.017555921143583862,0
2024-09-02,1132,0.0071399428804569,35,1132,0.017546312937207882,0
2024-09-03,1133,0.0020408163265306,10,1133,0.0175367047308319,0
2024-09-04,1134,0.004080799836768,20,1134,0.01753655802926982,0
2024-09-05,1135,0.0012242399510304,6,1135,0.01753641132770774,0
2024-09-06,1136,0.0089777596408896,44,1136,0.01753626462614566,0
2024-09-09,1137,0.0100020412329046,49,1137,0.01753611792458358,0
2024-09-10,1138,0.0024489795918367,12,1138,0.0175359712230215,0
2024-09-11,1139,0.0065279477764177,32,1139,0.01748543374320252,0
2024-09-12,1140,0.0057107893126657,28,1140,0.017434896263383508,0
2024-09-13,1141,0.0336528655924943,165,1141,0.017384358783564525,1
2024-09-18,1142,0.0436734693877551,214,1142,0.01753611792458358,1
2024-09-19,1143,0.0022439820481436,11,1143,0.0175367047308319,0
2024-09-20,1144,0.0034672649398327,17,1144,0.01753655802926982,0
2024-09-23,1145,0.0046900489396411,23,1145,0.01753641132770774,0
2024-09-24,1146,0.000407747196738,2,1146,0.01753626462614566,0
2024-09-25,1147,0.0002037905033625,1,1147,0.01753611792458358,0
2024-10-09,1152,0.0004079967360261,2,1152,0.0175359712230215,0
2024-10-11,1154,0.0002039151712887,1,1154,0.01748543374320252,0
2024-10-23,1162,0.000203832042397,1,1162,0.017434896263383508,0
2024-10-29,1166,0.0004079135223332,2,1166,0.017384358783564525,0
2024-10-30,1167,0.0014282799428688,7,1167,0.01733382130374551,0
2024-10-31,1168,0.0030599755201958,15,1168,0.0172832838239265,0
2024-11-01,1169,0.0069373597225056,34,1169,0.01728180983330244,0
2024-11-04,1170,0.000203998368013,1,1170,0.01728033584267838,0
2024-11-05,1171,0.000407747196738,2,1171,0.01727886185205432,0
2024-11-06,1172,0.0004076640847941,2,1172,0.01727738786143026,0
2024-11-07,1173,0.000203873598369,1,1173,0.0172759138708062,0
2024-11-08,1174,0.0004076640847941,2,1174,0.01723728825827439,0
2024-11-11,1175,0.0018348623853211,9,1175,0.017198662645742564,0
2024-11-12,1176,0.0010195758564437,5,1176,0.017160037033210757,0
2024-11-13,1177,0.0002039567611666,1,1177,0.01712141142067893,0
2024-11-14,1178,0.0032626427406199,16,1178,0.0170827858081471,0
2024-11-15,1179,0.0193600978194416,95,1179,0.017065787145413926,1
2024-11-18,1180,0.0540265035677879,265,1180,0.017198662645742564,1
2024-11-19,1181,0.0006112469437652,3,1181,0.01727886185205432,0
2024-11-21,1183,0.0004074149521287,2,1183,0.01727738786143026,0
2024-11-22,1184,0.0378741600488698,186,1184,0.0172759138708062,1
2024-11-25,1185,0.0048879837067209,24,1185,0.01728180983330244,0
2024-11-26,1186,0.0020362451639177,10,1186,0.01728033584267838,0
2024-11-27,1187,0.0002036245163917,1,1187,0.01727886185205432,0
2024-11-28,1188,0.0004074149521287,2,1188,0.01727738786143026,0
2024-11-29,1189,0.0006105006105006,3,1189,0.0172759138708062,0
2024-12-04,1192,0.000814498065567,4,1192,0.01723728825827439,0
2024-12-05,1193,0.0004069175991861,2,1193,0.017198662645742564,0
2024-12-09,1195,0.0002035830618892,1,1195,0.017160037033210757,0
2024-12-10,1196,0.0006106248727864,3,1196,0.01712141142067893,0
2024-12-11,1197,0.0002035416242621,1,1197,0.0170827858081471,0
2024-12-12,1198,0.0004071661237785,2,1198,0.017065787145413926,0
2024-12-13,1199,0.0046814573580297,23,1199,0.01704878848268074,0
2024-12-16,1200,0.0154597233523189,76,1200,0.017031789819947567,0
2024-12-17,1201,0.0708180708180708,348,1201,0.017014791157214385,1
2024-12-18,1202,0.0071225071225071,35,1202,0.0170827858081471,0
2024-12-19,1203,0.0085470085470085,42,1203,0.017065787145413926,0
2024-12-20,1204,0.0058991049633848,29,1204,0.01704878848268074,0
2024-12-23,1205,0.1544566544566544,759,1205,0.017031789819947567,1
2024-12-24,1206,0.020150620801954,99,1206,0.01712141142067893,1
2024-12-25,1207,0.0633014451455322,311,1207,0.0172759138708062,1
2024-12-26,1208,0.0069175991861648,34,1208,0.01728180983330244,0
2024-12-27,1209,0.001017501017501,5,1209,0.01728033584267838,0
2024-12-30,1210,0.0042761148442272,21,1210,0.01727886185205432,0
